evento_id,activo_id,orden_id,tipo_mantenimiento,tipo_falla_id,fecha_hora_inicio,fecha_hora_fin,genero_paro_planta,descripcion
1,2,,correctivo,10.0,2024-04-09 09:03:05.300383,2024-04-10 02:52:34.853051,False,PARADA IMPREVISTA
2,2,,correctivo,12.0,2024-07-12 13:56:37.481892,2024-07-13 00:56:41.368120,False,detectado ruido anormal
3,2,,correctivo,5.0,2024-12-28 04:43:18.524417,2024-12-28 15:01:13.238261,True,reparación de urgencia
4,2,,correctivo,1.0,2025-03-30 08:08:50.877964,2025-03-31 07:09:18.830599,False,pérdida reportada por turno noche
5,2,,correctivo,1.0,2025-04-17 21:08:41.514886,2025-04-18 05:15:48.092750,False,"falla detectada por operador, se interviene"
6,3,,correctivo,9.0,2024-04-22 06:03:30.495503,2024-04-22 23:01:42.689116,False,falla en arranque
7,3,,correctivo,,2025-09-27 23:37:46.727753,2025-09-29 22:51:13.610357,True,intervención según diagnóstico previo
8,3,,correctivo,10.0,2025-11-05 13:16:10.409151,2025-11-05 21:32:11.706722,True,reparación de urgencia
9,4,,correctivo,5.0,2024-01-23 07:06:17.239355,2024-01-23 17:16:20.448212,False,"falla detectada por operador, se interviene"
10,4,,correctivo,10.0,2024-04-22 22:35:48.957222,2024-04-23 03:15:04.859948,False,para por alarma
11,5,,correctivo,1.0,2024-03-04 08:08:37.433392,2024-03-04 14:58:59.109006,False,"falla detectada por operador, se interviene"
12,5,,correctivo,5.0,2025-04-20 21:18:42.234792,2025-04-21 06:51:45.639840,False,intervención según diagnóstico previo
13,5,,correctivo,13.0,2025-10-29 12:52:39.476373,2025-10-29 18:39:28.174527,False,"falla detectada por operador, se interviene"
14,6,,correctivo,10.0,2024-02-08 11:15:00.803262,2024-02-08 21:58:36.539407,True,falla en arranque
15,6,,correctivo,9.0,2024-02-23 08:13:03.677676,2024-02-24 23:10:25.671307,False,s/observaciones
16,6,,correctivo,,2024-04-08 22:10:14.878510,2024-04-09 21:26:32.431613,False,para por alarma
17,6,,correctivo,5.0,2024-11-14 06:44:29.447747,2024-11-14 13:28:20.243823,True,s/observaciones
18,6,,correctivo,1.0,2025-01-25 09:25:48.926632,2025-01-27 05:59:30.354737,True,detectado ruido anormal
19,6,,correctivo,5.0,2025-04-05 15:50:19.792418,2025-04-06 22:13:31.536922,True,detectado ruido anormal
20,6,,correctivo,8.0,2025-07-12 16:16:27.326860,2025-07-14 09:29:54.924571,False,para por alarma
21,6,,correctivo,5.0,2025-09-06 17:59:27.048675,2025-09-08 17:37:49.390968,True,PARADA IMPREVISTA
22,6,,correctivo,5.0,2025-10-28 08:47:31.386211,2025-10-29 21:17:11.483101,False,intervención según diagnóstico previo
23,6,,correctivo,5.0,2025-11-02 12:12:51.910711,2025-11-04 08:07:34.384893,True,pérdida reportada por turno noche
24,7,,correctivo,13.0,2024-03-13 05:55:13.184592,2024-03-14 15:18:20.491354,True,PARADA IMPREVISTA
25,7,,correctivo,10.0,2024-06-18 06:48:16.194234,2024-06-19 16:29:34.463334,True,falla en arranque
26,7,,correctivo,1.0,2025-01-20 22:52:12.501277,2025-01-22 05:42:46.081766,True,pérdida reportada por turno noche
27,7,,correctivo,,2025-01-28 23:25:37.492956,2025-01-29 21:00:46.192766,True,pérdida reportada por turno noche
28,7,,correctivo,7.0,2025-03-22 14:38:43.651199,2025-03-23 14:10:44.204404,True,s/observaciones
29,7,,correctivo,9.0,2025-04-18 13:04:08.981936,2025-04-19 14:37:17.144101,True,PARADA IMPREVISTA
30,7,,correctivo,7.0,2025-08-18 22:10:22.756757,2025-08-20 15:16:45.101862,False,intervención según diagnóstico previo
31,10,,correctivo,2.0,2025-08-10 04:01:29.238500,2025-08-10 08:21:18.352496,False,reparación de urgencia
32,11,,correctivo,3.0,2024-02-21 23:32:22.946974,2024-02-22 03:04:18.485392,False,para por alarma
33,11,,correctivo,13.0,2024-07-11 21:14:10.958741,2024-07-12 13:49:56.456714,True,para por alarma
34,11,,correctivo,11.0,2025-07-16 13:15:08.777828,2025-07-17 02:16:09.456835,False,PARADA IMPREVISTA
35,12,,correctivo,2.0,2024-03-07 19:42:34.339962,2024-03-08 18:02:34.234052,False,para por alarma
36,12,,correctivo,10.0,2024-08-07 21:25:57.880088,2024-08-08 07:45:53.017547,True,falla en arranque
37,12,,correctivo,,2024-11-11 12:48:43.777147,2024-11-11 19:46:58.704409,True,s/observaciones
38,12,,correctivo,9.0,2024-12-21 00:50:10.033464,2024-12-22 09:32:07.638328,True,pérdida reportada por turno noche
39,12,,correctivo,1.0,2025-02-13 20:39:33.204121,2025-02-15 12:52:36.142337,True,PARADA IMPREVISTA
40,12,,correctivo,12.0,2025-05-24 17:42:25.708848,2025-05-25 09:02:06.099205,False,PARADA IMPREVISTA
41,12,,correctivo,3.0,2025-08-19 11:09:08.320711,2025-08-20 07:20:24.368202,False,intervención según diagnóstico previo
42,13,,correctivo,6.0,2024-01-27 21:00:07.274798,2024-01-29 19:55:41.625097,True,para por alarma
43,13,,correctivo,6.0,2024-07-24 15:44:44.783154,2024-07-25 08:27:55.622485,True,PARADA IMPREVISTA
44,13,,correctivo,8.0,2024-12-31 17:03:10.031479,2024-12-31 22:13:19.949455,True,s/observaciones
45,13,,correctivo,6.0,2025-03-31 06:14:39.954222,2025-04-01 04:39:55.078453,True,para por alarma
46,13,,correctivo,3.0,2025-10-26 06:29:48.200193,2025-10-27 09:27:40.085963,False,PARADA IMPREVISTA
47,14,,correctivo,6.0,2024-07-26 21:21:58.806302,2024-07-27 09:42:19.316773,True,PARADA IMPREVISTA
48,14,,correctivo,11.0,2025-12-09 14:03:30.642493,2025-12-09 20:21:33.174052,True,para por alarma
49,15,,correctivo,1.0,2024-04-12 08:39:29.550515,2024-04-12 11:52:26.966947,False,PARADA IMPREVISTA
50,15,,correctivo,13.0,2025-02-12 21:19:14.775145,2025-02-13 19:46:24.371522,True,para por alarma
51,17,,correctivo,1.0,2024-01-22 13:50:40.786814,2024-01-24 05:19:01.435740,True,falla en arranque
52,17,,correctivo,5.0,2024-06-29 23:18:04.440546,2024-06-30 20:03:12.446563,True,falla en arranque
53,17,,correctivo,13.0,2024-12-10 07:42:21.798122,2024-12-10 20:12:25.996397,True,detectado ruido anormal
54,17,,correctivo,9.0,2025-04-24 09:48:29.034204,2025-04-25 08:47:41.644388,False,PARADA IMPREVISTA
55,17,,correctivo,5.0,2025-07-30 09:23:44.907031,2025-07-31 03:53:00.080631,True,reparación de urgencia
56,18,,correctivo,3.0,2025-05-19 17:21:17.032505,2025-05-20 03:54:53.492058,False,detectado ruido anormal
57,18,,correctivo,10.0,2025-10-24 06:10:41.292107,2025-10-25 02:22:03.050755,False,intervención según diagnóstico previo
58,19,,correctivo,6.0,2025-03-04 00:38:12.402575,2025-03-04 09:48:53.417039,False,"falla detectada por operador, se interviene"
59,20,,correctivo,13.0,2024-07-06 13:33:42.731478,2024-07-06 17:32:08.266291,False,para por alarma
60,21,,correctivo,8.0,2024-04-04 21:04:31.937490,2024-04-05 07:18:49.481257,False,falla en arranque
61,24,,correctivo,8.0,2024-04-18 09:02:29.818280,2024-04-19 16:15:54.239142,True,intervención según diagnóstico previo
62,24,,correctivo,4.0,2024-05-25 03:21:03.483721,2024-05-25 15:38:37.813318,False,para por alarma
63,24,,correctivo,5.0,2024-09-02 09:43:11.486913,2024-09-04 01:18:52.271950,False,intervención según diagnóstico previo
64,24,,correctivo,,2024-10-19 15:13:17.855095,2024-10-20 14:05:55.592718,True,s/observaciones
65,24,,correctivo,8.0,2024-10-23 23:50:42.114922,2024-10-25 22:01:41.387036,True,falla en arranque
66,24,,correctivo,7.0,2024-11-25 01:04:57.914029,2024-11-26 22:15:40.371788,True,intervención según diagnóstico previo
67,24,,correctivo,4.0,2025-04-03 20:01:58.742198,2025-04-04 06:53:10.757280,True,pérdida reportada por turno noche
68,24,,correctivo,5.0,2025-09-04 10:40:49.387139,2025-09-04 17:27:27.146978,True,PARADA IMPREVISTA
69,24,,correctivo,8.0,2025-10-06 06:51:54.486879,2025-10-08 05:17:51.200950,False,falla en arranque
70,25,,correctivo,5.0,2024-08-27 23:19:23.849931,2024-08-29 10:20:10.240301,True,s/observaciones
71,25,,correctivo,,2025-04-09 08:40:42.156155,2025-04-10 05:54:16.839878,False,pérdida reportada por turno noche
72,25,,correctivo,8.0,2025-07-09 22:20:11.139810,2025-07-11 05:16:26.947571,True,falla en arranque
73,27,,correctivo,1.0,2024-01-14 20:44:21.422042,2024-01-16 18:29:18.170192,True,PARADA IMPREVISTA
74,27,,correctivo,10.0,2024-02-20 22:41:47.931518,2024-02-21 19:20:32.207382,True,PARADA IMPREVISTA
75,27,,correctivo,9.0,2024-03-31 07:41:51.427878,2024-04-01 16:26:17.022466,True,pérdida reportada por turno noche
76,27,,correctivo,1.0,2024-06-15 04:03:10.630795,2024-06-17 01:15:59.109986,True,pérdida reportada por turno noche
77,27,,correctivo,5.0,2024-09-27 12:28:09.085277,2024-09-28 14:49:46.842978,True,falla en arranque
78,27,,correctivo,12.0,2024-11-08 10:07:20.587819,2024-11-08 17:03:45.787364,False,falla en arranque
79,27,,correctivo,5.0,2025-02-16 01:13:12.011112,2025-02-18 00:24:03.727950,True,pérdida reportada por turno noche
80,27,,correctivo,10.0,2025-04-28 19:43:59.250383,2025-04-30 04:15:11.553162,False,"falla detectada por operador, se interviene"
81,27,,correctivo,1.0,2025-10-21 20:32:58.185928,2025-10-23 04:18:58.952079,False,intervención según diagnóstico previo
82,29,,correctivo,3.0,2024-09-22 17:53:05.612016,2024-09-23 03:39:20.590815,False,intervención según diagnóstico previo
83,29,,correctivo,13.0,2025-12-03 21:28:21.033425,2025-12-04 13:27:58.734616,True,reparación de urgencia
84,30,,correctivo,3.0,2024-08-15 03:32:17.602381,2024-08-15 19:34:08.867198,True,para por alarma
85,30,,correctivo,2.0,2025-04-22 16:55:14.436180,2025-04-22 23:59:51.606606,False,"falla detectada por operador, se interviene"
86,30,,correctivo,3.0,2025-07-19 10:45:27.990706,2025-07-21 02:51:44.232596,True,s/observaciones
87,30,,correctivo,3.0,2025-09-30 11:13:10.664207,2025-10-01 08:28:12.971758,True,para por alarma
88,31,,correctivo,2.0,2024-10-25 22:19:12.289211,2024-10-26 04:47:50.390581,False,reparación de urgencia
89,32,,correctivo,8.0,2024-01-27 13:15:06.857566,2024-01-29 06:03:46.363266,False,"falla detectada por operador, se interviene"
90,32,,correctivo,8.0,2024-04-09 23:52:32.812057,2024-04-11 18:17:02.075453,True,s/observaciones
91,32,,correctivo,8.0,2024-05-05 06:26:02.553056,2024-05-06 13:06:40.377730,True,detectado ruido anormal
92,32,,correctivo,8.0,2024-05-12 04:04:30.717734,2024-05-12 16:39:48.105657,True,reparación de urgencia
93,32,,correctivo,13.0,2025-04-29 20:01:08.045069,2025-05-01 05:59:50.633543,False,intervención según diagnóstico previo
94,32,,correctivo,9.0,2025-10-17 21:55:07.839872,2025-10-18 08:04:52.615975,True,reparación de urgencia
95,32,,correctivo,13.0,2025-12-27 06:37:44.316203,2025-12-29 05:04:04.107767,True,pérdida reportada por turno noche
96,33,,correctivo,,2025-06-07 00:06:12.019018,2025-06-07 07:23:10.246555,False,reparación de urgencia
97,35,,correctivo,1.0,2025-06-07 08:55:01.333206,2025-06-07 11:59:39.255457,False,pérdida reportada por turno noche
98,36,,correctivo,2.0,2024-12-30 18:06:35.119142,2024-12-30 20:11:07.523841,False,s/observaciones
99,37,,correctivo,13.0,2024-07-12 06:34:45.211615,2024-07-12 21:47:14.182274,True,intervención según diagnóstico previo
100,37,,correctivo,8.0,2025-11-30 20:19:12.378764,2025-12-01 17:53:04.914705,False,reparación de urgencia
101,39,,correctivo,9.0,2024-01-15 07:20:21.139763,2024-01-15 22:57:19.317152,False,para por alarma
102,39,,correctivo,10.0,2024-09-16 17:28:51.597040,2024-09-17 05:11:16.438720,False,intervención según diagnóstico previo
103,39,,correctivo,1.0,2024-12-29 19:41:31.713549,2024-12-30 14:10:40.460196,True,reparación de urgencia
104,39,,correctivo,5.0,2025-04-26 12:07:35.926086,2025-04-27 02:56:41.358552,False,falla en arranque
105,40,,correctivo,1.0,2024-04-07 22:01:43.103708,2024-04-08 21:40:50.576692,False,"falla detectada por operador, se interviene"
106,40,,correctivo,10.0,2025-02-14 02:15:04.995994,2025-02-14 13:19:25.089206,False,intervención según diagnóstico previo
107,41,,correctivo,1.0,2024-01-08 19:54:37.043345,2024-01-09 00:59:10.056541,True,detectado ruido anormal
108,41,,correctivo,,2024-11-14 01:19:30.140260,2024-11-14 20:38:57.040200,True,falla en arranque
109,41,,correctivo,9.0,2025-03-15 22:41:00.812055,2025-03-16 04:55:20.320407,False,reparación de urgencia
110,41,,correctivo,5.0,2025-05-19 21:15:24.926762,2025-05-20 10:45:27.413566,True,pérdida reportada por turno noche
111,42,,correctivo,10.0,2024-02-02 04:50:12.621874,2024-02-03 23:54:41.119164,True,para por alarma
112,42,,correctivo,10.0,2024-07-03 23:20:10.715821,2024-07-05 19:03:48.917542,True,para por alarma
113,42,,correctivo,,2024-11-30 05:04:57.114923,2024-11-30 13:02:33.335265,False,"falla detectada por operador, se interviene"
114,42,,correctivo,12.0,2025-02-09 03:10:51.635794,2025-02-10 19:34:48.763736,False,"falla detectada por operador, se interviene"
115,42,,correctivo,5.0,2025-04-26 21:10:19.926076,2025-04-28 05:15:53.182474,True,pérdida reportada por turno noche
116,42,,correctivo,10.0,2025-09-11 11:13:25.171892,2025-09-11 22:41:27.886140,True,PARADA IMPREVISTA
117,44,,correctivo,2.0,2024-05-13 07:23:02.296295,2024-05-13 20:54:55.278782,True,intervención según diagnóstico previo
118,44,,correctivo,2.0,2025-05-13 06:57:21.667437,2025-05-14 11:20:40.504216,False,detectado ruido anormal
119,44,,correctivo,2.0,2025-09-19 03:14:30.894048,2025-09-20 13:45:27.704431,True,pérdida reportada por turno noche
120,45,,correctivo,2.0,2024-05-22 13:05:56.971888,2024-05-24 02:33:27.766821,False,falla en arranque
121,45,,correctivo,2.0,2025-03-05 22:16:16.660546,2025-03-06 23:54:39.773442,False,para por alarma
122,45,,correctivo,10.0,2025-07-21 12:22:35.394688,2025-07-22 13:33:59.502418,True,"falla detectada por operador, se interviene"
123,46,,correctivo,8.0,2024-11-28 18:27:42.559024,2024-11-29 12:35:53.101294,True,"falla detectada por operador, se interviene"
124,46,,correctivo,3.0,2025-06-05 04:01:00.335969,2025-06-05 19:48:10.162011,False,intervención según diagnóstico previo
125,46,,correctivo,6.0,2025-07-13 18:13:53.159719,2025-07-14 01:18:22.946445,False,falla en arranque
126,47,,correctivo,2.0,2025-01-02 23:50:40.346000,2025-01-03 23:37:50.370498,False,s/observaciones
127,47,,correctivo,2.0,2025-10-06 22:23:25.450810,2025-10-07 04:52:31.212494,False,intervención según diagnóstico previo
128,48,,correctivo,2.0,2024-12-11 07:42:01.446399,2024-12-11 21:44:26.247422,False,PARADA IMPREVISTA
129,49,,correctivo,3.0,2025-01-14 04:31:44.734946,2025-01-14 14:53:05.361751,False,intervención según diagnóstico previo
130,51,,correctivo,2.0,2024-11-03 13:57:41.238544,2024-11-03 16:26:21.736236,False,falla en arranque
131,51,,correctivo,13.0,2025-05-11 10:40:21.045620,2025-05-11 22:24:54.886102,False,para por alarma
132,51,,correctivo,6.0,2025-11-05 04:17:11.400780,2025-11-06 02:10:20.612533,True,"falla detectada por operador, se interviene"
133,52,,correctivo,8.0,2024-06-12 08:37:55.167773,2024-06-12 22:30:22.645173,False,PARADA IMPREVISTA
134,52,,correctivo,10.0,2025-04-16 10:32:25.023541,2025-04-17 18:52:36.112731,False,"falla detectada por operador, se interviene"
135,52,,correctivo,6.0,2025-11-22 17:04:51.382927,2025-11-23 01:36:14.537996,True,para por alarma
136,53,,correctivo,8.0,2024-11-10 04:49:56.494766,2024-11-11 03:16:58.669679,False,"falla detectada por operador, se interviene"
137,54,,correctivo,2.0,2025-11-19 13:12:27.950892,2025-11-19 16:55:37.917171,False,falla en arranque
138,55,,correctivo,3.0,2024-05-17 23:16:01.221634,2024-05-19 11:31:28.138404,True,PARADA IMPREVISTA
139,55,,correctivo,6.0,2025-02-05 11:08:02.885520,2025-02-07 08:36:25.720130,False,detectado ruido anormal
140,55,,correctivo,2.0,2025-06-18 20:26:28.796590,2025-06-19 11:04:34.012910,True,PARADA IMPREVISTA
141,55,,correctivo,13.0,2025-12-24 16:37:48.857427,2025-12-26 16:04:19.176428,False,s/observaciones
142,56,,correctivo,2.0,2024-02-12 12:28:54.213219,2024-02-13 09:01:18.585148,False,PARADA IMPREVISTA
143,57,,correctivo,,2024-01-11 09:56:40.165900,2024-01-12 12:54:25.393155,False,reparación de urgencia
144,57,,correctivo,8.0,2024-07-28 15:37:55.343891,2024-07-29 00:24:48.192066,True,PARADA IMPREVISTA
145,57,,correctivo,2.0,2024-08-19 09:27:27.818568,2024-08-21 01:06:39.743323,True,para por alarma
146,57,,correctivo,2.0,2025-01-03 12:21:47.523760,2025-01-04 07:32:08.795249,False,"falla detectada por operador, se interviene"
147,57,,correctivo,10.0,2025-07-22 22:37:03.727270,2025-07-23 03:35:51.108458,True,pérdida reportada por turno noche
148,59,,correctivo,6.0,2024-06-05 00:23:22.311428,2024-06-06 00:17:59.567781,True,s/observaciones
149,59,,correctivo,,2024-12-06 23:28:23.152436,2024-12-08 00:22:03.643334,False,intervención según diagnóstico previo
150,59,,correctivo,3.0,2025-06-24 12:05:51.121527,2025-06-24 20:05:18.281276,True,reparación de urgencia
151,60,,correctivo,7.0,2024-06-13 09:21:26.450111,2024-06-13 23:01:59.734763,False,para por alarma
152,60,,correctivo,9.0,2025-04-03 09:24:14.778136,2025-04-03 15:48:29.305838,False,"falla detectada por operador, se interviene"
153,60,,correctivo,1.0,2025-08-14 06:19:24.276996,2025-08-14 16:08:17.529458,False,detectado ruido anormal
154,61,,correctivo,9.0,2024-02-06 22:29:08.789695,2024-02-08 05:10:23.474400,False,PARADA IMPREVISTA
155,61,,correctivo,4.0,2024-07-20 08:11:48.905854,2024-07-20 19:21:45.383571,True,falla en arranque
156,61,,correctivo,,2024-08-28 00:20:20.376972,2024-08-29 21:09:23.051921,True,detectado ruido anormal
157,61,,correctivo,8.0,2024-12-03 05:45:57.509131,2024-12-03 21:49:04.246238,True,intervención según diagnóstico previo
158,61,,correctivo,4.0,2025-06-30 09:14:38.492508,2025-07-01 04:09:37.318619,True,PARADA IMPREVISTA
159,61,,correctivo,5.0,2025-09-07 04:51:02.675534,2025-09-08 18:08:35.944837,True,s/observaciones
160,63,,correctivo,7.0,2025-05-03 10:25:27.775047,2025-05-03 19:51:36.047544,False,falla en arranque
161,64,,correctivo,8.0,2024-02-11 14:27:28.245867,2024-02-12 00:52:59.917387,False,s/observaciones
162,64,,correctivo,4.0,2025-05-17 10:45:25.869966,2025-05-17 14:40:28.322828,False,"falla detectada por operador, se interviene"
163,65,,correctivo,4.0,2024-07-02 03:38:35.669738,2024-07-02 13:23:08.521225,False,intervención según diagnóstico previo
164,65,,correctivo,5.0,2024-10-10 23:16:28.264411,2024-10-11 18:32:18.248462,True,reparación de urgencia
165,65,,correctivo,7.0,2025-03-01 12:38:06.151831,2025-03-01 18:22:28.450710,False,para por alarma
166,65,,correctivo,,2025-06-10 02:45:52.075006,2025-06-10 17:10:09.977361,False,intervención según diagnóstico previo
167,66,,correctivo,4.0,2024-01-15 04:27:48.189877,2024-01-15 22:41:13.505960,True,falla en arranque
168,66,,correctivo,4.0,2024-06-08 02:29:58.689065,2024-06-10 02:29:21.518432,True,para por alarma
169,66,,correctivo,8.0,2024-08-05 22:08:11.699970,2024-08-06 05:59:52.786201,False,PARADA IMPREVISTA
170,66,,correctivo,4.0,2025-10-08 08:31:26.246236,2025-10-09 08:25:54.363434,False,reparación de urgencia
171,68,,correctivo,5.0,2024-06-11 22:47:47.159225,2024-06-12 17:15:49.505003,False,intervención según diagnóstico previo
172,68,,correctivo,8.0,2024-11-09 12:53:31.716815,2024-11-09 21:25:23.700867,False,PARADA IMPREVISTA
173,68,,correctivo,4.0,2025-12-08 09:15:43.599582,2025-12-08 15:35:42.795358,False,reparación de urgencia
174,70,,correctivo,1.0,2024-05-12 11:00:03.711556,2024-05-12 15:02:32.319523,False,PARADA IMPREVISTA
175,70,,correctivo,10.0,2025-04-29 12:11:03.292581,2025-04-30 06:05:59.056956,False,falla en arranque
176,72,,correctivo,6.0,2024-07-09 04:54:16.664706,2024-07-09 13:01:20.203248,True,pérdida reportada por turno noche
177,72,,correctivo,2.0,2024-09-09 07:00:55.717352,2024-09-11 05:47:11.633410,True,detectado ruido anormal
178,75,,correctivo,6.0,2024-02-03 10:20:51.442697,2024-02-04 01:30:26.338796,True,reparación de urgencia
179,75,,correctivo,3.0,2025-01-06 09:13:56.652038,2025-01-06 15:12:28.582743,True,"falla detectada por operador, se interviene"
180,75,,correctivo,,2025-07-28 11:54:39.347380,2025-07-29 10:08:03.597492,False,pérdida reportada por turno noche
181,76,,correctivo,1.0,2024-10-03 16:33:15.423706,2024-10-04 13:39:19.749776,True,reparación de urgencia
182,76,,correctivo,1.0,2024-12-01 01:39:33.537237,2024-12-01 19:40:21.703883,True,para por alarma
183,76,,correctivo,,2025-02-23 20:42:04.129955,2025-02-24 17:04:58.121645,True,falla en arranque
184,76,,correctivo,5.0,2025-10-10 05:37:58.381454,2025-10-10 19:41:41.628228,False,s/observaciones
185,76,,correctivo,13.0,2025-11-15 12:00:57.096633,2025-11-16 11:46:33.178241,True,reparación de urgencia
186,77,,correctivo,2.0,2024-01-28 11:05:36.493164,2024-01-28 20:17:06.842633,False,falla en arranque
187,77,,correctivo,1.0,2025-06-04 03:35:54.943694,2025-06-05 00:47:05.604413,False,intervención según diagnóstico previo
188,77,,correctivo,,2025-09-29 05:42:03.082065,2025-09-29 11:00:50.649137,False,s/observaciones
189,79,,correctivo,7.0,2024-10-14 00:15:44.759904,2024-10-14 15:21:23.756592,True,falla en arranque
190,79,,correctivo,10.0,2025-06-01 13:19:34.085559,2025-06-02 04:26:52.537428,False,para por alarma
191,80,,correctivo,5.0,2024-05-14 23:23:24.611705,2024-05-15 10:33:44.084613,True,PARADA IMPREVISTA
192,80,,correctivo,7.0,2025-08-08 12:39:47.781556,2025-08-08 16:08:43.826523,True,reparación de urgencia
193,83,,correctivo,4.0,2024-06-15 17:14:25.488658,2024-06-16 08:08:10.651243,False,"falla detectada por operador, se interviene"
194,84,,correctivo,8.0,2024-09-14 11:33:10.834323,2024-09-14 18:50:24.997789,False,detectado ruido anormal
195,85,,correctivo,5.0,2024-09-27 02:25:43.106887,2024-09-27 18:26:51.102938,False,reparación de urgencia
196,85,,correctivo,9.0,2025-05-14 14:12:52.555718,2025-05-15 03:58:15.852960,True,"falla detectada por operador, se interviene"
197,85,,correctivo,5.0,2025-11-19 14:11:33.729483,2025-11-20 09:05:26.614088,False,PARADA IMPREVISTA
198,87,,correctivo,4.0,2024-03-12 02:32:16.811877,2024-03-12 11:58:50.609426,False,falla en arranque
199,87,,correctivo,10.0,2024-08-04 19:15:53.709937,2024-08-04 23:42:10.714897,False,para por alarma
200,87,,correctivo,9.0,2025-06-24 22:09:33.352438,2025-06-25 19:35:59.721939,True,"falla detectada por operador, se interviene"
201,87,,correctivo,8.0,2025-12-17 19:40:00.545279,2025-12-18 08:38:09.668320,False,falla en arranque
202,88,,correctivo,1.0,2025-04-08 11:06:08.645245,2025-04-08 16:43:11.353782,False,s/observaciones
203,89,,correctivo,3.0,2025-02-20 03:55:01.057560,2025-02-20 11:06:48.380731,False,PARADA IMPREVISTA
204,90,,correctivo,10.0,2024-04-20 16:34:18.815625,2024-04-20 21:17:49.596199,False,para por alarma
205,90,,correctivo,2.0,2025-06-24 09:03:17.150895,2025-06-24 13:36:00.869579,True,falla en arranque
206,91,,correctivo,1.0,2024-01-20 15:26:59.176213,2024-01-21 14:20:59.316442,True,PARADA IMPREVISTA
207,91,,correctivo,8.0,2024-04-20 06:17:50.364044,2024-04-20 18:29:56.966501,False,para por alarma
208,91,,correctivo,,2025-01-15 12:23:52.037218,2025-01-16 03:41:04.454684,True,pérdida reportada por turno noche
209,91,,correctivo,8.0,2025-06-30 15:43:11.647851,2025-07-01 15:37:19.627578,False,falla en arranque
210,92,,correctivo,6.0,2024-06-24 08:01:28.637188,2024-06-24 19:19:41.914368,False,s/observaciones
211,92,,correctivo,3.0,2024-10-07 21:26:06.458444,2024-10-09 06:08:53.111124,False,falla en arranque
212,92,,correctivo,10.0,2024-11-23 09:45:52.344523,2024-11-25 07:14:05.076210,False,"falla detectada por operador, se interviene"
213,92,,correctivo,8.0,2025-05-06 10:57:42.819698,2025-05-08 00:06:50.969145,False,s/observaciones
214,92,,correctivo,10.0,2025-07-06 15:59:06.918657,2025-07-07 11:26:20.630367,True,reparación de urgencia
215,92,,correctivo,10.0,2025-11-25 18:32:58.135525,2025-11-26 10:28:46.376705,False,detectado ruido anormal
216,92,,correctivo,7.0,2025-12-25 21:39:05.731351,2025-12-27 16:15:38.085177,False,s/observaciones
217,93,,correctivo,10.0,2024-03-07 12:30:12.294670,2024-03-08 11:21:41.412921,False,PARADA IMPREVISTA
218,93,,correctivo,1.0,2024-07-11 17:11:56.206181,2024-07-13 06:38:17.832002,True,para por alarma
219,93,,correctivo,9.0,2024-09-14 21:09:31.727915,2024-09-16 09:15:10.344716,False,"falla detectada por operador, se interviene"
220,93,,correctivo,12.0,2024-10-09 10:05:02.070631,2024-10-11 01:53:46.314931,False,intervención según diagnóstico previo
221,93,,correctivo,3.0,2025-02-14 09:27:58.400315,2025-02-15 14:20:48.201453,False,pérdida reportada por turno noche
222,93,,correctivo,10.0,2025-09-20 09:27:28.865325,2025-09-21 00:16:52.258606,False,PARADA IMPREVISTA
223,95,,correctivo,11.0,2024-05-15 12:01:24.949433,2024-05-16 12:47:52.630475,True,detectado ruido anormal
224,95,,correctivo,6.0,2024-11-23 20:29:15.417802,2024-11-24 07:14:28.583133,False,s/observaciones
225,95,,correctivo,3.0,2025-09-14 05:43:51.052457,2025-09-15 15:16:21.370686,False,PARADA IMPREVISTA
226,96,,correctivo,6.0,2024-10-13 20:53:51.363455,2024-10-15 07:12:09.713956,False,PARADA IMPREVISTA
227,96,,correctivo,2.0,2025-01-10 17:01:45.846101,2025-01-11 17:38:21.248728,True,detectado ruido anormal
228,97,,correctivo,8.0,2024-05-07 12:04:34.624709,2024-05-07 23:58:33.174838,False,detectado ruido anormal
229,97,,correctivo,5.0,2025-04-19 19:22:43.453322,2025-04-20 00:17:12.602288,False,s/observaciones
230,98,,correctivo,5.0,2024-02-22 04:21:23.596541,2024-02-22 18:00:29.915625,True,s/observaciones
231,98,,correctivo,12.0,2024-07-02 20:15:56.904264,2024-07-03 02:06:55.148993,False,para por alarma
232,98,,correctivo,8.0,2025-12-27 04:28:47.605759,2025-12-27 17:24:52.052779,False,para por alarma
233,99,,correctivo,3.0,2024-04-08 15:40:00.816196,2024-04-10 12:06:27.787063,True,detectado ruido anormal
234,99,,correctivo,9.0,2024-11-01 10:41:10.936262,2024-11-02 20:24:05.500417,True,intervención según diagnóstico previo
235,99,,correctivo,13.0,2025-03-07 19:11:17.889134,2025-03-09 14:14:05.676199,True,detectado ruido anormal
236,99,,correctivo,3.0,2025-09-06 12:20:13.764138,2025-09-07 03:45:56.936869,True,detectado ruido anormal
237,100,,correctivo,2.0,2025-04-11 12:56:24.140460,2025-04-12 11:30:32.799556,True,falla en arranque
238,102,,correctivo,,2024-12-27 18:29:22.161107,2024-12-28 18:27:01.856812,False,pérdida reportada por turno noche
239,102,,correctivo,3.0,2025-11-23 02:51:23.686558,2025-11-23 10:14:29.078008,True,intervención según diagnóstico previo
240,103,,correctivo,3.0,2024-09-14 10:25:49.800779,2024-09-16 07:03:22.510649,True,para por alarma
241,103,,correctivo,6.0,2025-02-19 22:56:26.350154,2025-02-21 22:05:38.333071,True,s/observaciones
242,104,,correctivo,3.0,2024-05-02 15:26:09.675762,2024-05-03 07:43:56.007629,True,s/observaciones
243,104,,correctivo,3.0,2025-01-26 18:53:11.714134,2025-01-27 06:24:45.172775,True,PARADA IMPREVISTA
244,105,,correctivo,6.0,2025-03-20 19:33:39.872742,2025-03-21 04:37:10.154900,False,detectado ruido anormal
245,107,,correctivo,2.0,2025-04-06 07:37:31.209728,2025-04-06 11:55:07.826857,False,detectado ruido anormal
246,109,,correctivo,3.0,2024-04-25 12:41:49.003597,2024-04-25 14:43:07.411116,False,detectado ruido anormal
247,109,,correctivo,,2025-06-30 07:53:52.068803,2025-06-30 21:57:45.169497,False,PARADA IMPREVISTA
248,110,,correctivo,1.0,2025-02-26 02:07:21.109665,2025-02-26 13:50:31.345010,False,"falla detectada por operador, se interviene"
249,111,,correctivo,5.0,2024-03-21 16:54:19.890344,2024-03-22 03:28:10.665072,True,reparación de urgencia
250,111,,correctivo,8.0,2025-01-02 05:51:31.888087,2025-01-03 23:27:07.706180,False,para por alarma
251,111,,correctivo,,2025-01-21 00:10:46.530864,2025-01-21 11:15:56.167023,True,reparación de urgencia
252,111,,correctivo,9.0,2025-11-08 14:06:55.844477,2025-11-09 10:11:01.101436,True,pérdida reportada por turno noche
253,112,,correctivo,3.0,2024-07-24 05:20:22.466584,2024-07-25 21:11:38.815905,True,para por alarma
254,112,,correctivo,2.0,2024-10-16 19:09:37.510222,2024-10-18 17:17:56.146052,False,reparación de urgencia
255,112,,correctivo,6.0,2025-03-08 03:33:02.613310,2025-03-09 23:44:22.180589,True,falla en arranque
256,112,,correctivo,11.0,2025-04-24 05:57:02.620080,2025-04-26 02:10:03.398104,True,"falla detectada por operador, se interviene"
257,114,,correctivo,3.0,2025-03-08 11:15:33.128954,2025-03-09 03:34:37.460345,False,PARADA IMPREVISTA
258,114,,correctivo,5.0,2025-09-10 15:41:37.429206,2025-09-11 09:18:49.503751,False,s/observaciones
259,115,,correctivo,6.0,2025-03-09 03:50:53.213995,2025-03-09 11:33:45.343845,False,intervención según diagnóstico previo
260,115,,correctivo,2.0,2025-06-05 13:30:44.129671,2025-06-05 19:42:50.462084,False,falla en arranque
261,116,,correctivo,9.0,2024-01-06 02:39:28.827509,2024-01-06 10:09:22.508703,False,falla en arranque
262,116,,correctivo,9.0,2024-06-10 16:45:23.637144,2024-06-11 09:00:54.835881,True,pérdida reportada por turno noche
263,116,,correctivo,5.0,2024-06-30 07:49:40.452269,2024-06-30 22:09:12.539118,True,para por alarma
264,116,,correctivo,1.0,2025-04-03 07:32:22.982330,2025-04-03 17:45:23.202237,False,detectado ruido anormal
265,117,,correctivo,6.0,2024-05-30 09:06:47.749808,2024-06-01 05:46:53.762583,False,para por alarma
266,117,,correctivo,10.0,2025-02-16 11:03:48.743254,2025-02-17 19:20:04.843896,False,intervención según diagnóstico previo
267,117,,correctivo,6.0,2025-08-08 02:20:27.862665,2025-08-09 10:52:22.052886,True,falla en arranque
268,117,,correctivo,3.0,2025-08-11 03:38:23.744439,2025-08-11 17:07:30.144955,True,detectado ruido anormal
269,117,,correctivo,3.0,2025-09-03 05:52:02.712791,2025-09-05 00:42:39.711003,True,detectado ruido anormal
270,119,,correctivo,3.0,2024-12-20 14:39:46.829815,2024-12-20 22:21:35.619060,False,para por alarma
271,121,,correctivo,,2024-02-16 20:24:22.670076,2024-02-18 18:50:52.332859,True,reparación de urgencia
272,121,,correctivo,10.0,2024-05-12 06:11:04.164686,2024-05-12 17:39:42.754358,False,PARADA IMPREVISTA
273,121,,correctivo,2.0,2024-12-20 18:15:36.475804,2024-12-22 02:27:42.270269,False,PARADA IMPREVISTA
274,121,,correctivo,3.0,2025-10-10 22:30:17.749371,2025-10-11 15:47:01.814421,False,para por alarma
275,122,,correctivo,3.0,2024-06-26 03:53:32.346379,2024-06-26 13:12:16.615474,True,pérdida reportada por turno noche
276,122,,correctivo,2.0,2025-08-01 13:00:06.212592,2025-08-01 17:50:13.303042,False,para por alarma
277,123,,correctivo,11.0,2025-07-04 20:14:00.232019,2025-07-04 23:29:00.192148,False,detectado ruido anormal
278,124,,correctivo,2.0,2025-02-12 04:24:39.634836,2025-02-12 06:25:44.944489,True,para por alarma
279,124,,correctivo,,2025-12-13 04:28:02.388355,2025-12-13 13:45:56.933902,False,falla en arranque
280,126,,correctivo,10.0,2024-02-16 16:07:39.464054,2024-02-17 09:45:51.777628,True,reparación de urgencia
281,126,,correctivo,8.0,2024-05-31 20:48:29.283914,2024-06-01 06:49:51.804512,False,pérdida reportada por turno noche
282,126,,correctivo,8.0,2025-02-10 11:47:46.738152,2025-02-10 17:37:09.867664,False,reparación de urgencia
283,127,,correctivo,6.0,2024-01-31 15:32:56.614348,2024-02-01 02:05:10.455294,True,detectado ruido anormal
284,127,,correctivo,2.0,2024-03-17 18:16:34.269412,2024-03-18 16:34:35.205801,False,intervención según diagnóstico previo
285,127,,correctivo,13.0,2024-11-21 10:00:03.234506,2024-11-21 12:04:49.641093,True,detectado ruido anormal
286,129,,correctivo,9.0,2025-01-18 06:34:54.814243,2025-01-19 02:26:34.930375,True,PARADA IMPREVISTA
287,129,,correctivo,1.0,2025-04-26 19:23:16.849799,2025-04-27 12:17:09.185963,False,para por alarma
288,129,,correctivo,13.0,2025-05-08 02:41:27.441324,2025-05-08 16:05:37.139971,True,PARADA IMPREVISTA
289,129,,correctivo,1.0,2025-11-10 22:53:54.955312,2025-11-11 07:09:56.238795,False,intervención según diagnóstico previo
290,130,,correctivo,5.0,2024-12-09 19:14:44.750414,2024-12-10 05:55:09.917407,False,detectado ruido anormal
291,133,,correctivo,9.0,2024-01-22 23:01:56.457337,2024-01-23 14:07:01.647612,False,falla en arranque
292,133,,correctivo,1.0,2024-02-14 11:36:11.691476,2024-02-15 01:20:13.691607,False,s/observaciones
293,133,,correctivo,13.0,2025-12-21 00:48:23.901338,2025-12-21 08:52:14.197384,False,"falla detectada por operador, se interviene"
294,134,,correctivo,12.0,2025-02-16 11:41:15.251911,2025-02-16 23:19:00.608647,False,detectado ruido anormal
295,135,,correctivo,8.0,2024-02-04 14:47:57.603673,2024-02-05 07:38:33.676875,True,"falla detectada por operador, se interviene"
296,135,,correctivo,5.0,2024-02-13 07:28:09.676635,2024-02-13 12:01:04.237153,False,"falla detectada por operador, se interviene"
297,135,,correctivo,5.0,2024-02-19 14:30:12.151048,2024-02-21 07:45:57.024821,True,detectado ruido anormal
298,135,,correctivo,8.0,2024-02-26 22:39:34.183871,2024-02-27 14:45:29.570287,True,reparación de urgencia
299,135,,correctivo,10.0,2024-06-01 08:25:56.612636,2024-06-02 11:31:03.946132,True,para por alarma
300,135,,correctivo,13.0,2024-06-07 19:43:21.192330,2024-06-08 06:39:25.272035,False,PARADA IMPREVISTA
301,135,,correctivo,10.0,2025-09-19 19:05:33.377374,2025-09-21 01:02:09.954074,True,falla en arranque
302,135,,correctivo,5.0,2025-12-11 00:55:45.632746,2025-12-11 19:24:10.306981,True,para por alarma
303,136,,correctivo,9.0,2024-01-13 07:33:10.072538,2024-01-13 12:11:10.660815,False,PARADA IMPREVISTA
304,136,,correctivo,10.0,2025-03-12 21:25:29.805201,2025-03-12 22:49:27.509975,False,PARADA IMPREVISTA
305,138,,correctivo,3.0,2024-09-20 22:08:14.459193,2024-09-21 12:23:15.586570,False,intervención según diagnóstico previo
306,138,,correctivo,13.0,2024-11-25 10:32:33.106140,2024-11-25 18:26:59.387033,False,intervención según diagnóstico previo
307,139,,correctivo,2.0,2024-02-26 21:04:18.412118,2024-02-27 07:00:33.719772,False,pérdida reportada por turno noche
308,139,,correctivo,,2024-05-23 15:48:44.307228,2024-05-23 18:17:09.805109,False,"falla detectada por operador, se interviene"
309,141,,correctivo,2.0,2024-10-13 22:10:58.635213,2024-10-14 08:13:14.515439,False,falla en arranque
310,141,,correctivo,3.0,2025-10-23 01:49:21.938814,2025-10-23 09:00:14.799389,True,reparación de urgencia
311,142,,correctivo,2.0,2024-05-02 16:17:52.011754,2024-05-03 10:56:30.531255,False,s/observaciones
312,142,,correctivo,8.0,2025-09-13 00:01:25.748894,2025-09-13 02:47:44.937555,False,detectado ruido anormal
313,144,,correctivo,9.0,2024-06-02 00:09:40.243752,2024-06-02 08:30:05.628407,False,PARADA IMPREVISTA
314,145,,correctivo,10.0,2024-03-27 10:22:33.780527,2024-03-28 06:33:49.602159,False,reparación de urgencia
315,145,,correctivo,10.0,2024-10-25 10:36:41.635365,2024-10-26 04:07:36.648021,False,para por alarma
316,145,,correctivo,1.0,2025-04-19 16:14:00.422308,2025-04-20 10:38:54.199922,False,pérdida reportada por turno noche
317,146,,correctivo,5.0,2024-06-14 09:24:32.468705,2024-06-15 06:12:05.307235,True,detectado ruido anormal
318,146,,correctivo,5.0,2025-05-20 17:14:10.388440,2025-05-21 07:42:45.450187,False,detectado ruido anormal
319,146,,correctivo,9.0,2025-10-28 06:40:25.597032,2025-10-29 05:46:24.205408,False,falla en arranque
320,104,1.0,preventivo,14.0,2024-04-22 08:03:57.772671,2024-04-22 11:46:58.098185,False,"rutina realizada, todo en orden"
321,104,2.0,preventivo,14.0,2025-04-21 12:04:17.662883,2025-04-21 15:13:59.518209,False,cumplido
322,121,3.0,preventivo,14.0,2024-12-02 06:11:52.422388,2024-12-02 09:33:54.979624,False,cumplido
323,121,4.0,preventivo,14.0,2025-11-30 07:51:12.008599,2025-11-30 10:22:16.496328,False,se realizó tarea programada
324,122,5.0,preventivo,14.0,2024-04-24 11:39:05.132381,2024-04-24 15:03:06.573735,False,OK sin observaciones
325,104,7.0,preventivo,14.0,2024-02-08 09:30:34.604848,2024-02-08 14:30:18.538920,False,se realizó tarea programada
326,104,8.0,preventivo,14.0,2024-05-05 12:02:49.904063,2024-05-05 17:34:11.018371,False,cumplido
327,104,11.0,preventivo,14.0,2025-02-02 09:41:04.642770,2025-02-02 12:54:47.830710,False,tarea de rutina según plan
328,104,12.0,preventivo,14.0,2025-05-03 06:53:04.361386,2025-05-03 11:42:47.665321,False,"rutina realizada, todo en orden"
329,104,14.0,preventivo,14.0,2025-10-28 15:21:08.245935,2025-10-28 17:48:54.948552,False,OK sin observaciones
330,121,15.0,preventivo,14.0,2024-02-11 17:58:19.579326,2024-02-11 23:19:09.807544,False,OK sin observaciones
331,121,16.0,preventivo,14.0,2024-05-05 12:00:52.234569,2024-05-05 14:06:53.104338,True,se realizó tarea programada
332,121,17.0,preventivo,14.0,2024-07-30 08:42:33.628460,2024-07-30 12:59:22.485351,False,tarea de rutina según plan
333,121,18.0,preventivo,14.0,2024-11-08 10:23:09.742483,2024-11-08 12:11:05.034900,False,se realizó tarea programada
334,121,19.0,preventivo,14.0,2025-02-02 16:01:34.163217,2025-02-02 20:22:06.147490,False,OK sin observaciones
335,121,20.0,preventivo,14.0,2025-05-04 07:16:35.991106,2025-05-04 13:06:08.549213,False,se realizó tarea programada
336,121,21.0,preventivo,14.0,2025-07-31 08:35:59.087136,2025-07-31 13:37:20.915250,False,"rutina realizada, todo en orden"
337,121,22.0,preventivo,14.0,2025-10-21 06:37:17.980996,2025-10-21 11:24:03.780151,False,OK sin observaciones
338,122,24.0,preventivo,14.0,2024-04-18 08:26:16.061647,2024-04-18 11:01:33.855621,False,s/n
339,122,26.0,preventivo,14.0,2024-11-04 16:40:48.633924,2024-11-04 21:04:38.748923,False,cumplido
340,122,27.0,preventivo,14.0,2025-01-13 12:54:35.493339,2025-01-13 15:42:34.281497,False,tarea de rutina según plan
341,122,28.0,preventivo,14.0,2025-05-02 09:51:51.872322,2025-05-02 13:43:19.156746,True,tarea de rutina según plan
342,122,29.0,preventivo,14.0,2025-07-20 11:50:40.365314,2025-07-20 13:46:00.853829,False,cumplido
343,122,30.0,preventivo,14.0,2025-10-21 06:28:00.947457,2025-10-21 10:28:05.866522,False,OK sin observaciones
344,30,31.0,preventivo,14.0,2024-01-16 06:34:06.998901,2024-01-16 07:41:33.000654,False,tarea de rutina según plan
345,30,32.0,preventivo,14.0,2024-02-08 06:43:47.850276,2024-02-08 08:29:43.657040,False,pendiente revisión adicional
346,30,33.0,preventivo,14.0,2024-03-31 15:06:01.682349,2024-03-31 21:03:42.132081,False,s/n
347,30,34.0,preventivo,14.0,2024-04-19 17:12:58.315444,2024-04-19 20:35:32.048257,False,"rutina realizada, todo en orden"
348,30,35.0,preventivo,14.0,2024-05-20 15:35:32.117642,2024-05-20 21:24:06.067467,False,tarea de rutina según plan
349,30,37.0,preventivo,14.0,2024-07-20 08:00:26.981067,2024-07-20 13:52:56.309711,False,s/n
350,30,38.0,preventivo,14.0,2024-08-20 08:16:03.088598,2024-08-20 13:33:00.016614,False,tarea de rutina según plan
351,30,39.0,preventivo,14.0,2024-10-08 09:42:53.501156,2024-10-08 11:42:58.376098,False,pendiente revisión adicional
352,30,40.0,preventivo,14.0,2024-10-16 10:07:32.849858,2024-10-16 12:26:02.638339,False,OK sin observaciones
353,30,42.0,preventivo,14.0,2024-12-13 06:42:03.501197,2024-12-13 11:39:04.037042,False,OK sin observaciones
354,30,43.0,preventivo,14.0,2025-02-08 17:32:06.454324,2025-02-08 21:56:18.762286,False,cumplido
355,30,44.0,preventivo,14.0,2025-02-18 15:05:46.510792,2025-02-18 20:54:19.504921,False,OK sin observaciones
356,30,45.0,preventivo,14.0,2025-03-27 17:08:03.475340,2025-03-27 22:56:07.543421,False,"rutina realizada, todo en orden"
357,30,46.0,preventivo,14.0,2025-04-24 06:16:46.173792,2025-04-24 08:02:49.564049,False,se realizó tarea programada
358,30,47.0,preventivo,14.0,2025-05-24 09:16:54.798942,2025-05-24 10:21:35.251543,False,se realizó tarea programada
359,30,48.0,preventivo,14.0,2025-06-17 13:59:35.500714,2025-06-17 18:08:28.038211,False,s/n
360,30,49.0,preventivo,14.0,2025-07-24 06:44:20.906631,2025-07-24 09:53:36.834784,False,tarea de rutina según plan
361,30,50.0,preventivo,14.0,2025-08-20 15:13:19.934080,2025-08-20 19:21:39.471804,True,se realizó tarea programada
362,30,51.0,preventivo,14.0,2025-09-26 09:56:02.776078,2025-09-26 15:36:43.698234,False,cumplido
363,30,52.0,preventivo,14.0,2025-10-26 09:29:01.359890,2025-10-26 12:40:58.719301,True,pendiente revisión adicional
364,30,53.0,preventivo,14.0,2025-11-28 13:42:45.733594,2025-11-28 17:58:33.038479,False,s/n
365,30,54.0,preventivo,14.0,2025-12-25 08:50:06.759338,2025-12-25 11:15:06.264443,False,s/n
366,31,55.0,preventivo,14.0,2024-01-16 08:38:19.249846,2024-01-16 13:39:36.503432,False,se realizó tarea programada
367,31,56.0,preventivo,14.0,2024-02-12 14:06:39.311646,2024-02-12 16:49:46.093032,False,OK sin observaciones
368,31,57.0,preventivo,14.0,2024-03-21 11:36:16.229526,2024-03-21 14:27:27.538233,False,pendiente revisión adicional
369,31,59.0,preventivo,14.0,2024-06-01 06:14:23.132727,2024-06-01 09:19:57.682987,False,se realizó tarea programada
370,31,60.0,preventivo,14.0,2024-07-13 06:28:18.597347,2024-07-13 12:24:22.656993,False,cumplido
371,31,61.0,preventivo,14.0,2024-07-18 12:11:25.127721,2024-07-18 15:48:22.151014,False,pendiente revisión adicional
372,31,62.0,preventivo,14.0,2024-08-19 08:18:27.966540,2024-08-19 10:01:28.267804,False,OK sin observaciones
373,31,63.0,preventivo,14.0,2024-09-22 15:45:17.511020,2024-09-22 21:09:39.708902,False,OK sin observaciones
374,31,64.0,preventivo,14.0,2024-11-10 10:38:11.354047,2024-11-10 13:36:57.782270,False,s/n
375,31,65.0,preventivo,14.0,2024-11-24 08:36:50.571009,2024-11-24 13:56:53.728132,False,tarea de rutina según plan
376,31,66.0,preventivo,14.0,2024-12-20 15:56:37.587030,2024-12-20 17:38:16.911992,False,pendiente revisión adicional
377,31,67.0,preventivo,14.0,2025-01-25 11:57:54.316590,2025-01-25 14:16:58.210518,False,cumplido
378,31,68.0,preventivo,14.0,2025-02-24 08:13:40.412451,2025-02-24 10:10:56.345089,False,OK sin observaciones
379,31,69.0,preventivo,14.0,2025-04-02 16:30:32.227907,2025-04-02 18:59:08.124276,False,"rutina realizada, todo en orden"
380,31,70.0,preventivo,14.0,2025-05-04 13:07:12.293418,2025-05-04 19:03:55.696249,False,tarea de rutina según plan
381,31,71.0,preventivo,14.0,2025-05-26 14:20:15.287046,2025-05-26 16:42:24.557604,False,cumplido
382,31,72.0,preventivo,14.0,2025-06-28 07:43:12.383995,2025-06-28 13:29:21.682014,False,pendiente revisión adicional
383,31,73.0,preventivo,14.0,2025-07-24 06:39:26.241439,2025-07-24 08:21:15.394335,False,cumplido
384,31,74.0,preventivo,14.0,2025-08-23 08:48:38.549212,2025-08-23 11:40:15.960619,False,tarea de rutina según plan
385,31,77.0,preventivo,14.0,2025-11-30 08:51:09.261016,2025-11-30 09:55:23.539364,False,pendiente revisión adicional
386,31,78.0,preventivo,14.0,2025-12-29 10:17:07.393743,2025-12-29 15:32:41.015146,False,se realizó tarea programada
387,103,79.0,preventivo,14.0,2024-01-30 07:56:20.196573,2024-01-30 12:00:00.217360,False,OK sin observaciones
388,103,80.0,preventivo,14.0,2024-03-12 12:34:44.997967,2024-03-12 14:49:55.957706,False,cumplido
389,103,81.0,preventivo,14.0,2024-04-09 09:46:42.750262,2024-04-09 15:17:25.408827,False,se realizó tarea programada
390,103,82.0,preventivo,14.0,2024-05-09 16:51:44.049169,2024-05-09 20:24:59.837856,False,OK sin observaciones
391,103,83.0,preventivo,14.0,2024-06-08 09:45:35.657759,2024-06-08 14:59:38.665709,False,s/n
392,103,84.0,preventivo,14.0,2024-07-07 17:05:44.889489,2024-07-07 20:29:54.967523,False,cumplido
393,103,85.0,preventivo,14.0,2024-08-04 17:23:42.851453,2024-08-04 21:44:25.525195,False,"rutina realizada, todo en orden"
394,103,88.0,preventivo,14.0,2024-12-03 14:26:38.029957,2024-12-03 16:15:05.943033,False,tarea de rutina según plan
395,103,89.0,preventivo,14.0,2024-12-14 16:55:15.873922,2024-12-14 18:49:34.051234,False,"rutina realizada, todo en orden"
396,103,90.0,preventivo,14.0,2025-01-09 10:52:45.039808,2025-01-09 15:07:30.802286,False,s/n
397,103,91.0,preventivo,14.0,2025-02-09 14:45:04.517735,2025-02-09 17:17:58.254275,False,cumplido
398,103,92.0,preventivo,14.0,2025-03-14 08:08:15.395010,2025-03-14 09:38:32.516597,False,se realizó tarea programada
399,103,93.0,preventivo,14.0,2025-04-08 13:05:34.553052,2025-04-08 17:12:06.884540,False,se realizó tarea programada
400,103,94.0,preventivo,14.0,2025-05-11 09:40:12.168786,2025-05-11 15:12:25.642145,False,tarea de rutina según plan
401,103,96.0,preventivo,14.0,2025-07-18 15:14:59.004175,2025-07-18 18:45:04.685235,False,s/n
402,103,98.0,preventivo,14.0,2025-10-05 15:34:42.751573,2025-10-05 21:00:49.453939,False,"rutina realizada, todo en orden"
403,103,99.0,preventivo,14.0,2025-10-11 15:34:52.270643,2025-10-11 21:07:27.390548,False,tarea de rutina según plan
404,103,100.0,preventivo,14.0,2025-11-15 06:14:39.918063,2025-11-15 09:45:34.742550,False,OK sin observaciones
405,103,101.0,preventivo,14.0,2025-12-21 06:24:06.490181,2025-12-21 09:19:00.453140,False,tarea de rutina según plan
406,124,102.0,preventivo,14.0,2024-01-01 10:59:17.297942,2024-01-01 13:14:17.059515,False,se realizó tarea programada
407,124,103.0,preventivo,14.0,2024-02-08 16:53:32.463033,2024-02-08 18:14:52.036178,False,"rutina realizada, todo en orden"
408,124,104.0,preventivo,14.0,2024-03-28 10:45:22.744827,2024-03-28 14:57:00.344831,True,s/n
409,124,105.0,preventivo,14.0,2024-04-09 17:32:39.020517,2024-04-09 22:04:42.125646,False,"rutina realizada, todo en orden"
410,124,106.0,preventivo,14.0,2024-05-15 17:49:48.858259,2024-05-15 22:06:00.627855,False,pendiente revisión adicional
411,124,107.0,preventivo,14.0,2024-06-05 17:01:32.073297,2024-06-05 22:03:35.093346,False,OK sin observaciones
412,124,108.0,preventivo,14.0,2024-07-06 14:41:02.904140,2024-07-06 18:26:45.358606,False,s/n
413,124,109.0,preventivo,14.0,2024-08-30 08:06:00.214371,2024-08-30 09:36:42.734895,False,pendiente revisión adicional
414,124,110.0,preventivo,14.0,2024-09-06 15:00:46.706133,2024-09-06 16:57:47.802092,False,pendiente revisión adicional
415,124,111.0,preventivo,14.0,2024-10-09 11:23:32.090253,2024-10-09 12:57:34.819049,False,tarea de rutina según plan
416,124,112.0,preventivo,,2024-12-04 14:12:51.565475,2024-12-04 16:07:22.697696,False,se realizó tarea programada
417,124,113.0,preventivo,14.0,2024-12-25 13:14:18.441314,2024-12-25 15:07:14.679069,False,pendiente revisión adicional
418,124,114.0,preventivo,14.0,2025-01-21 15:16:33.471531,2025-01-21 16:36:42.401282,False,pendiente revisión adicional
419,124,115.0,preventivo,14.0,2025-02-20 15:23:46.154492,2025-02-20 20:32:12.364682,False,se realizó tarea programada
420,124,116.0,preventivo,14.0,2025-04-08 06:14:57.990817,2025-04-08 08:13:41.879657,False,OK sin observaciones
421,124,117.0,preventivo,,2025-04-12 16:09:15.042068,2025-04-12 17:30:26.754952,False,se realizó tarea programada
422,124,118.0,preventivo,14.0,2025-06-14 16:39:07.826829,2025-06-14 19:04:04.258204,False,"rutina realizada, todo en orden"
423,124,119.0,preventivo,14.0,2025-06-18 15:31:01.031492,2025-06-18 20:18:05.885539,False,tarea de rutina según plan
424,124,121.0,preventivo,14.0,2025-08-24 16:16:51.024768,2025-08-24 18:43:34.883830,True,s/n
425,124,122.0,preventivo,14.0,2025-09-17 16:45:33.418605,2025-09-17 18:32:26.350193,False,"rutina realizada, todo en orden"
426,124,123.0,preventivo,14.0,2025-10-27 06:46:59.976529,2025-10-27 08:09:28.567062,False,cumplido
427,124,124.0,preventivo,14.0,2025-11-19 12:23:47.354127,2025-11-19 16:50:12.465323,False,OK sin observaciones
428,124,125.0,preventivo,14.0,2025-12-28 07:30:27.001968,2025-12-28 11:16:30.257298,False,tarea de rutina según plan
429,138,126.0,preventivo,,2024-01-18 09:06:11.082429,2024-01-18 14:12:06.376154,False,se realizó tarea programada
430,138,127.0,preventivo,14.0,2024-03-13 10:45:48.442831,2024-03-13 15:53:04.743861,False,"rutina realizada, todo en orden"
431,138,128.0,preventivo,14.0,2024-03-11 06:42:20.205698,2024-03-11 11:24:46.248217,False,s/n
432,138,130.0,preventivo,,2024-05-13 06:50:37.441186,2024-05-13 07:56:05.600500,False,"rutina realizada, todo en orden"
433,138,131.0,preventivo,14.0,2024-06-24 12:49:21.224138,2024-06-24 14:59:38.544953,False,s/n
434,138,134.0,preventivo,14.0,2024-09-24 06:37:24.348162,2024-09-24 12:05:09.013707,False,se realizó tarea programada
435,138,135.0,preventivo,14.0,2024-10-18 08:54:48.052172,2024-10-18 12:37:21.330934,False,s/n
436,138,136.0,preventivo,14.0,2024-11-25 13:03:54.897825,2024-11-25 14:47:54.114397,False,s/n
437,138,137.0,preventivo,14.0,2024-12-16 13:05:11.216051,2024-12-16 14:56:05.760831,False,pendiente revisión adicional
438,138,138.0,preventivo,14.0,2025-01-28 09:50:28.525886,2025-01-28 11:57:59.903350,False,se realizó tarea programada
439,138,139.0,preventivo,14.0,2025-02-28 14:38:30.067335,2025-02-28 18:33:06.044393,False,OK sin observaciones
440,138,140.0,preventivo,14.0,2025-03-25 11:16:09.014648,2025-03-25 13:10:15.172419,False,pendiente revisión adicional
441,138,141.0,preventivo,14.0,2025-04-29 06:13:59.064444,2025-04-29 08:35:55.462271,False,se realizó tarea programada
442,138,142.0,preventivo,14.0,2025-06-21 07:57:40.145248,2025-06-21 10:49:03.194023,False,OK sin observaciones
443,138,143.0,preventivo,,2025-06-21 12:24:59.762193,2025-06-21 13:29:11.271143,False,cumplido
444,138,144.0,preventivo,14.0,2025-07-24 08:44:28.455578,2025-07-24 12:42:08.184272,False,se realizó tarea programada
445,138,145.0,preventivo,14.0,2025-08-22 09:41:51.084760,2025-08-22 15:12:26.269183,False,pendiente revisión adicional
446,138,146.0,preventivo,14.0,2025-09-28 08:50:07.732386,2025-09-28 11:19:02.707184,True,OK sin observaciones
447,138,148.0,preventivo,14.0,2025-11-25 10:34:34.272549,2025-11-25 14:01:22.738088,True,tarea de rutina según plan
448,30,150.0,preventivo,14.0,2024-01-07 10:00:40.611386,2024-01-07 11:45:22.212221,True,"rutina realizada, todo en orden"
449,30,151.0,preventivo,14.0,2024-02-06 09:55:33.781086,2024-02-06 15:46:22.151083,False,"rutina realizada, todo en orden"
450,30,152.0,preventivo,14.0,2024-03-13 08:49:32.527361,2024-03-13 14:21:13.640508,False,tarea de rutina según plan
451,30,153.0,preventivo,14.0,2024-04-01 12:26:09.014376,2024-04-01 14:37:30.051304,False,se realizó tarea programada
452,30,154.0,preventivo,14.0,2024-05-04 08:53:52.327419,2024-05-04 14:13:12.434294,False,OK sin observaciones
453,30,155.0,preventivo,14.0,2024-05-31 12:17:56.634534,2024-05-31 17:33:04.395855,False,tarea de rutina según plan
454,30,156.0,preventivo,14.0,2024-07-01 11:55:36.900904,2024-07-01 17:12:28.412041,True,"rutina realizada, todo en orden"
455,30,157.0,preventivo,14.0,2024-08-02 07:34:03.875060,2024-08-02 10:33:18.408566,False,cumplido
456,30,158.0,preventivo,14.0,2024-09-03 12:11:19.543817,2024-09-03 17:34:33.231243,False,OK sin observaciones
457,30,159.0,preventivo,14.0,2024-09-30 15:09:29.681959,2024-09-30 17:23:04.467135,False,s/n
458,30,161.0,preventivo,14.0,2024-12-02 14:10:36.027925,2024-12-02 16:20:54.627310,False,"rutina realizada, todo en orden"
459,30,162.0,preventivo,14.0,2024-12-29 12:02:16.462361,2024-12-29 13:29:17.453041,False,"rutina realizada, todo en orden"
460,30,163.0,preventivo,14.0,2025-01-26 06:21:20.097474,2025-01-26 12:18:13.950414,False,se realizó tarea programada
461,30,165.0,preventivo,,2025-03-28 06:50:45.146631,2025-03-28 11:15:44.125692,False,cumplido
462,30,166.0,preventivo,14.0,2025-04-27 14:41:21.432717,2025-04-27 15:48:42.134663,False,s/n
463,30,167.0,preventivo,14.0,2025-05-27 07:55:29.141978,2025-05-27 12:13:39.648137,True,"rutina realizada, todo en orden"
464,30,168.0,preventivo,14.0,2025-06-28 16:30:58.089718,2025-06-28 18:19:47.584665,False,pendiente revisión adicional
465,30,170.0,preventivo,14.0,2025-08-25 14:08:05.434875,2025-08-25 19:05:16.261678,False,"rutina realizada, todo en orden"
466,30,171.0,preventivo,14.0,2025-09-27 16:57:10.234131,2025-09-27 21:10:17.885011,False,s/n
467,30,172.0,preventivo,14.0,2025-10-26 08:32:09.879069,2025-10-26 14:25:34.648396,False,s/n
468,30,173.0,preventivo,14.0,2025-11-24 17:04:34.233271,2025-11-24 23:00:32.854638,False,pendiente revisión adicional
469,31,175.0,preventivo,14.0,2024-01-31 16:22:10.790839,2024-01-31 18:53:16.403261,False,pendiente revisión adicional
470,31,176.0,preventivo,14.0,2024-02-18 12:35:30.541154,2024-02-18 15:49:29.281576,False,"rutina realizada, todo en orden"
471,31,177.0,preventivo,14.0,2024-04-11 07:18:40.514373,2024-04-11 11:25:31.831758,False,se realizó tarea programada
472,31,178.0,preventivo,14.0,2024-04-17 11:21:58.995285,2024-04-17 13:59:46.340135,False,s/n
473,31,179.0,preventivo,14.0,2024-05-16 08:06:36.709169,2024-05-16 10:12:53.410689,True,tarea de rutina según plan
474,31,180.0,preventivo,14.0,2024-06-18 17:56:15.507942,2024-06-18 23:31:46.639747,False,pendiente revisión adicional
475,31,182.0,preventivo,14.0,2024-08-17 11:00:02.833368,2024-08-17 16:21:04.550381,False,s/n
476,31,183.0,preventivo,14.0,2024-09-17 16:59:49.916311,2024-09-17 20:16:15.763576,False,tarea de rutina según plan
477,31,184.0,preventivo,14.0,2024-10-15 16:29:55.559060,2024-10-15 18:52:02.166397,False,s/n
478,31,185.0,preventivo,14.0,2024-11-12 07:42:26.624674,2024-11-12 09:15:51.194184,True,pendiente revisión adicional
479,31,187.0,preventivo,14.0,2025-01-17 17:57:46.487143,2025-01-17 20:42:08.159054,False,cumplido
480,31,188.0,preventivo,14.0,2025-02-15 08:56:05.114830,2025-02-15 13:34:11.398173,False,cumplido
481,31,189.0,preventivo,14.0,2025-03-16 12:17:56.128414,2025-03-16 17:10:39.193066,False,pendiente revisión adicional
482,31,190.0,preventivo,14.0,2025-04-13 09:33:47.753474,2025-04-13 10:59:43.806913,False,tarea de rutina según plan
483,31,191.0,preventivo,14.0,2025-05-13 13:20:33.847642,2025-05-13 18:50:55.113188,False,pendiente revisión adicional
484,31,192.0,preventivo,14.0,2025-06-12 07:47:00.376927,2025-06-12 11:01:02.711131,False,s/n
485,31,193.0,preventivo,14.0,2025-07-14 15:39:04.759176,2025-07-14 17:56:51.885592,False,OK sin observaciones
486,31,195.0,preventivo,,2025-09-22 14:57:04.796176,2025-09-22 19:21:37.191023,False,cumplido
487,31,196.0,preventivo,14.0,2025-10-12 15:20:58.783863,2025-10-12 17:46:45.432942,True,se realizó tarea programada
488,31,197.0,preventivo,14.0,2025-11-23 07:19:46.749865,2025-11-23 09:18:46.860738,False,OK sin observaciones
489,103,199.0,preventivo,14.0,2024-01-25 06:46:57.316940,2024-01-25 12:26:35.359011,False,se realizó tarea programada
490,103,200.0,preventivo,14.0,2024-02-13 09:16:11.507179,2024-02-13 13:33:50.208982,False,se realizó tarea programada
491,103,201.0,preventivo,,2024-03-12 06:03:10.119826,2024-03-12 09:17:08.580529,True,se realizó tarea programada
492,103,202.0,preventivo,14.0,2024-04-10 13:51:57.227122,2024-04-10 16:24:32.303289,False,OK sin observaciones
493,103,204.0,preventivo,14.0,2024-06-10 07:38:31.133069,2024-06-10 12:03:53.058708,True,pendiente revisión adicional
494,103,206.0,preventivo,14.0,2024-08-06 11:45:02.013033,2024-08-06 16:57:49.699365,False,OK sin observaciones
495,103,207.0,preventivo,14.0,2024-09-05 15:46:38.295056,2024-09-05 20:25:32.570941,False,se realizó tarea programada
496,103,208.0,preventivo,14.0,2024-10-07 14:10:17.757125,2024-10-07 17:42:36.516309,False,tarea de rutina según plan
497,103,209.0,preventivo,14.0,2024-11-03 12:29:12.704002,2024-11-03 16:14:55.630210,False,se realizó tarea programada
498,103,210.0,preventivo,14.0,2024-12-07 10:49:33.705083,2024-12-07 12:43:14.351225,False,pendiente revisión adicional
499,103,211.0,preventivo,14.0,2025-01-08 14:11:14.915846,2025-01-08 18:53:17.547603,False,s/n
500,103,212.0,preventivo,14.0,2025-02-01 07:52:19.560626,2025-02-01 13:16:00.283219,False,"rutina realizada, todo en orden"
501,103,213.0,preventivo,14.0,2025-03-06 07:39:17.261960,2025-03-06 11:56:03.740276,False,tarea de rutina según plan
502,103,214.0,preventivo,14.0,2025-04-03 07:30:14.083622,2025-04-03 08:56:15.507451,False,"rutina realizada, todo en orden"
503,103,215.0,preventivo,14.0,2025-05-06 12:03:53.178677,2025-05-06 17:29:45.108318,False,s/n
504,103,216.0,preventivo,14.0,2025-06-05 08:51:15.726374,2025-06-05 12:04:01.222950,False,se realizó tarea programada
505,103,217.0,preventivo,14.0,2025-07-02 12:13:54.360800,2025-07-02 16:00:13.913554,False,cumplido
506,103,218.0,preventivo,14.0,2025-08-02 13:09:43.372853,2025-08-02 17:10:31.332243,False,tarea de rutina según plan
507,103,219.0,preventivo,14.0,2025-09-04 10:43:33.661467,2025-09-04 16:43:28.528786,False,se realizó tarea programada
508,103,220.0,preventivo,14.0,2025-10-02 11:46:15.230446,2025-10-02 13:52:31.049473,False,"rutina realizada, todo en orden"
509,103,221.0,preventivo,14.0,2025-11-03 08:09:31.095275,2025-11-03 13:33:01.987064,False,cumplido
510,103,222.0,preventivo,14.0,2025-12-04 08:36:01.971896,2025-12-04 10:12:12.365834,False,s/n
511,124,224.0,preventivo,14.0,2024-01-28 10:53:42.342477,2024-01-28 13:50:36.423825,False,s/n
512,124,226.0,preventivo,14.0,2024-03-28 14:35:59.944004,2024-03-28 17:02:00.400462,False,se realizó tarea programada
513,124,227.0,preventivo,14.0,2024-04-26 07:50:41.364074,2024-04-26 10:39:49.709753,False,"rutina realizada, todo en orden"
514,124,228.0,preventivo,14.0,2024-06-07 13:08:33.317744,2024-06-07 19:03:42.086748,False,tarea de rutina según plan
515,124,229.0,preventivo,14.0,2024-06-27 14:17:36.903028,2024-06-27 16:25:57.503748,False,"rutina realizada, todo en orden"
516,124,231.0,preventivo,14.0,2024-09-07 10:19:51.000679,2024-09-07 14:54:14.523580,False,OK sin observaciones
517,124,232.0,preventivo,14.0,2024-09-21 06:06:39.121405,2024-09-21 08:57:47.214047,True,OK sin observaciones
518,124,233.0,preventivo,14.0,2024-10-25 09:48:16.195518,2024-10-25 15:10:06.695094,False,tarea de rutina según plan
519,124,234.0,preventivo,14.0,2024-11-24 16:58:05.003275,2024-11-24 22:31:16.956036,False,pendiente revisión adicional
520,124,235.0,preventivo,14.0,2024-12-20 13:35:50.167841,2024-12-20 15:32:43.802709,False,cumplido
521,124,236.0,preventivo,14.0,2025-01-31 10:15:51.546399,2025-01-31 14:14:30.541105,False,"rutina realizada, todo en orden"
522,124,237.0,preventivo,14.0,2025-02-20 08:37:04.044773,2025-02-20 12:55:56.743383,False,"rutina realizada, todo en orden"
523,124,238.0,preventivo,14.0,2025-03-23 13:48:33.688897,2025-03-23 18:19:07.559864,False,pendiente revisión adicional
524,124,239.0,preventivo,14.0,2025-04-24 08:21:48.950897,2025-04-24 10:49:11.689698,False,pendiente revisión adicional
525,124,240.0,preventivo,14.0,2025-05-22 16:04:45.152869,2025-05-22 21:28:29.194991,False,s/n
526,124,241.0,preventivo,,2025-06-20 13:06:14.524738,2025-06-20 14:13:54.097806,False,cumplido
527,124,242.0,preventivo,14.0,2025-07-19 08:22:40.997120,2025-07-19 13:51:24.152209,False,"rutina realizada, todo en orden"
528,124,243.0,preventivo,14.0,2025-08-17 09:47:41.253080,2025-08-17 12:47:04.363273,False,OK sin observaciones
529,124,244.0,preventivo,14.0,2025-09-21 17:45:46.567812,2025-09-21 19:53:25.990061,False,OK sin observaciones
530,124,245.0,preventivo,14.0,2025-10-18 12:35:28.459749,2025-10-18 16:20:21.868341,True,OK sin observaciones
531,124,246.0,preventivo,14.0,2025-11-20 07:44:20.291576,2025-11-20 13:20:54.875350,False,cumplido
532,124,247.0,preventivo,14.0,2025-12-15 09:31:54.752513,2025-12-15 12:15:00.379176,False,se realizó tarea programada
533,138,249.0,preventivo,14.0,2024-02-17 14:36:27.823048,2024-02-17 16:28:48.141636,False,cumplido
534,138,250.0,preventivo,14.0,2024-03-27 15:24:25.626344,2024-03-27 18:29:19.269141,False,cumplido
535,138,251.0,preventivo,14.0,2024-04-22 10:22:20.225482,2024-04-22 16:20:47.042603,False,cumplido
536,138,252.0,preventivo,,2024-05-23 12:45:32.664923,2024-05-23 15:13:54.674272,False,s/n
537,138,254.0,preventivo,14.0,2024-07-20 16:02:24.628660,2024-07-20 17:53:56.185289,False,se realizó tarea programada
538,138,257.0,preventivo,14.0,2024-10-16 13:28:17.601920,2024-10-16 16:00:20.611038,False,se realizó tarea programada
539,138,258.0,preventivo,14.0,2024-11-17 08:33:56.944287,2024-11-17 14:08:57.455693,False,se realizó tarea programada
540,138,259.0,preventivo,14.0,2024-12-15 16:29:38.641882,2024-12-15 19:59:39.293751,True,se realizó tarea programada
541,138,260.0,preventivo,14.0,2025-01-16 12:45:19.779284,2025-01-16 15:21:01.231950,False,"rutina realizada, todo en orden"
542,138,262.0,preventivo,14.0,2025-04-04 13:54:04.324011,2025-04-04 15:20:27.671484,False,OK sin observaciones
543,138,263.0,preventivo,14.0,2025-04-14 13:04:27.721684,2025-04-14 16:21:01.867942,False,cumplido
544,138,265.0,preventivo,14.0,2025-06-13 10:23:47.277092,2025-06-13 15:07:40.349721,False,pendiente revisión adicional
545,138,266.0,preventivo,,2025-07-15 06:33:44.223379,2025-07-15 08:26:03.274300,False,pendiente revisión adicional
546,138,267.0,preventivo,,2025-08-16 13:53:40.924957,2025-08-16 16:49:09.349007,False,se realizó tarea programada
547,138,268.0,preventivo,14.0,2025-09-23 12:21:56.525325,2025-09-23 17:50:25.047208,False,tarea de rutina según plan
548,138,269.0,preventivo,14.0,2025-10-10 16:33:51.330903,2025-10-10 22:26:07.305894,False,"rutina realizada, todo en orden"
549,138,270.0,preventivo,14.0,2025-11-14 08:03:57.220631,2025-11-14 09:55:01.366042,False,OK sin observaciones
550,138,271.0,preventivo,14.0,2025-12-10 06:52:31.929938,2025-12-10 08:14:29.182368,False,s/n
551,13,273.0,preventivo,14.0,2024-08-13 06:27:15.816239,2024-08-13 08:55:07.059346,False,cumplido
552,13,274.0,preventivo,14.0,2024-12-19 11:45:58.192480,2024-12-19 14:58:39.275052,True,tarea de rutina según plan
553,13,275.0,preventivo,14.0,2025-05-01 16:59:06.936743,2025-05-01 20:00:53.935898,False,pendiente revisión adicional
554,13,276.0,preventivo,14.0,2025-08-25 11:15:04.833676,2025-08-25 15:04:31.744213,False,tarea de rutina según plan
555,18,278.0,preventivo,14.0,2024-03-26 08:25:02.923489,2024-03-26 09:55:55.826336,False,"rutina realizada, todo en orden"
556,18,279.0,preventivo,14.0,2024-07-23 15:01:14.577230,2024-07-23 20:23:59.276622,False,pendiente revisión adicional
557,18,280.0,preventivo,14.0,2024-12-01 13:01:14.970263,2024-12-01 14:47:42.529669,False,OK sin observaciones
558,18,281.0,preventivo,14.0,2025-04-15 17:00:12.524509,2025-04-15 20:27:19.696020,False,"rutina realizada, todo en orden"
559,18,283.0,preventivo,14.0,2025-12-17 14:38:10.348875,2025-12-17 16:31:30.498811,False,cumplido
560,19,285.0,preventivo,14.0,2024-07-02 15:25:10.354654,2024-07-02 19:11:37.211861,False,pendiente revisión adicional
561,19,286.0,preventivo,14.0,2024-11-22 14:01:04.791800,2024-11-22 18:49:48.024915,False,"rutina realizada, todo en orden"
562,19,287.0,preventivo,14.0,2025-03-08 12:38:53.642489,2025-03-08 16:42:54.108744,False,OK sin observaciones
563,19,288.0,preventivo,14.0,2025-07-24 09:32:04.532084,2025-07-24 11:27:15.352228,False,s/n
564,19,289.0,preventivo,,2025-11-13 10:08:25.209032,2025-11-13 13:07:14.270038,False,tarea de rutina según plan
565,20,290.0,preventivo,,2024-04-23 13:36:36.714905,2024-04-23 18:55:45.564010,False,se realizó tarea programada
566,20,291.0,preventivo,14.0,2024-09-07 11:15:11.593457,2024-09-07 13:58:20.109524,False,OK sin observaciones
567,20,292.0,preventivo,14.0,2024-12-26 15:18:26.066544,2024-12-26 19:46:57.207562,False,OK sin observaciones
568,20,293.0,preventivo,14.0,2025-05-01 16:25:29.817515,2025-05-01 20:20:13.552744,True,"rutina realizada, todo en orden"
569,20,294.0,preventivo,14.0,2025-09-09 08:26:43.337945,2025-09-09 14:00:41.226998,False,"rutina realizada, todo en orden"
570,37,296.0,preventivo,14.0,2024-07-12 10:21:53.307917,2024-07-12 15:27:36.727056,True,pendiente revisión adicional
571,37,299.0,preventivo,14.0,2025-07-15 09:47:18.106332,2025-07-15 11:30:54.185134,True,"rutina realizada, todo en orden"
572,37,300.0,preventivo,14.0,2025-11-23 09:04:03.118539,2025-11-23 13:40:31.544936,False,OK sin observaciones
573,44,301.0,preventivo,14.0,2024-05-01 08:16:02.456420,2024-05-01 10:27:26.213197,False,OK sin observaciones
574,44,302.0,preventivo,14.0,2024-09-19 12:44:33.122467,2024-09-19 15:40:51.323735,False,tarea de rutina según plan
575,44,303.0,preventivo,,2025-01-09 09:54:30.015781,2025-01-09 14:20:51.082860,False,OK sin observaciones
576,44,304.0,preventivo,14.0,2025-05-11 12:37:58.845104,2025-05-11 17:16:47.153113,False,pendiente revisión adicional
577,44,305.0,preventivo,14.0,2025-09-13 15:17:47.152018,2025-09-13 17:57:08.741341,False,cumplido
578,46,306.0,preventivo,14.0,2024-05-28 07:46:22.948827,2024-05-28 10:32:24.274403,False,pendiente revisión adicional
579,46,307.0,preventivo,14.0,2024-10-06 13:45:06.744681,2024-10-06 19:30:18.424506,False,OK sin observaciones
580,46,308.0,preventivo,14.0,2025-01-18 13:53:46.995809,2025-01-18 17:01:51.769285,False,se realizó tarea programada
581,46,309.0,preventivo,14.0,2025-06-14 07:51:59.578557,2025-06-14 09:30:44.534087,False,tarea de rutina según plan
582,48,312.0,preventivo,14.0,2024-07-28 06:04:12.720979,2024-07-28 09:56:33.040463,False,s/n
583,48,313.0,preventivo,14.0,2024-12-02 13:45:04.935064,2024-12-02 15:42:39.543817,False,"rutina realizada, todo en orden"
584,48,314.0,preventivo,14.0,2025-03-25 06:39:44.736475,2025-03-25 11:42:40.581698,False,s/n
585,48,315.0,preventivo,14.0,2025-08-03 06:45:18.576560,2025-08-03 12:28:39.231974,False,tarea de rutina según plan
586,48,316.0,preventivo,,2025-11-30 12:52:37.753306,2025-11-30 18:52:17.291633,True,cumplido
587,55,317.0,preventivo,14.0,2024-04-16 16:57:03.566061,2024-04-16 22:21:13.015635,False,"rutina realizada, todo en orden"
588,55,318.0,preventivo,14.0,2024-08-08 08:50:44.571690,2024-08-08 11:27:46.118333,False,s/n
589,55,319.0,preventivo,14.0,2024-12-14 09:03:31.719044,2024-12-14 10:54:53.408004,False,se realizó tarea programada
590,55,321.0,preventivo,14.0,2025-08-16 15:25:53.766687,2025-08-16 19:23:20.544820,False,tarea de rutina según plan
591,55,322.0,preventivo,14.0,2025-12-17 17:46:24.035619,2025-12-17 19:39:12.815377,False,"rutina realizada, todo en orden"
592,75,323.0,preventivo,14.0,2024-02-09 11:09:11.090147,2024-02-09 15:31:14.483466,False,s/n
593,75,324.0,preventivo,14.0,2024-06-26 15:43:36.218357,2024-06-26 18:26:32.695604,False,pendiente revisión adicional
594,75,326.0,preventivo,14.0,2025-02-15 10:25:57.657656,2025-02-15 11:26:16.593162,False,tarea de rutina según plan
595,75,327.0,preventivo,14.0,2025-06-23 09:28:50.066894,2025-06-23 15:20:18.437142,False,tarea de rutina según plan
596,75,328.0,preventivo,14.0,2025-10-24 10:12:09.944492,2025-10-24 12:04:59.698219,False,s/n
597,89,329.0,preventivo,14.0,2024-04-15 07:47:28.525959,2024-04-15 13:26:18.399639,False,OK sin observaciones
598,89,331.0,preventivo,14.0,2024-12-19 08:19:45.193109,2024-12-19 13:43:31.481049,True,"rutina realizada, todo en orden"
599,89,333.0,preventivo,14.0,2025-09-18 14:07:15.108794,2025-09-18 19:22:27.540169,False,se realizó tarea programada
600,119,335.0,preventivo,14.0,2024-04-12 09:32:07.631770,2024-04-12 12:58:59.150158,False,se realizó tarea programada
601,119,336.0,preventivo,14.0,2024-08-04 12:50:17.083172,2024-08-04 17:00:21.951319,False,tarea de rutina según plan
602,119,337.0,preventivo,14.0,2024-12-13 06:48:27.535853,2024-12-13 12:17:38.641869,False,se realizó tarea programada
603,119,338.0,preventivo,,2025-04-10 11:08:59.357323,2025-04-10 15:41:42.142667,False,"rutina realizada, todo en orden"
604,119,339.0,preventivo,14.0,2025-08-12 08:43:19.552136,2025-08-12 11:55:27.694350,False,"rutina realizada, todo en orden"
605,119,340.0,preventivo,,2025-12-13 13:41:59.093329,2025-12-13 17:46:21.244272,False,cumplido
606,141,341.0,preventivo,14.0,2024-04-23 09:38:38.043619,2024-04-23 12:45:00.967709,False,tarea de rutina según plan
607,141,342.0,preventivo,,2024-08-31 09:09:03.130322,2024-08-31 13:42:28.435577,False,"rutina realizada, todo en orden"
608,141,343.0,preventivo,14.0,2025-01-06 10:30:24.176554,2025-01-06 14:37:13.028808,False,pendiente revisión adicional
609,141,344.0,preventivo,14.0,2025-05-06 16:36:02.067066,2025-05-06 19:49:30.281789,False,OK sin observaciones
610,141,345.0,preventivo,14.0,2025-09-14 15:35:36.921801,2025-09-14 17:15:35.622401,False,s/n
611,13,346.0,preventivo,14.0,2024-01-10 08:31:09.162326,2024-01-10 12:59:57.899632,False,tarea de rutina según plan
612,13,347.0,preventivo,14.0,2024-02-17 16:25:34.302332,2024-02-17 19:14:04.626482,False,"rutina realizada, todo en orden"
613,13,349.0,preventivo,14.0,2024-04-11 16:24:39.521863,2024-04-11 19:16:33.787670,False,cumplido
614,13,350.0,preventivo,14.0,2024-05-15 08:20:35.974185,2024-05-15 13:11:23.913456,False,tarea de rutina según plan
615,13,351.0,preventivo,14.0,2024-06-12 14:59:37.433578,2024-06-12 17:26:57.200525,False,pendiente revisión adicional
616,13,354.0,preventivo,14.0,2024-09-11 10:58:28.474641,2024-09-11 16:29:37.994169,True,se realizó tarea programada
617,13,355.0,preventivo,14.0,2024-10-13 17:47:45.837560,2024-10-13 22:13:34.692644,False,se realizó tarea programada
618,13,357.0,preventivo,14.0,2024-12-11 06:46:20.104970,2024-12-11 08:06:54.187059,False,pendiente revisión adicional
619,13,359.0,preventivo,14.0,2025-02-18 09:18:22.068264,2025-02-18 14:44:17.275809,False,cumplido
620,13,360.0,preventivo,14.0,2025-04-01 14:00:59.113905,2025-04-01 19:35:12.204351,False,"rutina realizada, todo en orden"
621,13,361.0,preventivo,14.0,2025-04-06 14:09:38.628955,2025-04-06 15:29:56.140936,False,s/n
622,13,363.0,preventivo,14.0,2025-06-04 15:02:04.666718,2025-06-04 16:27:51.027007,False,pendiente revisión adicional
623,13,364.0,preventivo,14.0,2025-07-02 06:57:36.839183,2025-07-02 12:30:52.912278,False,tarea de rutina según plan
624,13,365.0,preventivo,14.0,2025-08-10 13:23:44.466549,2025-08-10 16:09:12.535514,False,cumplido
625,13,367.0,preventivo,14.0,2025-10-03 14:29:38.053140,2025-10-03 18:14:19.716071,False,tarea de rutina según plan
626,13,369.0,preventivo,14.0,2025-12-19 14:51:02.858165,2025-12-19 20:14:48.923588,False,OK sin observaciones
627,13,370.0,preventivo,14.0,2025-12-30 07:35:21.900400,2025-12-30 09:09:37.219673,False,"rutina realizada, todo en orden"
628,18,371.0,preventivo,14.0,2024-02-13 10:45:13.539388,2024-02-13 13:49:24.311935,False,"rutina realizada, todo en orden"
629,18,372.0,preventivo,14.0,2024-02-26 14:27:47.428556,2024-02-26 19:36:53.671687,False,pendiente revisión adicional
630,18,373.0,preventivo,14.0,2024-03-30 14:35:54.536381,2024-03-30 18:12:59.825433,False,"rutina realizada, todo en orden"
631,18,374.0,preventivo,14.0,2024-04-26 14:21:04.331624,2024-04-26 19:34:43.690506,False,cumplido
632,18,375.0,preventivo,14.0,2024-05-27 08:58:41.025139,2024-05-27 12:36:17.989930,False,"rutina realizada, todo en orden"
633,18,376.0,preventivo,14.0,2024-06-25 12:35:37.006771,2024-06-25 14:04:32.089545,False,"rutina realizada, todo en orden"
634,18,377.0,preventivo,14.0,2024-07-24 09:59:38.034052,2024-07-24 12:20:51.276343,False,cumplido
635,18,379.0,preventivo,,2024-09-29 17:56:18.012637,2024-09-29 23:15:22.813894,False,pendiente revisión adicional
636,18,380.0,preventivo,14.0,2024-10-28 12:09:52.640978,2024-10-28 15:56:12.738854,False,"rutina realizada, todo en orden"
637,18,381.0,preventivo,14.0,2024-11-25 14:04:34.734592,2024-11-25 16:44:12.849922,False,pendiente revisión adicional
638,18,382.0,preventivo,14.0,2024-12-25 09:28:22.776970,2024-12-25 11:04:12.569916,False,"rutina realizada, todo en orden"
639,18,383.0,preventivo,14.0,2025-01-22 14:32:59.853568,2025-01-22 16:57:18.080503,False,OK sin observaciones
640,18,384.0,preventivo,14.0,2025-03-06 06:30:15.723710,2025-03-06 08:48:25.971406,False,se realizó tarea programada
641,18,385.0,preventivo,,2025-04-15 12:12:46.358802,2025-04-15 17:26:58.670006,False,"rutina realizada, todo en orden"
642,18,386.0,preventivo,,2025-04-22 06:44:00.790182,2025-04-22 11:53:59.200880,False,se realizó tarea programada
643,18,387.0,preventivo,14.0,2025-05-20 13:37:30.544585,2025-05-20 17:44:34.062164,False,s/n
644,18,389.0,preventivo,14.0,2025-07-23 13:08:06.124674,2025-07-23 18:07:28.938783,False,OK sin observaciones
645,18,390.0,preventivo,14.0,2025-08-23 14:57:44.249319,2025-08-23 17:28:26.425338,False,tarea de rutina según plan
646,18,391.0,preventivo,14.0,2025-09-21 06:33:04.478275,2025-09-21 12:30:48.735051,False,s/n
647,18,392.0,preventivo,14.0,2025-10-17 08:52:39.815514,2025-10-17 11:50:47.699119,False,se realizó tarea programada
648,18,393.0,preventivo,14.0,2025-11-21 15:47:36.193987,2025-11-21 16:58:47.141971,True,OK sin observaciones
649,18,394.0,preventivo,14.0,2025-12-21 10:09:51.737442,2025-12-21 13:26:35.070596,True,"rutina realizada, todo en orden"
650,19,395.0,preventivo,14.0,2024-01-23 06:54:12.258703,2024-01-23 11:14:37.266445,True,se realizó tarea programada
651,19,396.0,preventivo,14.0,2024-02-15 14:19:57.346194,2024-02-15 16:32:09.108754,False,cumplido
652,19,397.0,preventivo,14.0,2024-03-17 06:33:41.973486,2024-03-17 10:14:19.992865,False,cumplido
653,19,398.0,preventivo,14.0,2024-04-17 07:55:23.771144,2024-04-17 12:15:10.235755,False,cumplido
654,19,400.0,preventivo,14.0,2024-06-18 10:32:10.252637,2024-06-18 16:17:10.872975,False,tarea de rutina según plan
655,19,401.0,preventivo,14.0,2024-08-01 12:51:48.708193,2024-08-01 15:44:41.761591,False,s/n
656,19,403.0,preventivo,14.0,2024-09-16 07:52:37.725371,2024-09-16 09:10:54.975381,False,se realizó tarea programada
657,19,406.0,preventivo,14.0,2024-12-11 07:26:44.813939,2024-12-11 08:44:20.822321,False,"rutina realizada, todo en orden"
658,19,407.0,preventivo,14.0,2025-01-28 16:43:09.868211,2025-01-28 18:23:02.537129,False,s/n
659,19,409.0,preventivo,14.0,2025-03-24 10:25:24.458781,2025-03-24 13:42:12.186072,True,OK sin observaciones
660,19,412.0,preventivo,14.0,2025-06-12 06:04:01.895759,2025-06-12 10:57:48.451785,False,se realizó tarea programada
661,19,413.0,preventivo,14.0,2025-07-13 09:11:38.190553,2025-07-13 12:42:16.580748,False,tarea de rutina según plan
662,19,415.0,preventivo,14.0,2025-09-15 12:50:44.864944,2025-09-15 17:53:12.191525,False,tarea de rutina según plan
663,19,416.0,preventivo,14.0,2025-10-15 09:59:20.333785,2025-10-15 15:20:20.799640,False,cumplido
664,19,417.0,preventivo,14.0,2025-11-08 06:36:14.940557,2025-11-08 07:40:06.173031,False,s/n
665,19,418.0,preventivo,14.0,2025-12-11 06:49:26.888976,2025-12-11 12:06:17.735901,True,cumplido
666,20,419.0,preventivo,14.0,2024-01-15 15:36:16.287760,2024-01-15 19:03:45.260368,False,tarea de rutina según plan
667,20,420.0,preventivo,14.0,2024-02-05 13:23:42.519912,2024-02-05 17:25:48.011132,False,tarea de rutina según plan
668,20,421.0,preventivo,14.0,2024-03-06 07:40:30.840346,2024-03-06 11:26:22.355870,False,"rutina realizada, todo en orden"
669,20,424.0,preventivo,14.0,2024-06-13 07:01:04.993374,2024-06-13 09:55:52.792443,False,"rutina realizada, todo en orden"
670,20,425.0,preventivo,,2024-07-08 07:34:54.281442,2024-07-08 12:53:51.008985,True,cumplido
671,20,426.0,preventivo,14.0,2024-08-04 06:47:44.713721,2024-08-04 09:23:05.834328,True,cumplido
672,20,427.0,preventivo,14.0,2024-09-03 13:41:39.400666,2024-09-03 18:19:11.483065,False,cumplido
673,20,428.0,preventivo,14.0,2024-10-25 08:11:53.402077,2024-10-25 11:25:24.037402,False,OK sin observaciones
674,20,429.0,preventivo,14.0,2024-11-03 13:48:07.036929,2024-11-03 18:40:06.437073,False,"rutina realizada, todo en orden"
675,20,430.0,preventivo,14.0,2024-12-03 10:18:05.283883,2024-12-03 12:42:59.868668,False,pendiente revisión adicional
676,20,431.0,preventivo,14.0,2025-01-02 17:10:40.754185,2025-01-02 21:37:28.817676,False,tarea de rutina según plan
677,20,432.0,preventivo,14.0,2025-02-26 13:13:47.222312,2025-02-26 16:31:50.903365,False,"rutina realizada, todo en orden"
678,20,434.0,preventivo,14.0,2025-04-07 17:53:14.990210,2025-04-07 22:25:16.998845,False,cumplido
679,20,435.0,preventivo,14.0,2025-05-09 15:44:11.657106,2025-05-09 20:02:21.877384,False,se realizó tarea programada
680,20,436.0,preventivo,14.0,2025-06-06 13:19:52.998231,2025-06-06 18:31:49.175460,False,"rutina realizada, todo en orden"
681,20,437.0,preventivo,14.0,2025-06-30 15:27:31.062614,2025-06-30 17:12:07.921706,False,cumplido
682,20,438.0,preventivo,14.0,2025-08-01 08:13:55.388798,2025-08-01 09:58:04.338686,False,se realizó tarea programada
683,20,439.0,preventivo,14.0,2025-08-29 06:23:16.607004,2025-08-29 11:08:16.303237,False,pendiente revisión adicional
684,20,440.0,preventivo,14.0,2025-10-03 14:20:50.684422,2025-10-03 16:19:29.563731,False,se realizó tarea programada
685,20,441.0,preventivo,14.0,2025-10-27 12:07:01.164287,2025-10-27 13:41:02.931492,False,OK sin observaciones
686,20,442.0,preventivo,14.0,2025-11-30 11:52:45.217918,2025-11-30 16:58:18.198188,False,s/n
687,37,445.0,preventivo,14.0,2024-02-11 06:26:47.300852,2024-02-11 11:24:17.687465,False,OK sin observaciones
688,37,447.0,preventivo,14.0,2024-04-14 08:27:23.902243,2024-04-14 11:36:12.964137,False,"rutina realizada, todo en orden"
689,37,448.0,preventivo,14.0,2024-05-14 11:47:10.728513,2024-05-14 14:00:46.639105,False,"rutina realizada, todo en orden"
690,37,449.0,preventivo,14.0,2024-06-04 16:03:37.363144,2024-06-04 17:26:00.696505,True,OK sin observaciones
691,37,450.0,preventivo,,2024-07-04 13:07:28.648143,2024-07-04 14:15:13.354039,False,"rutina realizada, todo en orden"
692,37,451.0,preventivo,14.0,2024-08-05 06:42:43.106359,2024-08-05 11:33:38.677539,False,se realizó tarea programada
693,37,453.0,preventivo,14.0,2024-10-14 10:00:50.648829,2024-10-14 15:28:04.675986,False,pendiente revisión adicional
694,37,455.0,preventivo,14.0,2024-12-10 13:43:56.936417,2024-12-10 16:07:36.433665,False,s/n
695,37,456.0,preventivo,14.0,2025-01-04 14:40:13.245125,2025-01-04 16:06:52.854080,False,tarea de rutina según plan
696,37,457.0,preventivo,14.0,2025-02-02 16:09:04.996863,2025-02-02 21:54:41.567437,False,tarea de rutina según plan
697,37,458.0,preventivo,14.0,2025-03-06 11:51:53.589571,2025-03-06 15:51:59.464627,False,pendiente revisión adicional
698,37,459.0,preventivo,14.0,2025-04-08 08:12:41.201089,2025-04-08 13:26:38.913852,False,tarea de rutina según plan
699,37,460.0,preventivo,14.0,2025-05-15 12:06:37.841317,2025-05-15 15:27:28.652888,False,OK sin observaciones
700,37,461.0,preventivo,14.0,2025-06-03 14:33:56.558054,2025-06-03 19:55:51.114504,False,cumplido
701,37,462.0,preventivo,14.0,2025-07-03 17:27:23.252194,2025-07-03 22:05:30.163861,False,s/n
702,37,464.0,preventivo,14.0,2025-09-04 11:59:54.887916,2025-09-04 14:38:22.090919,False,pendiente revisión adicional
703,37,465.0,preventivo,14.0,2025-10-01 12:14:26.215236,2025-10-01 13:53:09.095848,False,"rutina realizada, todo en orden"
704,37,466.0,preventivo,14.0,2025-10-31 14:25:28.778697,2025-10-31 19:49:49.754468,False,cumplido
705,37,467.0,preventivo,14.0,2025-12-03 09:33:10.998086,2025-12-03 14:55:54.061616,False,se realizó tarea programada
706,44,469.0,preventivo,14.0,2024-01-24 16:31:44.018156,2024-01-24 18:54:26.963461,False,cumplido
707,44,470.0,preventivo,14.0,2024-02-18 09:49:34.888058,2024-02-18 11:29:35.173751,False,se realizó tarea programada
708,44,471.0,preventivo,14.0,2024-03-24 15:45:50.905613,2024-03-24 17:34:10.471819,True,tarea de rutina según plan
709,44,472.0,preventivo,14.0,2024-04-21 17:32:47.638563,2024-04-21 19:35:25.237365,False,cumplido
710,44,473.0,preventivo,14.0,2024-05-16 17:21:41.192417,2024-05-16 21:01:58.338296,False,cumplido
711,44,475.0,preventivo,14.0,2024-07-17 14:02:01.544131,2024-07-17 18:56:52.983031,True,OK sin observaciones
712,44,476.0,preventivo,14.0,2024-08-15 07:38:15.142425,2024-08-15 10:41:35.898907,False,"rutina realizada, todo en orden"
713,44,477.0,preventivo,14.0,2024-09-22 12:04:58.390326,2024-09-22 14:39:13.945082,False,pendiente revisión adicional
714,44,479.0,preventivo,14.0,2024-11-16 07:50:14.918415,2024-11-16 12:17:16.655770,False,cumplido
715,44,480.0,preventivo,14.0,2024-12-19 11:53:23.923662,2024-12-19 14:15:27.811305,False,pendiente revisión adicional
716,44,481.0,preventivo,14.0,2025-01-15 14:33:16.058389,2025-01-15 16:40:45.486849,False,"rutina realizada, todo en orden"
717,44,482.0,preventivo,14.0,2025-02-26 08:59:39.378349,2025-02-26 13:40:27.014461,False,pendiente revisión adicional
718,44,483.0,preventivo,,2025-03-30 12:49:16.496171,2025-03-30 14:23:46.993015,False,OK sin observaciones
719,44,484.0,preventivo,14.0,2025-04-15 15:05:18.507835,2025-04-15 18:24:52.959876,False,tarea de rutina según plan
720,44,486.0,preventivo,14.0,2025-06-19 17:53:35.810495,2025-06-19 20:11:53.920453,False,"rutina realizada, todo en orden"
721,44,488.0,preventivo,14.0,2025-08-10 10:29:20.718813,2025-08-10 14:25:15.644246,False,OK sin observaciones
722,44,490.0,preventivo,14.0,2025-10-30 06:33:35.146264,2025-10-30 10:30:12.798803,False,tarea de rutina según plan
723,44,491.0,preventivo,14.0,2025-11-08 07:47:38.605304,2025-11-08 11:08:28.617591,False,pendiente revisión adicional
724,44,492.0,preventivo,14.0,2025-12-22 11:23:02.570791,2025-12-22 12:36:22.805367,False,OK sin observaciones
725,46,493.0,preventivo,14.0,2024-01-19 12:09:18.212150,2024-01-19 13:34:23.109080,False,cumplido
726,46,494.0,preventivo,14.0,2024-02-16 08:03:34.740546,2024-02-16 09:40:27.744361,False,s/n
727,46,497.0,preventivo,14.0,2024-05-16 06:25:34.892459,2024-05-16 10:13:26.061254,False,cumplido
728,46,498.0,preventivo,14.0,2024-06-16 06:56:33.142438,2024-06-16 08:44:31.839092,False,"rutina realizada, todo en orden"
729,46,500.0,preventivo,14.0,2024-08-08 07:25:03.052990,2024-08-08 13:08:20.628301,False,pendiente revisión adicional
730,46,501.0,preventivo,14.0,2024-09-11 16:46:48.387628,2024-09-11 21:16:36.010390,False,OK sin observaciones
731,46,502.0,preventivo,14.0,2024-10-12 11:19:22.215367,2024-10-12 16:06:39.274169,False,cumplido
732,46,503.0,preventivo,14.0,2024-11-13 08:08:11.686355,2024-11-13 11:31:54.018587,True,tarea de rutina según plan
733,46,505.0,preventivo,14.0,2025-01-13 11:13:03.406853,2025-01-13 16:14:03.698455,False,pendiente revisión adicional
734,46,506.0,preventivo,14.0,2025-02-05 10:43:42.795689,2025-02-05 11:48:56.446638,False,cumplido
735,46,507.0,preventivo,14.0,2025-03-06 16:23:30.945337,2025-03-06 18:29:51.006404,True,se realizó tarea programada
736,46,508.0,preventivo,14.0,2025-04-11 07:20:21.813216,2025-04-11 13:15:57.139834,False,OK sin observaciones
737,46,509.0,preventivo,,2025-05-12 15:42:07.179086,2025-05-12 18:04:07.292915,False,"rutina realizada, todo en orden"
738,46,511.0,preventivo,14.0,2025-07-03 14:23:57.675211,2025-07-03 18:47:08.258797,False,"rutina realizada, todo en orden"
739,46,512.0,preventivo,14.0,2025-08-07 07:27:52.464949,2025-08-07 11:58:36.557266,False,"rutina realizada, todo en orden"
740,46,513.0,preventivo,14.0,2025-09-01 10:04:06.179890,2025-09-01 14:12:34.338030,True,cumplido
741,46,515.0,preventivo,14.0,2025-11-11 14:02:00.274282,2025-11-11 17:39:31.980607,False,tarea de rutina según plan
742,48,520.0,preventivo,14.0,2024-03-13 08:18:26.667769,2024-03-13 13:31:52.487151,False,se realizó tarea programada
743,48,521.0,preventivo,14.0,2024-04-09 07:38:46.945322,2024-04-09 10:49:29.359095,True,"rutina realizada, todo en orden"
744,48,522.0,preventivo,14.0,2024-05-04 13:07:31.565004,2024-05-04 18:14:52.281886,False,s/n
745,48,524.0,preventivo,14.0,2024-07-07 06:42:19.713380,2024-07-07 12:10:02.501251,False,se realizó tarea programada
746,48,525.0,preventivo,14.0,2024-08-05 14:39:41.316824,2024-08-05 18:26:41.374242,False,tarea de rutina según plan
747,48,527.0,preventivo,14.0,2024-10-04 12:22:44.265115,2024-10-04 16:24:31.855769,False,OK sin observaciones
748,48,529.0,preventivo,14.0,2024-12-02 14:52:43.448069,2024-12-02 20:04:53.823871,False,pendiente revisión adicional
749,48,530.0,preventivo,14.0,2025-01-01 07:33:06.159693,2025-01-01 10:40:17.410371,True,cumplido
750,48,531.0,preventivo,14.0,2025-01-28 15:40:26.435860,2025-01-28 19:23:14.820659,False,"rutina realizada, todo en orden"
751,48,532.0,preventivo,14.0,2025-03-12 13:09:43.403239,2025-03-12 18:07:28.610407,False,tarea de rutina según plan
752,48,533.0,preventivo,14.0,2025-04-05 07:08:18.039701,2025-04-05 08:37:49.412395,False,tarea de rutina según plan
753,48,534.0,preventivo,14.0,2025-04-29 09:15:06.486397,2025-04-29 14:08:19.555560,False,tarea de rutina según plan
754,48,535.0,preventivo,,2025-05-30 10:57:50.123694,2025-05-30 13:10:50.518265,False,s/n
755,48,537.0,preventivo,14.0,2025-07-27 11:42:35.858564,2025-07-27 16:48:31.331384,False,pendiente revisión adicional
756,48,538.0,preventivo,14.0,2025-09-04 12:11:48.023096,2025-09-04 15:07:21.119616,False,s/n
757,48,539.0,preventivo,14.0,2025-09-27 10:36:35.037498,2025-09-27 14:41:40.555987,False,cumplido
758,48,540.0,preventivo,14.0,2025-10-31 15:05:56.649783,2025-10-31 20:19:49.345324,False,pendiente revisión adicional
759,48,541.0,preventivo,14.0,2025-11-25 12:39:58.589587,2025-11-25 17:31:47.064005,False,"rutina realizada, todo en orden"
760,48,542.0,preventivo,14.0,2025-12-27 11:55:00.693479,2025-12-27 14:48:53.341139,False,"rutina realizada, todo en orden"
761,55,543.0,preventivo,14.0,2024-02-05 15:27:24.750472,2024-02-05 17:17:47.602788,False,cumplido
762,55,544.0,preventivo,14.0,2024-02-15 13:36:36.830424,2024-02-15 15:33:38.492896,False,OK sin observaciones
763,55,545.0,preventivo,14.0,2024-03-30 06:24:02.986404,2024-03-30 10:16:21.667472,True,se realizó tarea programada
764,55,547.0,preventivo,14.0,2024-05-17 09:05:22.699387,2024-05-17 14:57:30.339207,False,"rutina realizada, todo en orden"
765,55,548.0,preventivo,14.0,2024-06-14 16:44:58.322264,2024-06-14 21:15:36.204479,False,s/n
766,55,549.0,preventivo,14.0,2024-07-18 08:39:36.683578,2024-07-18 11:44:52.407825,False,tarea de rutina según plan
767,55,551.0,preventivo,14.0,2024-09-12 10:02:35.239821,2024-09-12 12:12:35.930398,False,tarea de rutina según plan
768,55,552.0,preventivo,14.0,2024-10-17 07:01:21.576394,2024-10-17 09:38:47.195982,False,s/n
769,55,553.0,preventivo,14.0,2024-11-12 12:45:42.284227,2024-11-12 17:09:59.677012,False,"rutina realizada, todo en orden"
770,55,554.0,preventivo,14.0,2024-12-12 06:18:45.465943,2024-12-12 08:57:13.800849,False,se realizó tarea programada
771,55,555.0,preventivo,14.0,2025-01-11 15:37:18.841579,2025-01-11 21:18:30.445050,False,cumplido
772,55,556.0,preventivo,14.0,2025-02-10 13:28:05.301238,2025-02-10 16:04:37.316285,False,"rutina realizada, todo en orden"
773,55,557.0,preventivo,14.0,2025-03-16 06:09:58.218306,2025-03-16 10:10:31.657612,False,s/n
774,55,558.0,preventivo,14.0,2025-04-15 11:43:54.565869,2025-04-15 16:49:02.417175,False,cumplido
775,55,560.0,preventivo,14.0,2025-06-11 14:52:42.552689,2025-06-11 19:37:37.716394,False,"rutina realizada, todo en orden"
776,55,561.0,preventivo,14.0,2025-07-13 15:00:50.766055,2025-07-13 19:58:08.785606,False,"rutina realizada, todo en orden"
777,55,562.0,preventivo,14.0,2025-08-08 16:56:44.318612,2025-08-08 19:29:25.770375,False,OK sin observaciones
778,55,563.0,preventivo,14.0,2025-09-06 13:43:38.983294,2025-09-06 18:15:40.457799,False,"rutina realizada, todo en orden"
779,55,564.0,preventivo,14.0,2025-10-06 11:55:44.023929,2025-10-06 15:40:17.959616,False,"rutina realizada, todo en orden"
780,55,565.0,preventivo,14.0,2025-11-12 14:35:01.399518,2025-11-12 20:02:07.843548,False,pendiente revisión adicional
781,55,566.0,preventivo,14.0,2025-12-07 11:43:35.921753,2025-12-07 14:10:03.672709,False,pendiente revisión adicional
782,75,568.0,preventivo,14.0,2024-02-23 07:09:02.799855,2024-02-23 10:58:29.962173,False,cumplido
783,75,569.0,preventivo,14.0,2024-03-27 10:20:19.820969,2024-03-27 12:34:57.492395,False,pendiente revisión adicional
784,75,570.0,preventivo,14.0,2024-04-27 15:25:56.768922,2024-04-27 19:57:29.692611,False,OK sin observaciones
785,75,571.0,preventivo,14.0,2024-05-28 13:33:01.350957,2024-05-28 17:32:20.780486,True,cumplido
786,75,572.0,preventivo,14.0,2024-06-18 16:53:00.465644,2024-06-18 20:28:35.853800,False,OK sin observaciones
787,75,573.0,preventivo,14.0,2024-07-26 14:54:16.549343,2024-07-26 19:37:13.275324,False,s/n
788,75,574.0,preventivo,,2024-09-11 15:44:19.854068,2024-09-11 17:00:29.088556,False,se realizó tarea programada
789,75,575.0,preventivo,14.0,2024-10-08 14:37:04.064297,2024-10-08 16:50:04.988821,False,tarea de rutina según plan
790,75,576.0,preventivo,14.0,2024-10-16 17:50:25.957494,2024-10-16 23:44:21.881125,False,se realizó tarea programada
791,75,577.0,preventivo,14.0,2024-11-17 09:00:45.863954,2024-11-17 13:04:23.923800,True,"rutina realizada, todo en orden"
792,75,578.0,preventivo,14.0,2024-12-19 07:59:35.572390,2024-12-19 12:07:21.998207,False,tarea de rutina según plan
793,75,580.0,preventivo,14.0,2025-02-17 08:47:03.478004,2025-02-17 14:35:38.707348,False,tarea de rutina según plan
794,75,581.0,preventivo,14.0,2025-03-19 17:45:21.417912,2025-03-19 19:51:43.402932,False,cumplido
795,75,582.0,preventivo,14.0,2025-04-17 07:41:03.595263,2025-04-17 11:36:15.990378,False,pendiente revisión adicional
796,75,583.0,preventivo,14.0,2025-05-15 10:31:16.397960,2025-05-15 15:34:20.175363,False,tarea de rutina según plan
797,75,584.0,preventivo,14.0,2025-06-13 08:36:16.400296,2025-06-13 11:07:20.885390,False,"rutina realizada, todo en orden"
798,75,585.0,preventivo,14.0,2025-07-17 07:23:13.004434,2025-07-17 13:09:59.004769,False,s/n
799,75,586.0,preventivo,14.0,2025-08-21 15:04:51.591898,2025-08-21 19:48:33.936156,False,"rutina realizada, todo en orden"
800,75,587.0,preventivo,14.0,2025-09-18 16:02:36.255652,2025-09-18 20:53:18.871751,False,"rutina realizada, todo en orden"
801,75,588.0,preventivo,14.0,2025-10-11 06:07:22.599569,2025-10-11 08:49:12.915039,False,OK sin observaciones
802,75,589.0,preventivo,14.0,2025-11-13 13:41:49.253475,2025-11-13 17:32:16.665529,False,tarea de rutina según plan
803,89,591.0,preventivo,14.0,2024-01-17 16:45:23.618140,2024-01-17 19:40:12.407925,False,pendiente revisión adicional
804,89,592.0,preventivo,14.0,2024-02-15 17:27:58.803916,2024-02-15 22:48:30.751736,False,tarea de rutina según plan
805,89,593.0,preventivo,14.0,2024-03-18 09:39:18.562377,2024-03-18 12:54:28.287496,False,pendiente revisión adicional
806,89,594.0,preventivo,14.0,2024-04-13 07:37:53.877651,2024-04-13 09:47:43.044275,False,"rutina realizada, todo en orden"
807,89,595.0,preventivo,14.0,2024-05-11 07:08:18.866919,2024-05-11 12:23:54.787889,False,pendiente revisión adicional
808,89,596.0,preventivo,14.0,2024-06-11 12:42:06.386691,2024-06-11 17:22:31.049491,False,"rutina realizada, todo en orden"
809,89,597.0,preventivo,14.0,2024-07-11 17:27:15.474012,2024-07-11 19:25:10.971746,False,pendiente revisión adicional
810,89,598.0,preventivo,14.0,2024-08-11 17:10:50.065538,2024-08-11 20:16:03.550392,False,pendiente revisión adicional
811,89,599.0,preventivo,14.0,2024-09-07 12:32:38.535034,2024-09-07 17:13:16.551078,False,se realizó tarea programada
812,89,600.0,preventivo,14.0,2024-10-14 17:04:04.792439,2024-10-14 19:41:36.469374,False,s/n
813,89,601.0,preventivo,14.0,2024-11-07 10:50:00.747994,2024-11-07 13:08:11.349895,False,tarea de rutina según plan
814,89,602.0,preventivo,14.0,2024-12-09 12:38:46.859192,2024-12-09 16:06:35.600441,False,OK sin observaciones
815,89,603.0,preventivo,14.0,2025-01-19 14:18:38.313157,2025-01-19 17:10:55.729306,True,"rutina realizada, todo en orden"
816,89,605.0,preventivo,14.0,2025-03-05 08:05:01.721269,2025-03-05 12:12:02.199918,False,tarea de rutina según plan
817,89,606.0,preventivo,14.0,2025-04-09 06:49:08.966160,2025-04-09 11:16:24.928496,False,pendiente revisión adicional
818,89,607.0,preventivo,14.0,2025-05-08 12:17:07.390647,2025-05-08 13:57:48.664252,False,OK sin observaciones
819,89,608.0,preventivo,14.0,2025-06-11 17:51:50.200794,2025-06-11 20:22:44.134205,False,OK sin observaciones
820,89,609.0,preventivo,14.0,2025-07-08 10:22:29.693903,2025-07-08 14:30:17.171544,False,pendiente revisión adicional
821,89,610.0,preventivo,14.0,2025-08-06 15:50:26.785883,2025-08-06 19:10:04.717705,False,"rutina realizada, todo en orden"
822,89,611.0,preventivo,14.0,2025-09-10 12:25:03.848065,2025-09-10 15:59:14.742623,False,"rutina realizada, todo en orden"
823,89,612.0,preventivo,14.0,2025-10-04 16:53:47.395480,2025-10-04 21:27:18.656608,False,se realizó tarea programada
824,89,614.0,preventivo,14.0,2025-12-01 09:50:40.371056,2025-12-01 13:59:20.744196,False,tarea de rutina según plan
825,119,616.0,preventivo,14.0,2024-02-06 15:04:55.619461,2024-02-06 18:02:39.122765,False,"rutina realizada, todo en orden"
826,119,617.0,preventivo,14.0,2024-02-28 07:53:56.407817,2024-02-28 09:33:45.496468,False,tarea de rutina según plan
827,119,618.0,preventivo,14.0,2024-04-01 08:14:48.363047,2024-04-01 11:05:19.273923,False,"rutina realizada, todo en orden"
828,119,619.0,preventivo,14.0,2024-05-04 14:14:40.757997,2024-05-04 15:38:26.960799,False,s/n
829,119,620.0,preventivo,14.0,2024-05-29 11:43:31.896246,2024-05-29 15:22:55.682937,True,s/n
830,119,621.0,preventivo,14.0,2024-06-28 10:38:30.746930,2024-06-28 13:02:31.481188,False,cumplido
831,119,622.0,preventivo,14.0,2024-08-04 17:38:59.970474,2024-08-04 20:56:34.479304,True,s/n
832,119,623.0,preventivo,14.0,2024-09-04 14:46:06.609075,2024-09-04 17:30:53.458615,False,s/n
833,119,624.0,preventivo,14.0,2024-09-30 16:37:39.594873,2024-09-30 19:26:00.714461,False,OK sin observaciones
834,119,626.0,preventivo,14.0,2024-11-30 12:33:42.488709,2024-11-30 14:59:13.442222,True,s/n
835,119,627.0,preventivo,14.0,2024-12-24 11:43:14.919832,2024-12-24 14:02:32.612374,True,cumplido
836,119,628.0,preventivo,14.0,2025-02-16 11:52:03.077412,2025-02-16 14:47:20.906520,False,"rutina realizada, todo en orden"
837,119,629.0,preventivo,14.0,2025-02-27 15:14:27.997683,2025-02-27 20:43:35.974874,False,se realizó tarea programada
838,119,630.0,preventivo,14.0,2025-04-01 16:57:57.503066,2025-04-01 22:35:35.582685,False,pendiente revisión adicional
839,119,631.0,preventivo,14.0,2025-04-25 07:45:02.587094,2025-04-25 09:08:48.539013,False,se realizó tarea programada
840,119,632.0,preventivo,14.0,2025-05-29 17:20:23.862965,2025-05-29 18:39:12.545538,False,cumplido
841,119,633.0,preventivo,,2025-06-26 08:41:26.923846,2025-06-26 10:59:41.517125,False,tarea de rutina según plan
842,119,634.0,preventivo,14.0,2025-08-20 10:40:44.286210,2025-08-20 13:16:33.733276,False,s/n
843,119,635.0,preventivo,,2025-08-22 12:11:03.739869,2025-08-22 15:53:41.232425,False,cumplido
844,119,636.0,preventivo,14.0,2025-09-25 15:10:47.446124,2025-09-25 19:51:58.207486,False,OK sin observaciones
845,119,637.0,preventivo,14.0,2025-10-24 16:31:53.823222,2025-10-24 19:50:20.482513,False,OK sin observaciones
846,119,638.0,preventivo,14.0,2025-11-25 14:59:06.051743,2025-11-25 16:55:07.117979,False,se realizó tarea programada
847,141,640.0,preventivo,14.0,2024-02-01 07:36:37.683074,2024-02-01 08:39:31.618042,False,se realizó tarea programada
848,141,641.0,preventivo,14.0,2024-03-11 16:33:38.419157,2024-03-11 21:39:19.390431,False,pendiente revisión adicional
849,141,642.0,preventivo,14.0,2024-03-24 10:25:59.129101,2024-03-24 13:47:47.489097,False,"rutina realizada, todo en orden"
850,141,643.0,preventivo,14.0,2024-04-26 17:28:11.389700,2024-04-26 21:09:44.112671,False,pendiente revisión adicional
851,141,644.0,preventivo,14.0,2024-05-24 12:52:09.016705,2024-05-24 14:03:40.521549,False,cumplido
852,141,645.0,preventivo,14.0,2024-06-22 15:22:32.355146,2024-06-22 19:21:57.796210,False,cumplido
853,141,646.0,preventivo,14.0,2024-07-25 12:15:23.624918,2024-07-25 15:39:26.189357,False,cumplido
854,141,647.0,preventivo,14.0,2024-09-18 12:36:05.488466,2024-09-18 17:26:44.199745,False,cumplido
855,141,648.0,preventivo,14.0,2024-09-22 06:15:35.404201,2024-09-22 11:59:42.531755,False,tarea de rutina según plan
856,141,650.0,preventivo,14.0,2024-11-20 13:56:28.003543,2024-11-20 15:03:40.912105,False,"rutina realizada, todo en orden"
857,141,651.0,preventivo,14.0,2024-12-20 14:49:36.424069,2024-12-20 20:38:56.590863,False,tarea de rutina según plan
858,141,652.0,preventivo,14.0,2025-01-23 06:42:44.476427,2025-01-23 11:12:13.811530,False,tarea de rutina según plan
859,141,653.0,preventivo,14.0,2025-02-25 06:14:10.796075,2025-02-25 07:31:55.705712,False,s/n
860,141,654.0,preventivo,14.0,2025-03-20 15:21:58.176270,2025-03-20 20:13:21.357407,False,"rutina realizada, todo en orden"
861,141,655.0,preventivo,14.0,2025-04-19 06:32:47.433119,2025-04-19 09:12:52.863787,False,cumplido
862,141,656.0,preventivo,14.0,2025-05-26 17:21:30.806404,2025-05-26 20:16:34.740549,False,se realizó tarea programada
863,141,657.0,preventivo,,2025-06-22 06:39:20.327011,2025-06-22 08:13:02.984745,False,se realizó tarea programada
864,141,658.0,preventivo,14.0,2025-07-23 14:11:48.909170,2025-07-23 19:47:40.486336,False,"rutina realizada, todo en orden"
865,141,660.0,preventivo,14.0,2025-09-23 11:16:47.895110,2025-09-23 13:45:31.662683,True,"rutina realizada, todo en orden"
866,141,662.0,preventivo,,2025-12-07 06:54:28.488785,2025-12-07 09:42:15.499013,False,se realizó tarea programada
867,141,663.0,preventivo,14.0,2025-12-23 10:24:13.082145,2025-12-23 12:41:46.765547,False,s/n
868,22,664.0,preventivo,14.0,2024-02-07 07:44:55.093707,2024-02-07 13:44:13.537214,False,tarea de rutina según plan
869,22,666.0,preventivo,14.0,2024-06-02 16:39:19.724372,2024-06-02 19:09:06.735070,False,cumplido
870,22,668.0,preventivo,14.0,2024-10-02 16:46:04.300427,2024-10-02 22:41:45.743252,True,cumplido
871,22,670.0,preventivo,14.0,2025-01-28 10:58:59.398304,2025-01-28 13:59:57.742070,False,se realizó tarea programada
872,22,671.0,preventivo,14.0,2025-04-01 09:50:19.057519,2025-04-01 14:32:53.064322,False,s/n
873,22,672.0,preventivo,14.0,2025-06-12 16:49:21.899014,2025-06-12 18:04:02.705533,False,se realizó tarea programada
874,22,674.0,preventivo,14.0,2025-09-29 11:57:47.010193,2025-09-29 17:42:33.188571,False,tarea de rutina según plan
875,29,676.0,preventivo,14.0,2024-02-26 09:02:47.752571,2024-02-26 10:21:55.747687,False,s/n
876,29,677.0,preventivo,14.0,2024-05-03 12:20:19.582214,2024-05-03 13:32:30.532467,False,OK sin observaciones
877,29,678.0,preventivo,14.0,2024-07-02 12:36:44.700227,2024-07-02 15:43:33.451687,False,"rutina realizada, todo en orden"
878,29,679.0,preventivo,14.0,2024-09-02 15:15:33.448325,2024-09-02 18:05:54.887430,False,se realizó tarea programada
879,29,680.0,preventivo,14.0,2024-11-21 10:49:07.865204,2024-11-21 14:09:31.738599,False,se realizó tarea programada
880,29,683.0,preventivo,14.0,2025-05-20 06:17:08.370723,2025-05-20 11:27:27.643528,False,"rutina realizada, todo en orden"
881,29,684.0,preventivo,14.0,2025-06-23 11:05:07.703395,2025-06-23 14:07:38.078913,False,cumplido
882,29,685.0,preventivo,14.0,2025-08-24 07:20:11.836616,2025-08-24 11:13:29.445654,False,s/n
883,29,686.0,preventivo,14.0,2025-10-23 12:06:49.306398,2025-10-23 14:01:06.453487,False,cumplido
884,29,687.0,preventivo,14.0,2025-12-23 11:06:42.858658,2025-12-23 13:17:26.739772,True,tarea de rutina según plan
885,45,689.0,preventivo,14.0,2024-03-31 16:21:42.527950,2024-03-31 17:38:44.586563,False,s/n
886,45,690.0,preventivo,14.0,2024-05-28 13:12:01.271883,2024-05-28 14:57:37.918222,False,OK sin observaciones
887,45,691.0,preventivo,14.0,2024-07-27 10:45:36.314530,2024-07-27 15:27:08.941311,False,tarea de rutina según plan
888,45,692.0,preventivo,14.0,2024-09-26 15:47:41.641948,2024-09-26 21:20:56.966231,False,tarea de rutina según plan
889,45,693.0,preventivo,14.0,2024-11-26 15:44:31.783754,2024-11-26 21:01:35.050951,False,"rutina realizada, todo en orden"
890,45,694.0,preventivo,14.0,2025-02-16 07:26:42.964533,2025-02-16 08:35:06.722599,False,pendiente revisión adicional
891,45,696.0,preventivo,14.0,2025-05-23 06:02:46.919717,2025-05-23 10:41:02.946659,False,s/n
892,45,697.0,preventivo,14.0,2025-07-25 07:03:28.862219,2025-07-25 12:49:16.062897,False,se realizó tarea programada
893,45,699.0,preventivo,14.0,2025-11-18 09:32:09.143039,2025-11-18 13:03:37.608308,False,s/n
894,47,700.0,preventivo,14.0,2024-01-18 12:29:13.901487,2024-01-18 14:40:56.616846,False,pendiente revisión adicional
895,47,701.0,preventivo,14.0,2024-03-10 14:49:26.336209,2024-03-10 17:02:24.310535,False,tarea de rutina según plan
896,47,702.0,preventivo,14.0,2024-05-10 10:14:59.909639,2024-05-10 13:40:01.092141,False,se realizó tarea programada
897,47,703.0,preventivo,14.0,2024-08-01 06:22:02.378333,2024-08-01 08:01:55.354192,False,"rutina realizada, todo en orden"
898,47,704.0,preventivo,14.0,2024-09-07 12:38:56.655411,2024-09-07 16:56:44.553611,False,"rutina realizada, todo en orden"
899,47,705.0,preventivo,14.0,2024-11-10 09:02:12.370489,2024-11-10 14:58:34.043480,False,se realizó tarea programada
900,47,706.0,preventivo,14.0,2025-01-04 17:36:21.167021,2025-01-04 22:02:08.944839,False,cumplido
901,47,707.0,preventivo,14.0,2025-03-10 14:37:30.465772,2025-03-10 19:19:54.970485,False,cumplido
902,47,708.0,preventivo,14.0,2025-05-05 07:17:05.448746,2025-05-05 09:40:05.401903,False,se realizó tarea programada
903,47,709.0,preventivo,14.0,2025-07-04 16:04:37.685924,2025-07-04 19:58:59.998628,False,pendiente revisión adicional
904,47,710.0,preventivo,14.0,2025-09-07 16:05:56.627380,2025-09-07 20:48:18.092843,True,"rutina realizada, todo en orden"
905,47,711.0,preventivo,14.0,2025-10-31 11:34:09.157333,2025-10-31 12:39:20.431772,False,"rutina realizada, todo en orden"
906,49,713.0,preventivo,14.0,2024-01-07 07:29:03.925621,2024-01-07 11:43:31.873649,False,se realizó tarea programada
907,49,715.0,preventivo,14.0,2024-05-09 06:43:03.412241,2024-05-09 09:30:58.240079,False,"rutina realizada, todo en orden"
908,49,716.0,preventivo,14.0,2024-07-01 16:55:45.464434,2024-07-01 18:26:41.963783,False,se realizó tarea programada
909,49,717.0,preventivo,14.0,2024-08-31 17:30:03.951522,2024-08-31 20:01:35.118218,False,tarea de rutina según plan
910,49,720.0,preventivo,14.0,2025-02-26 10:20:45.902796,2025-02-26 16:16:11.556337,False,se realizó tarea programada
911,49,723.0,preventivo,14.0,2025-09-10 13:49:09.948898,2025-09-10 16:47:26.914543,False,cumplido
912,49,725.0,preventivo,14.0,2025-12-25 14:18:51.247652,2025-12-25 16:47:40.214753,True,tarea de rutina según plan
913,59,726.0,preventivo,14.0,2024-02-26 08:34:35.987920,2024-02-26 10:43:15.224935,False,cumplido
914,59,727.0,preventivo,14.0,2024-04-26 12:09:50.589677,2024-04-26 16:09:01.645351,False,"rutina realizada, todo en orden"
915,59,728.0,preventivo,14.0,2024-06-29 13:51:48.511379,2024-06-29 17:55:59.536915,True,s/n
916,59,730.0,preventivo,14.0,2024-10-27 17:17:34.404155,2024-10-27 19:00:08.822015,False,tarea de rutina según plan
917,59,731.0,preventivo,14.0,2024-12-23 12:07:24.410028,2024-12-23 17:21:56.630234,True,pendiente revisión adicional
918,59,732.0,preventivo,14.0,2025-02-24 06:10:09.498401,2025-02-24 11:04:08.225091,False,se realizó tarea programada
919,59,734.0,preventivo,14.0,2025-06-21 17:07:23.755959,2025-06-21 22:59:14.803029,False,s/n
920,59,736.0,preventivo,14.0,2025-11-01 17:19:46.284042,2025-11-01 18:47:57.139181,True,se realizó tarea programada
921,59,737.0,preventivo,14.0,2025-12-21 08:47:13.034025,2025-12-21 14:32:50.336853,False,se realizó tarea programada
922,72,738.0,preventivo,14.0,2024-03-06 14:25:42.714911,2024-03-06 18:09:21.564533,False,pendiente revisión adicional
923,72,739.0,preventivo,,2024-05-18 14:07:21.016250,2024-05-18 16:55:46.608516,False,pendiente revisión adicional
924,72,740.0,preventivo,14.0,2024-06-28 13:30:25.184500,2024-06-28 15:29:00.359131,False,cumplido
925,72,741.0,preventivo,14.0,2024-09-01 10:38:39.086007,2024-09-01 15:17:30.608679,False,se realizó tarea programada
926,72,742.0,preventivo,14.0,2024-10-25 09:49:55.007028,2024-10-25 10:50:14.664366,False,se realizó tarea programada
927,72,743.0,preventivo,14.0,2024-12-25 08:02:38.561440,2024-12-25 11:05:49.742298,False,pendiente revisión adicional
928,72,745.0,preventivo,14.0,2025-05-08 14:18:22.344421,2025-05-08 17:16:20.424294,False,se realizó tarea programada
929,72,746.0,preventivo,14.0,2025-07-02 12:55:32.337427,2025-07-02 15:26:55.630413,False,"rutina realizada, todo en orden"
930,72,747.0,preventivo,14.0,2025-08-21 15:04:16.496412,2025-08-21 20:46:05.036080,False,se realizó tarea programada
931,72,748.0,preventivo,14.0,2025-10-21 11:05:29.948667,2025-10-21 14:45:34.938010,False,s/n
932,90,750.0,preventivo,14.0,2024-02-19 17:52:07.716579,2024-02-19 19:55:16.592195,True,s/n
933,90,751.0,preventivo,14.0,2024-04-19 17:16:29.639464,2024-04-19 19:08:23.402009,False,pendiente revisión adicional
934,90,752.0,preventivo,14.0,2024-06-14 17:52:57.662418,2024-06-14 19:06:20.521230,True,OK sin observaciones
935,90,753.0,preventivo,14.0,2024-08-14 08:23:18.954051,2024-08-14 10:17:13.230328,False,s/n
936,90,754.0,preventivo,14.0,2024-10-18 16:04:43.471683,2024-10-18 20:04:58.917869,False,OK sin observaciones
937,90,755.0,preventivo,14.0,2024-12-24 07:31:20.616289,2024-12-24 13:12:39.341248,False,pendiente revisión adicional
938,90,756.0,preventivo,14.0,2025-02-11 12:56:41.775322,2025-02-11 17:29:50.766262,False,cumplido
939,90,757.0,preventivo,14.0,2025-04-16 13:18:19.515862,2025-04-16 16:30:21.672927,False,"rutina realizada, todo en orden"
940,90,758.0,preventivo,,2025-06-16 11:01:58.224690,2025-06-16 14:48:06.969240,False,OK sin observaciones
941,90,759.0,preventivo,14.0,2025-08-09 09:24:01.984266,2025-08-09 12:05:26.251245,False,OK sin observaciones
942,90,760.0,preventivo,14.0,2025-10-07 07:06:45.648188,2025-10-07 10:40:36.459330,False,pendiente revisión adicional
943,115,763.0,preventivo,14.0,2024-03-09 10:41:53.422731,2024-03-09 14:27:47.334897,False,cumplido
944,115,764.0,preventivo,14.0,2024-05-13 17:42:48.243170,2024-05-13 19:43:31.720981,False,"rutina realizada, todo en orden"
945,115,765.0,preventivo,14.0,2024-07-06 06:54:22.048422,2024-07-06 12:22:22.776981,False,se realizó tarea programada
946,115,766.0,preventivo,,2024-09-11 15:03:49.909766,2024-09-11 18:36:42.125086,False,OK sin observaciones
947,115,768.0,preventivo,14.0,2025-01-05 14:01:17.520285,2025-01-05 19:16:18.505445,False,pendiente revisión adicional
948,115,770.0,preventivo,14.0,2025-05-05 08:25:56.785192,2025-05-05 09:32:32.365413,False,se realizó tarea programada
949,115,771.0,preventivo,14.0,2025-07-09 10:46:23.299331,2025-07-09 13:26:54.140495,False,cumplido
950,115,772.0,preventivo,14.0,2025-09-23 13:17:08.283625,2025-09-23 15:28:16.152957,False,"rutina realizada, todo en orden"
951,115,773.0,preventivo,14.0,2025-11-04 09:43:37.072527,2025-11-04 14:38:42.183134,False,pendiente revisión adicional
952,117,775.0,preventivo,14.0,2024-02-11 13:51:59.980855,2024-02-11 16:01:15.472758,False,cumplido
953,117,778.0,preventivo,14.0,2024-07-22 06:42:34.861911,2024-07-22 12:29:58.365855,False,tarea de rutina según plan
954,117,779.0,preventivo,14.0,2024-09-23 06:52:38.431488,2024-09-23 09:50:01.280825,False,tarea de rutina según plan
955,117,780.0,preventivo,14.0,2024-11-14 14:15:13.626481,2024-11-14 16:15:22.521225,False,"rutina realizada, todo en orden"
956,117,781.0,preventivo,14.0,2025-01-19 07:00:06.870730,2025-01-19 12:08:22.041907,False,"rutina realizada, todo en orden"
957,117,783.0,preventivo,14.0,2025-05-21 11:51:00.749976,2025-05-21 13:38:06.127737,False,s/n
958,117,784.0,preventivo,14.0,2025-07-13 14:58:13.456883,2025-07-13 20:35:56.007685,False,tarea de rutina según plan
959,117,785.0,preventivo,14.0,2025-09-14 07:16:06.569574,2025-09-14 09:06:24.708553,False,tarea de rutina según plan
960,117,786.0,preventivo,,2025-11-11 17:23:22.423175,2025-11-11 20:41:06.648282,False,pendiente revisión adicional
961,140,787.0,preventivo,14.0,2024-01-07 06:01:44.031813,2024-01-07 08:45:04.963750,False,s/n
962,140,788.0,preventivo,14.0,2024-03-05 07:25:59.509349,2024-03-05 11:53:31.045955,False,tarea de rutina según plan
963,140,790.0,preventivo,14.0,2024-07-10 08:27:23.987918,2024-07-10 12:11:34.522371,False,pendiente revisión adicional
964,140,791.0,preventivo,14.0,2024-09-02 12:31:47.863530,2024-09-02 13:50:48.487171,False,pendiente revisión adicional
965,140,792.0,preventivo,14.0,2024-10-31 15:36:58.653181,2024-10-31 18:59:40.391103,False,s/n
966,140,793.0,preventivo,14.0,2024-12-28 14:13:09.254084,2024-12-28 19:21:34.030995,False,cumplido
967,140,794.0,preventivo,14.0,2025-03-05 14:03:43.444017,2025-03-05 16:50:09.728947,False,cumplido
968,140,795.0,preventivo,14.0,2025-05-03 06:36:32.338260,2025-05-03 12:07:42.900928,False,pendiente revisión adicional
969,140,796.0,preventivo,14.0,2025-06-27 14:05:45.708630,2025-06-27 15:40:25.090116,False,pendiente revisión adicional
970,140,798.0,preventivo,14.0,2025-10-25 17:46:36.364778,2025-10-25 19:22:29.712972,False,cumplido
971,140,799.0,preventivo,14.0,2025-12-24 08:28:17.542750,2025-12-24 11:29:52.393014,False,OK sin observaciones
972,32,801.0,preventivo,14.0,2024-01-24 12:47:46.465946,2024-01-24 14:20:16.274082,False,cumplido
973,32,803.0,preventivo,14.0,2024-02-21 14:01:44.107194,2024-02-21 17:12:13.269533,False,cumplido
974,32,804.0,preventivo,14.0,2024-03-05 15:04:51.697681,2024-03-05 20:59:39.303223,False,"rutina realizada, todo en orden"
975,32,805.0,preventivo,14.0,2024-03-22 17:11:20.287549,2024-03-22 22:18:55.874380,False,s/n
976,32,806.0,preventivo,14.0,2024-04-14 12:00:07.010766,2024-04-14 16:11:12.582764,False,cumplido
977,32,808.0,preventivo,14.0,2024-05-16 09:21:41.978346,2024-05-16 14:34:33.015111,False,OK sin observaciones
978,32,809.0,preventivo,14.0,2024-05-27 08:48:28.451926,2024-05-27 14:37:42.071470,True,OK sin observaciones
979,32,811.0,preventivo,14.0,2024-06-25 11:02:43.862334,2024-06-25 16:02:18.864765,False,pendiente revisión adicional
980,32,812.0,preventivo,,2024-07-18 10:57:11.009565,2024-07-18 16:16:17.960923,False,"rutina realizada, todo en orden"
981,32,813.0,preventivo,14.0,2024-08-02 17:18:10.192229,2024-08-02 18:45:27.019008,False,se realizó tarea programada
982,32,814.0,preventivo,14.0,2024-08-26 16:42:41.301064,2024-08-26 20:59:24.359573,False,se realizó tarea programada
983,32,815.0,preventivo,14.0,2024-09-03 13:50:20.213259,2024-09-03 17:21:26.397226,False,"rutina realizada, todo en orden"
984,32,816.0,preventivo,,2024-09-18 15:37:20.867500,2024-09-18 18:42:18.108136,False,cumplido
985,32,817.0,preventivo,,2024-10-01 09:21:49.415459,2024-10-01 14:25:02.103368,False,"rutina realizada, todo en orden"
986,32,818.0,preventivo,14.0,2024-10-23 16:03:29.203838,2024-10-23 21:46:04.546633,False,tarea de rutina según plan
987,32,819.0,preventivo,14.0,2024-11-24 10:51:01.521229,2024-11-24 16:17:18.510723,False,tarea de rutina según plan
988,32,821.0,preventivo,14.0,2024-12-03 15:19:53.728537,2024-12-03 17:08:28.582898,False,cumplido
989,32,822.0,preventivo,14.0,2024-12-20 17:21:20.826462,2024-12-20 22:39:23.889276,False,pendiente revisión adicional
990,32,824.0,preventivo,14.0,2025-02-08 07:57:13.437411,2025-02-08 11:42:22.178270,False,OK sin observaciones
991,32,826.0,preventivo,14.0,2025-02-23 15:51:01.441069,2025-02-23 20:19:28.914221,False,"rutina realizada, todo en orden"
992,32,827.0,preventivo,14.0,2025-03-14 17:11:14.472134,2025-03-14 21:53:00.707481,False,OK sin observaciones
993,32,828.0,preventivo,14.0,2025-04-02 08:11:29.788498,2025-04-02 09:13:44.137265,False,pendiente revisión adicional
994,32,829.0,preventivo,14.0,2025-04-12 12:36:46.660410,2025-04-12 17:19:51.307543,False,cumplido
995,32,830.0,preventivo,14.0,2025-05-01 15:30:04.676574,2025-05-01 17:13:45.434063,False,se realizó tarea programada
996,32,832.0,preventivo,14.0,2025-06-12 08:57:51.257007,2025-06-12 12:02:30.301331,False,s/n
997,32,833.0,preventivo,14.0,2025-06-16 13:32:05.434688,2025-06-16 19:15:11.935658,False,se realizó tarea programada
998,32,834.0,preventivo,14.0,2025-07-07 09:07:12.573681,2025-07-07 13:13:43.706248,False,tarea de rutina según plan
999,32,835.0,preventivo,14.0,2025-07-17 16:10:51.802522,2025-07-17 18:59:26.461302,False,"rutina realizada, todo en orden"
1000,32,836.0,preventivo,14.0,2025-08-03 06:31:20.218745,2025-08-03 11:52:47.440542,True,cumplido
1001,32,837.0,preventivo,14.0,2025-08-22 11:07:22.684875,2025-08-22 14:10:31.632002,True,OK sin observaciones
1002,32,839.0,preventivo,14.0,2025-09-18 14:56:33.044434,2025-09-18 17:14:38.270009,False,OK sin observaciones
1003,32,840.0,preventivo,14.0,2025-10-09 07:22:49.849624,2025-10-09 11:32:59.093236,False,pendiente revisión adicional
1004,32,841.0,preventivo,14.0,2025-11-01 13:12:45.373588,2025-11-01 15:11:35.713942,False,pendiente revisión adicional
1005,32,842.0,preventivo,14.0,2025-11-14 10:56:01.218632,2025-11-14 16:15:25.194717,False,cumplido
1006,32,843.0,preventivo,14.0,2025-11-19 11:44:41.931514,2025-11-19 14:02:47.634916,False,OK sin observaciones
1007,32,844.0,preventivo,14.0,2025-12-16 06:41:19.642235,2025-12-16 09:17:08.725022,False,"rutina realizada, todo en orden"
1008,32,845.0,preventivo,14.0,2025-12-27 13:44:18.106088,2025-12-27 16:20:59.903138,False,cumplido
1009,33,846.0,preventivo,14.0,2024-01-05 08:14:29.310528,2024-01-05 11:41:46.947618,False,cumplido
1010,33,847.0,preventivo,14.0,2024-02-05 17:05:02.862556,2024-02-05 18:27:49.041694,False,se realizó tarea programada
1011,33,848.0,preventivo,14.0,2024-02-29 06:48:13.895177,2024-02-29 09:33:06.657594,False,cumplido
1012,33,849.0,preventivo,14.0,2024-02-22 14:04:02.217260,2024-02-22 18:56:53.742178,False,cumplido
1013,33,850.0,preventivo,14.0,2024-03-30 08:57:17.362484,2024-03-30 10:35:31.116181,False,OK sin observaciones
1014,33,852.0,preventivo,14.0,2024-04-09 06:25:26.145611,2024-04-09 11:23:13.364481,False,se realizó tarea programada
1015,33,853.0,preventivo,14.0,2024-04-28 09:18:56.497853,2024-04-28 13:03:47.651707,False,cumplido
1016,33,854.0,preventivo,14.0,2024-05-15 06:27:58.995455,2024-05-15 07:38:37.252540,False,se realizó tarea programada
1017,33,855.0,preventivo,14.0,2024-05-28 06:02:50.358806,2024-05-28 07:10:51.820520,True,tarea de rutina según plan
1018,33,856.0,preventivo,14.0,2024-06-17 11:54:55.961378,2024-06-17 16:33:19.139978,False,se realizó tarea programada
1019,33,858.0,preventivo,14.0,2024-07-23 08:40:48.888351,2024-07-23 12:20:06.990358,False,s/n
1020,33,859.0,preventivo,14.0,2024-08-06 10:01:18.965971,2024-08-06 14:56:48.261525,True,pendiente revisión adicional
1021,33,860.0,preventivo,14.0,2024-08-21 12:48:29.030408,2024-08-21 15:48:55.718607,False,tarea de rutina según plan
1022,33,861.0,preventivo,14.0,2024-09-07 10:58:01.108750,2024-09-07 15:54:43.578938,False,s/n
1023,33,862.0,preventivo,14.0,2024-09-18 10:42:37.512298,2024-09-18 12:40:32.110104,False,pendiente revisión adicional
1024,33,863.0,preventivo,14.0,2024-10-04 11:03:27.190448,2024-10-04 16:02:49.845001,False,"rutina realizada, todo en orden"
1025,33,864.0,preventivo,14.0,2024-10-30 14:09:02.948231,2024-10-30 18:54:47.392361,False,se realizó tarea programada
1026,33,865.0,preventivo,14.0,2024-11-22 08:50:52.894237,2024-11-22 12:49:40.206472,False,tarea de rutina según plan
1027,33,866.0,preventivo,14.0,2024-11-21 13:23:33.530332,2024-11-21 17:41:20.287858,False,pendiente revisión adicional
1028,33,868.0,preventivo,14.0,2024-12-29 13:06:41.543618,2024-12-29 16:29:55.195153,False,cumplido
1029,33,869.0,preventivo,14.0,2025-01-10 07:32:01.587952,2025-01-10 09:35:46.508846,False,pendiente revisión adicional
1030,33,870.0,preventivo,14.0,2025-02-02 16:33:54.544714,2025-02-02 21:40:48.848606,False,tarea de rutina según plan
1031,33,873.0,preventivo,14.0,2025-04-09 10:36:37.008429,2025-04-09 13:36:37.997815,False,s/n
1032,33,877.0,preventivo,14.0,2025-05-22 12:48:57.642129,2025-05-22 15:45:59.616953,False,OK sin observaciones
1033,33,878.0,preventivo,14.0,2025-06-06 08:08:54.854123,2025-06-06 09:50:07.990211,False,cumplido
1034,33,879.0,preventivo,14.0,2025-06-22 13:05:51.821134,2025-06-22 18:05:03.603586,False,OK sin observaciones
1035,33,880.0,preventivo,14.0,2025-07-02 12:33:54.852445,2025-07-02 14:29:11.089259,False,s/n
1036,33,881.0,preventivo,14.0,2025-07-19 10:38:56.610083,2025-07-19 15:54:54.699238,True,se realizó tarea programada
1037,33,882.0,preventivo,14.0,2025-08-06 10:50:32.070148,2025-08-06 15:05:02.418131,False,OK sin observaciones
1038,33,883.0,preventivo,14.0,2025-08-18 09:39:05.320590,2025-08-18 15:02:59.257077,False,cumplido
1039,33,884.0,preventivo,14.0,2025-09-23 13:36:42.675806,2025-09-23 14:44:06.833212,False,"rutina realizada, todo en orden"
1040,33,885.0,preventivo,14.0,2025-09-19 06:25:57.815997,2025-09-19 11:21:02.422874,False,OK sin observaciones
1041,33,886.0,preventivo,14.0,2025-10-07 08:52:00.089050,2025-10-07 11:22:50.303137,False,tarea de rutina según plan
1042,33,888.0,preventivo,14.0,2025-11-20 08:52:01.461193,2025-11-20 11:54:04.229355,False,"rutina realizada, todo en orden"
1043,33,889.0,preventivo,14.0,2025-11-24 13:26:51.837374,2025-11-24 16:28:32.754366,False,"rutina realizada, todo en orden"
1044,33,890.0,preventivo,14.0,2025-12-29 14:58:06.257436,2025-12-29 18:01:11.279227,True,tarea de rutina según plan
1045,33,891.0,preventivo,14.0,2025-12-27 14:59:05.199837,2025-12-27 20:47:55.733533,False,s/n
1046,139,892.0,preventivo,14.0,2024-01-16 17:32:18.565605,2024-01-16 22:35:10.104828,False,s/n
1047,139,893.0,preventivo,14.0,2024-02-06 07:39:35.654639,2024-02-06 09:14:44.994050,False,s/n
1048,139,894.0,preventivo,14.0,2024-02-18 14:40:46.056107,2024-02-18 17:55:21.374659,False,tarea de rutina según plan
1049,139,895.0,preventivo,14.0,2024-03-18 11:41:48.843242,2024-03-18 14:33:27.552427,False,se realizó tarea programada
1050,139,896.0,preventivo,14.0,2024-03-14 10:30:10.093317,2024-03-14 15:02:04.373350,False,OK sin observaciones
1051,139,897.0,preventivo,14.0,2024-03-31 16:57:18.481323,2024-03-31 20:37:36.720848,False,s/n
1052,139,898.0,preventivo,14.0,2024-04-23 06:56:17.200308,2024-04-23 08:05:46.903561,False,cumplido
1053,139,899.0,preventivo,14.0,2024-05-07 13:39:51.424476,2024-05-07 18:47:49.860781,False,se realizó tarea programada
1054,139,901.0,preventivo,14.0,2024-06-18 08:09:58.591988,2024-06-18 09:52:22.677661,False,pendiente revisión adicional
1055,139,905.0,preventivo,14.0,2024-08-14 06:06:23.624349,2024-08-14 10:38:01.782326,False,s/n
1056,139,906.0,preventivo,14.0,2024-08-27 14:12:35.363678,2024-08-27 19:39:30.521459,False,OK sin observaciones
1057,139,907.0,preventivo,14.0,2024-09-14 14:31:59.968252,2024-09-14 19:36:51.447095,False,"rutina realizada, todo en orden"
1058,139,908.0,preventivo,14.0,2024-10-01 12:17:17.184248,2024-10-01 17:05:33.934188,True,"rutina realizada, todo en orden"
1059,139,909.0,preventivo,14.0,2024-10-20 10:46:45.418792,2024-10-20 16:13:00.638666,False,se realizó tarea programada
1060,139,910.0,preventivo,14.0,2024-11-02 06:31:58.382557,2024-11-02 08:05:15.178941,False,"rutina realizada, todo en orden"
1061,139,911.0,preventivo,14.0,2024-11-15 09:10:39.737452,2024-11-15 12:13:16.007168,False,se realizó tarea programada
1062,139,912.0,preventivo,14.0,2024-12-07 15:26:25.254191,2024-12-07 20:37:17.183756,False,OK sin observaciones
1063,139,913.0,preventivo,14.0,2024-12-20 16:17:02.860923,2024-12-20 21:52:03.467957,False,cumplido
1064,139,914.0,preventivo,14.0,2024-12-28 13:09:14.701709,2024-12-28 17:31:54.790838,False,tarea de rutina según plan
1065,139,915.0,preventivo,14.0,2025-01-15 14:53:44.891636,2025-01-15 16:31:42.550590,False,pendiente revisión adicional
1066,139,916.0,preventivo,14.0,2025-01-28 10:19:38.675585,2025-01-28 11:54:52.179573,True,tarea de rutina según plan
1067,139,917.0,preventivo,14.0,2025-02-13 12:19:10.740429,2025-02-13 15:26:31.702461,False,cumplido
1068,139,918.0,preventivo,14.0,2025-03-02 13:11:57.948545,2025-03-02 16:30:27.187136,False,OK sin observaciones
1069,139,919.0,preventivo,14.0,2025-03-26 11:45:51.984676,2025-03-26 16:20:51.559247,False,cumplido
1070,139,920.0,preventivo,14.0,2025-04-04 10:34:42.103367,2025-04-04 16:29:58.695478,False,pendiente revisión adicional
1071,139,921.0,preventivo,14.0,2025-04-22 07:51:47.890262,2025-04-22 11:42:05.854977,False,"rutina realizada, todo en orden"
1072,139,923.0,preventivo,14.0,2025-06-11 17:30:06.241569,2025-06-11 19:47:15.790826,False,OK sin observaciones
1073,139,924.0,preventivo,,2025-06-11 11:02:16.216595,2025-06-11 14:58:27.745811,False,tarea de rutina según plan
1074,139,925.0,preventivo,14.0,2025-06-25 07:44:59.431492,2025-06-25 10:55:37.152448,False,tarea de rutina según plan
1075,139,926.0,preventivo,14.0,2025-07-13 08:51:40.486470,2025-07-13 12:07:07.793554,False,tarea de rutina según plan
1076,139,927.0,preventivo,14.0,2025-07-26 17:40:05.586223,2025-07-26 21:01:05.901628,False,OK sin observaciones
1077,139,928.0,preventivo,14.0,2025-08-09 09:54:15.930992,2025-08-09 15:14:00.858168,False,cumplido
1078,139,929.0,preventivo,14.0,2025-08-28 07:29:43.029547,2025-08-28 09:18:28.626935,False,cumplido
1079,139,930.0,preventivo,14.0,2025-09-15 16:49:52.670330,2025-09-15 22:49:08.446998,False,"rutina realizada, todo en orden"
1080,139,931.0,preventivo,14.0,2025-10-02 07:11:52.564494,2025-10-02 10:12:09.239382,False,tarea de rutina según plan
1081,139,932.0,preventivo,14.0,2025-10-20 15:03:02.339982,2025-10-20 19:20:45.990095,False,s/n
1082,139,933.0,preventivo,14.0,2025-11-01 07:45:13.049536,2025-11-01 11:34:50.161317,False,pendiente revisión adicional
1083,139,934.0,preventivo,,2025-12-02 11:21:47.994425,2025-12-02 14:07:29.020558,False,s/n
1084,139,935.0,preventivo,14.0,2025-12-04 14:56:29.936487,2025-12-04 20:40:08.478850,False,se realizó tarea programada
1085,139,936.0,preventivo,14.0,2025-12-15 17:46:36.280671,2025-12-15 23:44:27.000221,False,tarea de rutina según plan
1086,142,938.0,preventivo,14.0,2024-01-11 17:58:03.242344,2024-01-11 22:50:34.498350,False,pendiente revisión adicional
1087,142,939.0,preventivo,14.0,2024-01-25 16:54:43.431370,2024-01-25 18:29:30.763573,False,"rutina realizada, todo en orden"
1088,142,940.0,preventivo,,2024-02-09 09:32:41.589240,2024-02-09 13:00:47.044594,False,s/n
1089,142,941.0,preventivo,14.0,2024-02-23 10:22:25.322582,2024-02-23 14:29:38.725980,False,se realizó tarea programada
1090,142,942.0,preventivo,14.0,2024-03-14 15:54:17.144859,2024-03-14 17:57:05.106799,False,pendiente revisión adicional
1091,142,943.0,preventivo,14.0,2024-03-26 07:21:23.874309,2024-03-26 11:53:04.710119,False,s/n
1092,142,944.0,preventivo,14.0,2024-04-14 16:53:21.940087,2024-04-14 22:15:06.668344,False,pendiente revisión adicional
1093,142,946.0,preventivo,14.0,2024-05-15 06:33:24.633828,2024-05-15 09:07:27.806743,False,pendiente revisión adicional
1094,142,948.0,preventivo,14.0,2024-06-11 16:28:13.559908,2024-06-11 20:16:23.230107,True,tarea de rutina según plan
1095,142,949.0,preventivo,14.0,2024-07-22 06:59:22.078356,2024-07-22 08:47:20.407951,False,"rutina realizada, todo en orden"
1096,142,951.0,preventivo,,2024-08-05 08:56:18.411845,2024-08-05 12:47:18.140800,False,cumplido
1097,142,953.0,preventivo,14.0,2024-09-05 12:43:21.204667,2024-09-05 14:59:33.703738,False,OK sin observaciones
1098,142,955.0,preventivo,14.0,2024-10-01 14:53:03.591256,2024-10-01 17:17:47.855589,False,tarea de rutina según plan
1099,142,956.0,preventivo,14.0,2024-10-20 06:42:48.152827,2024-10-20 07:58:12.997311,False,se realizó tarea programada
1100,142,957.0,preventivo,14.0,2024-11-01 13:52:48.604329,2024-11-01 19:01:17.567996,False,"rutina realizada, todo en orden"
1101,142,958.0,preventivo,14.0,2024-11-18 06:03:02.560012,2024-11-18 11:13:52.817502,False,tarea de rutina según plan
1102,142,959.0,preventivo,14.0,2024-12-06 14:22:50.948934,2024-12-06 15:29:40.295276,False,pendiente revisión adicional
1103,142,960.0,preventivo,14.0,2024-12-21 09:43:37.411876,2024-12-21 15:38:32.111563,False,"rutina realizada, todo en orden"
1104,142,961.0,preventivo,14.0,2025-01-05 13:34:03.030426,2025-01-05 17:07:52.775779,False,se realizó tarea programada
1105,142,962.0,preventivo,14.0,2025-01-29 15:15:00.572454,2025-01-29 20:41:33.699485,False,pendiente revisión adicional
1106,142,964.0,preventivo,14.0,2025-03-04 10:01:36.092527,2025-03-04 11:53:13.211919,False,OK sin observaciones
1107,142,965.0,preventivo,14.0,2025-03-20 12:10:31.857292,2025-03-20 17:36:32.135199,False,se realizó tarea programada
1108,142,966.0,preventivo,14.0,2025-03-29 12:38:03.124865,2025-03-29 14:41:24.309425,False,pendiente revisión adicional
1109,142,967.0,preventivo,14.0,2025-04-21 14:00:55.530349,2025-04-21 18:20:21.186391,False,pendiente revisión adicional
1110,142,968.0,preventivo,14.0,2025-04-29 11:52:47.160291,2025-04-29 13:30:47.064661,False,"rutina realizada, todo en orden"
1111,142,969.0,preventivo,14.0,2025-05-12 17:32:34.739075,2025-05-12 22:50:38.363607,False,OK sin observaciones
1112,142,970.0,preventivo,14.0,2025-06-01 06:39:41.296921,2025-06-01 07:49:58.440134,False,s/n
1113,142,971.0,preventivo,14.0,2025-06-18 11:17:14.275285,2025-06-18 15:43:50.282787,False,tarea de rutina según plan
1114,142,972.0,preventivo,14.0,2025-07-05 15:15:47.178447,2025-07-05 19:02:27.547603,False,se realizó tarea programada
1115,142,973.0,preventivo,14.0,2025-07-16 17:22:47.426585,2025-07-16 21:54:26.719282,False,se realizó tarea programada
1116,142,974.0,preventivo,14.0,2025-08-06 08:58:07.285969,2025-08-06 11:42:29.147567,False,se realizó tarea programada
1117,142,975.0,preventivo,14.0,2025-08-16 07:39:00.642361,2025-08-16 09:40:22.915910,False,se realizó tarea programada
1118,142,977.0,preventivo,14.0,2025-09-18 17:42:29.282770,2025-09-18 19:53:10.266993,False,OK sin observaciones
1119,142,978.0,preventivo,14.0,2025-10-08 07:09:50.711528,2025-10-08 08:15:39.354717,False,"rutina realizada, todo en orden"
1120,142,980.0,preventivo,14.0,2025-11-13 17:35:39.027759,2025-11-13 20:22:58.723784,False,pendiente revisión adicional
1121,142,981.0,preventivo,14.0,2025-11-29 12:07:55.470063,2025-11-29 17:54:50.717682,False,"rutina realizada, todo en orden"
1122,142,983.0,preventivo,14.0,2025-12-23 06:55:20.967370,2025-12-23 08:27:44.843434,False,OK sin observaciones
1123,32,984.0,preventivo,14.0,2024-02-05 08:28:49.612783,2024-02-05 12:22:37.851482,False,"rutina realizada, todo en orden"
1124,32,985.0,preventivo,14.0,2024-03-02 13:05:39.840511,2024-03-02 16:16:32.508494,False,tarea de rutina según plan
1125,32,986.0,preventivo,14.0,2024-04-28 10:19:37.382037,2024-04-28 12:51:10.134792,False,s/n
1126,32,987.0,preventivo,14.0,2024-05-11 07:01:46.514546,2024-05-11 10:53:54.026875,False,se realizó tarea programada
1127,32,988.0,preventivo,14.0,2024-06-06 13:40:06.479470,2024-06-06 19:28:47.961074,False,se realizó tarea programada
1128,32,989.0,preventivo,14.0,2024-07-20 14:29:23.125737,2024-07-20 15:55:58.141625,False,OK sin observaciones
1129,32,990.0,preventivo,14.0,2024-08-04 09:18:01.622579,2024-08-04 13:40:22.108413,False,"rutina realizada, todo en orden"
1130,32,991.0,preventivo,14.0,2024-09-19 13:33:00.237688,2024-09-19 15:03:55.832427,True,tarea de rutina según plan
1131,32,992.0,preventivo,14.0,2024-10-06 14:05:40.091334,2024-10-06 18:28:10.430830,True,se realizó tarea programada
1132,32,993.0,preventivo,14.0,2024-11-14 08:56:56.938545,2024-11-14 14:00:10.712451,False,se realizó tarea programada
1133,32,994.0,preventivo,14.0,2024-12-09 14:37:02.051995,2024-12-09 15:52:41.511640,False,cumplido
1134,32,995.0,preventivo,14.0,2025-01-12 14:33:26.904882,2025-01-12 15:52:30.479704,False,tarea de rutina según plan
1135,32,996.0,preventivo,14.0,2025-02-17 12:20:11.674842,2025-02-17 17:12:11.927189,False,cumplido
1136,32,997.0,preventivo,14.0,2025-03-25 11:55:10.789508,2025-03-25 15:20:35.916092,False,"rutina realizada, todo en orden"
1137,32,998.0,preventivo,14.0,2025-04-10 08:20:34.622644,2025-04-10 12:47:41.144259,False,se realizó tarea programada
1138,32,1000.0,preventivo,14.0,2025-06-24 17:18:58.493573,2025-06-24 21:47:27.150073,False,cumplido
1139,32,1001.0,preventivo,14.0,2025-07-12 06:51:07.308465,2025-07-12 10:49:43.190067,False,tarea de rutina según plan
1140,32,1002.0,preventivo,14.0,2025-09-07 15:24:59.697486,2025-09-07 19:55:12.523931,False,pendiente revisión adicional
1141,32,1004.0,preventivo,,2025-11-05 09:51:36.864029,2025-11-05 14:05:03.293780,False,OK sin observaciones
1142,32,1005.0,preventivo,14.0,2025-11-19 14:41:21.296400,2025-11-19 16:25:09.865644,False,cumplido
1143,33,1007.0,preventivo,14.0,2024-01-17 11:29:32.017037,2024-01-17 16:44:26.973723,False,OK sin observaciones
1144,33,1008.0,preventivo,14.0,2024-03-05 11:06:27.321550,2024-03-05 12:20:52.992676,False,pendiente revisión adicional
1145,33,1009.0,preventivo,14.0,2024-03-22 16:01:01.110281,2024-03-22 17:23:50.038376,False,OK sin observaciones
1146,33,1013.0,preventivo,14.0,2024-07-24 13:05:15.392162,2024-07-24 17:35:25.219235,False,tarea de rutina según plan
1147,33,1014.0,preventivo,,2024-08-28 09:28:43.926547,2024-08-28 11:10:59.962059,False,s/n
1148,33,1016.0,preventivo,14.0,2024-10-20 14:49:47.473111,2024-10-20 16:07:12.188534,False,OK sin observaciones
1149,33,1017.0,preventivo,14.0,2024-11-20 08:38:36.160165,2024-11-20 09:58:02.698745,False,OK sin observaciones
1150,33,1018.0,preventivo,14.0,2024-12-24 15:03:43.093634,2024-12-24 20:40:57.664217,False,tarea de rutina según plan
1151,33,1019.0,preventivo,14.0,2025-01-21 15:34:56.014304,2025-01-21 16:35:27.057901,False,s/n
1152,33,1020.0,preventivo,14.0,2025-02-21 14:45:43.063289,2025-02-21 20:42:10.521467,False,tarea de rutina según plan
1153,33,1021.0,preventivo,14.0,2025-03-24 09:00:30.301739,2025-03-24 13:02:39.505993,False,OK sin observaciones
1154,33,1022.0,preventivo,,2025-05-12 06:55:25.024874,2025-05-12 10:52:20.619174,False,OK sin observaciones
1155,33,1023.0,preventivo,14.0,2025-05-27 10:36:17.915597,2025-05-27 14:29:09.472117,False,se realizó tarea programada
1156,33,1024.0,preventivo,14.0,2025-07-04 16:03:22.690955,2025-07-04 17:43:21.119103,False,s/n
1157,33,1025.0,preventivo,14.0,2025-08-03 11:15:39.639321,2025-08-03 16:00:31.839248,True,"rutina realizada, todo en orden"
1158,33,1026.0,preventivo,14.0,2025-09-15 14:50:24.129718,2025-09-15 17:17:59.112861,False,tarea de rutina según plan
1159,33,1027.0,preventivo,14.0,2025-09-29 07:01:14.569522,2025-09-29 09:53:25.256887,False,"rutina realizada, todo en orden"
1160,33,1028.0,preventivo,14.0,2025-10-28 07:25:06.726771,2025-10-28 11:42:21.534176,False,tarea de rutina según plan
1161,33,1029.0,preventivo,14.0,2025-11-30 08:41:03.821589,2025-11-30 12:16:08.523170,False,"rutina realizada, todo en orden"
1162,139,1031.0,preventivo,14.0,2024-01-18 06:25:18.709458,2024-01-18 07:38:47.871961,False,pendiente revisión adicional
1163,139,1032.0,preventivo,14.0,2024-02-09 10:50:38.058877,2024-02-09 12:05:12.440158,False,tarea de rutina según plan
1164,139,1033.0,preventivo,14.0,2024-04-04 14:17:00.448829,2024-04-04 15:34:00.152776,False,pendiente revisión adicional
1165,139,1034.0,preventivo,14.0,2024-04-14 06:39:56.774021,2024-04-14 12:30:01.604750,True,pendiente revisión adicional
1166,139,1035.0,preventivo,14.0,2024-05-23 15:50:13.721822,2024-05-23 21:23:50.546190,False,OK sin observaciones
1167,139,1036.0,preventivo,14.0,2024-06-30 11:57:14.807187,2024-06-30 15:13:46.020946,False,OK sin observaciones
1168,139,1037.0,preventivo,14.0,2024-07-15 16:11:40.680194,2024-07-15 17:14:16.984966,False,tarea de rutina según plan
1169,139,1039.0,preventivo,14.0,2024-09-21 13:40:23.978812,2024-09-21 15:43:25.223459,False,se realizó tarea programada
1170,139,1040.0,preventivo,14.0,2024-10-17 09:02:56.453788,2024-10-17 13:32:23.900061,False,se realizó tarea programada
1171,139,1041.0,preventivo,14.0,2024-11-15 13:21:05.247884,2024-11-15 16:56:38.625985,False,"rutina realizada, todo en orden"
1172,139,1042.0,preventivo,,2025-01-04 06:41:46.790333,2025-01-04 09:48:50.333841,False,cumplido
1173,139,1045.0,preventivo,14.0,2025-03-19 10:17:31.686722,2025-03-19 15:26:02.938619,False,OK sin observaciones
1174,139,1046.0,preventivo,14.0,2025-04-21 13:45:26.613541,2025-04-21 16:29:12.291959,False,OK sin observaciones
1175,139,1047.0,preventivo,14.0,2025-05-26 16:58:53.635407,2025-05-26 20:51:18.926211,True,"rutina realizada, todo en orden"
1176,139,1048.0,preventivo,14.0,2025-06-27 13:51:58.073504,2025-06-27 18:50:58.558547,False,tarea de rutina según plan
1177,139,1049.0,preventivo,14.0,2025-07-22 12:01:00.255385,2025-07-22 16:00:45.156451,False,s/n
1178,139,1050.0,preventivo,14.0,2025-09-14 07:17:31.618446,2025-09-14 11:27:43.690031,False,s/n
1179,139,1051.0,preventivo,14.0,2025-09-23 10:57:16.062432,2025-09-23 12:29:39.329562,False,"rutina realizada, todo en orden"
1180,139,1052.0,preventivo,14.0,2025-10-26 07:08:54.772555,2025-10-26 13:00:25.187343,True,OK sin observaciones
1181,139,1053.0,preventivo,14.0,2025-11-28 14:10:08.490636,2025-11-28 17:39:56.823142,False,tarea de rutina según plan
1182,139,1054.0,preventivo,14.0,2025-12-24 15:12:34.089570,2025-12-24 19:44:24.225637,False,"rutina realizada, todo en orden"
1183,142,1055.0,preventivo,14.0,2024-01-23 06:25:31.618520,2024-01-23 11:31:12.674417,False,OK sin observaciones
1184,142,1056.0,preventivo,14.0,2024-03-08 15:46:19.028171,2024-03-08 19:12:15.511042,False,OK sin observaciones
1185,142,1057.0,preventivo,14.0,2024-03-25 10:01:35.206050,2024-03-25 13:19:29.000433,False,tarea de rutina según plan
1186,142,1058.0,preventivo,14.0,2024-04-27 10:28:52.664961,2024-04-27 14:34:59.439249,False,s/n
1187,142,1059.0,preventivo,14.0,2024-06-12 10:02:25.467982,2024-06-12 14:15:08.945430,False,cumplido
1188,142,1060.0,preventivo,14.0,2024-06-27 09:22:21.248302,2024-06-27 10:25:56.092979,False,s/n
1189,142,1062.0,preventivo,14.0,2024-08-26 10:01:06.098598,2024-08-26 12:28:37.381875,False,se realizó tarea programada
1190,142,1063.0,preventivo,14.0,2024-09-21 09:42:43.805034,2024-09-21 11:32:20.050461,False,tarea de rutina según plan
1191,142,1064.0,preventivo,14.0,2024-10-28 06:26:23.513071,2024-10-28 08:57:31.904464,False,OK sin observaciones
1192,142,1065.0,preventivo,,2024-11-30 14:42:04.938465,2024-11-30 18:14:50.228557,False,cumplido
1193,142,1066.0,preventivo,14.0,2024-12-31 15:30:28.468030,2024-12-31 17:50:06.371159,False,s/n
1194,142,1067.0,preventivo,14.0,2025-02-07 08:34:29.523153,2025-02-07 10:13:15.257516,False,pendiente revisión adicional
1195,142,1068.0,preventivo,14.0,2025-03-02 15:00:57.832339,2025-03-02 19:38:45.813568,False,se realizó tarea programada
1196,142,1070.0,preventivo,14.0,2025-05-04 06:10:45.275991,2025-05-04 09:40:35.727026,False,tarea de rutina según plan
1197,142,1071.0,preventivo,14.0,2025-05-29 11:08:22.798044,2025-05-29 16:57:01.231626,True,"rutina realizada, todo en orden"
1198,142,1072.0,preventivo,,2025-06-26 16:04:25.145006,2025-06-26 17:56:19.422377,False,pendiente revisión adicional
1199,142,1074.0,preventivo,14.0,2025-09-03 06:50:38.275780,2025-09-03 10:42:19.178037,False,OK sin observaciones
1200,142,1075.0,preventivo,14.0,2025-10-06 12:17:49.732919,2025-10-06 17:50:00.176615,False,se realizó tarea programada
1201,142,1076.0,preventivo,14.0,2025-10-29 08:06:00.733337,2025-10-29 12:41:26.303827,False,s/n
1202,142,1077.0,preventivo,14.0,2025-12-13 13:52:11.101653,2025-12-13 18:54:57.448357,False,pendiente revisión adicional
1203,142,1078.0,preventivo,14.0,2025-12-30 07:14:26.443675,2025-12-30 08:59:25.668763,False,cumplido
1204,24,1079.0,preventivo,14.0,2024-03-16 07:40:26.698119,2024-03-16 09:50:12.818323,False,cumplido
1205,24,1080.0,preventivo,14.0,2024-05-01 09:24:52.689551,2024-05-01 12:02:56.555502,False,OK sin observaciones
1206,24,1081.0,preventivo,,2024-06-21 09:54:48.822161,2024-06-21 15:13:00.836554,False,"rutina realizada, todo en orden"
1207,24,1082.0,preventivo,14.0,2024-08-29 09:44:54.375563,2024-08-29 11:07:04.802901,False,tarea de rutina según plan
1208,24,1083.0,preventivo,14.0,2024-10-15 06:07:55.920576,2024-10-15 11:52:58.510517,False,s/n
1209,24,1084.0,preventivo,14.0,2024-12-26 16:08:14.651414,2024-12-26 19:55:19.978647,False,se realizó tarea programada
1210,24,1085.0,preventivo,14.0,2025-02-21 06:05:39.754604,2025-02-21 11:13:16.826500,False,"rutina realizada, todo en orden"
1211,24,1087.0,preventivo,14.0,2025-06-18 14:06:41.727172,2025-06-18 17:29:31.535430,True,OK sin observaciones
1212,24,1088.0,preventivo,14.0,2025-08-15 11:51:08.031404,2025-08-15 16:48:18.418218,False,tarea de rutina según plan
1213,24,1089.0,preventivo,14.0,2025-10-11 12:28:13.906659,2025-10-11 14:00:33.402166,False,se realizó tarea programada
1214,65,1091.0,preventivo,14.0,2024-01-31 16:38:55.072664,2024-01-31 18:35:44.950949,False,cumplido
1215,65,1092.0,preventivo,14.0,2024-03-20 13:55:52.407780,2024-03-20 19:17:47.087934,False,OK sin observaciones
1216,65,1093.0,preventivo,14.0,2024-05-18 12:57:28.133819,2024-05-18 15:41:56.055192,False,tarea de rutina según plan
1217,65,1094.0,preventivo,14.0,2024-07-31 11:39:27.817719,2024-07-31 12:39:35.909188,False,se realizó tarea programada
1218,65,1095.0,preventivo,14.0,2024-09-25 13:48:59.949960,2024-09-25 18:39:48.923470,False,"rutina realizada, todo en orden"
1219,65,1096.0,preventivo,14.0,2024-11-24 08:28:00.123142,2024-11-24 10:45:26.071837,True,se realizó tarea programada
1220,65,1097.0,preventivo,14.0,2025-01-19 14:26:54.042820,2025-01-19 18:15:32.718189,True,OK sin observaciones
1221,65,1098.0,preventivo,14.0,2025-03-14 14:36:44.707862,2025-03-14 18:55:38.928228,False,se realizó tarea programada
1222,65,1099.0,preventivo,14.0,2025-05-23 06:45:33.331025,2025-05-23 09:33:53.490003,False,cumplido
1223,65,1100.0,preventivo,14.0,2025-07-17 08:59:31.351983,2025-07-17 14:05:46.496766,False,"rutina realizada, todo en orden"
1224,65,1101.0,preventivo,14.0,2025-09-16 08:49:33.999938,2025-09-16 11:30:51.763998,False,s/n
1225,65,1102.0,preventivo,14.0,2025-11-09 17:10:03.974857,2025-11-09 22:07:07.744724,False,s/n
1226,87,1103.0,preventivo,14.0,2024-01-09 16:39:30.723319,2024-01-09 19:42:44.274978,False,"rutina realizada, todo en orden"
1227,87,1105.0,preventivo,14.0,2024-07-23 11:05:32.009033,2024-07-23 14:27:28.349860,False,"rutina realizada, todo en orden"
1228,87,1106.0,preventivo,14.0,2024-11-02 13:14:39.763932,2024-11-02 16:00:54.624598,False,OK sin observaciones
1229,87,1107.0,preventivo,14.0,2025-01-26 17:48:21.866700,2025-01-26 22:09:45.323994,False,"rutina realizada, todo en orden"
1230,87,1108.0,preventivo,14.0,2025-05-03 16:41:02.460542,2025-05-03 22:08:33.367694,False,OK sin observaciones
1231,87,1109.0,preventivo,14.0,2025-07-26 10:10:18.685103,2025-07-26 11:28:40.891376,False,s/n
1232,87,1110.0,preventivo,14.0,2025-11-17 08:56:23.939492,2025-11-17 12:48:17.537980,False,cumplido
1233,88,1111.0,preventivo,14.0,2024-01-18 07:28:34.249152,2024-01-18 11:59:32.014739,True,se realizó tarea programada
1234,88,1112.0,preventivo,14.0,2024-05-03 14:32:52.517520,2024-05-03 19:47:27.143284,False,cumplido
1235,88,1113.0,preventivo,14.0,2024-07-25 12:18:42.729887,2024-07-25 14:25:54.043215,False,se realizó tarea programada
1236,88,1114.0,preventivo,14.0,2024-10-13 10:27:03.794855,2024-10-13 15:53:38.539124,False,"rutina realizada, todo en orden"
1237,88,1115.0,preventivo,14.0,2025-01-23 17:10:31.211553,2025-01-23 21:11:46.333585,False,OK sin observaciones
1238,88,1116.0,preventivo,14.0,2025-05-18 06:13:05.224073,2025-05-18 11:58:45.493945,False,se realizó tarea programada
1239,88,1117.0,preventivo,14.0,2025-07-30 15:56:30.015904,2025-07-30 18:15:42.260179,False,s/n
1240,88,1118.0,preventivo,14.0,2025-11-04 11:49:24.704962,2025-11-04 16:07:12.476427,False,se realizó tarea programada
1241,21,1119.0,preventivo,14.0,2024-03-05 14:09:20.484358,2024-03-05 15:32:28.609861,False,cumplido
1242,21,1120.0,preventivo,14.0,2024-05-18 08:49:19.451389,2024-05-18 09:55:11.400881,False,cumplido
1243,21,1121.0,preventivo,,2024-07-05 09:03:38.004424,2024-07-05 12:40:09.358525,False,se realizó tarea programada
1244,21,1122.0,preventivo,14.0,2024-09-04 15:09:40.026319,2024-09-04 17:42:08.053739,False,"rutina realizada, todo en orden"
1245,21,1123.0,preventivo,14.0,2024-10-29 17:12:09.431119,2024-10-29 21:05:02.548892,False,"rutina realizada, todo en orden"
1246,21,1124.0,preventivo,14.0,2025-01-03 16:48:10.895477,2025-01-03 21:49:39.937884,False,"rutina realizada, todo en orden"
1247,21,1125.0,preventivo,14.0,2025-03-07 08:24:41.914336,2025-03-07 13:19:18.507124,False,se realizó tarea programada
1248,21,1126.0,preventivo,14.0,2025-05-05 07:33:33.669472,2025-05-05 11:09:02.185002,False,s/n
1249,21,1127.0,preventivo,14.0,2025-07-09 14:42:11.140150,2025-07-09 16:33:38.261435,False,"rutina realizada, todo en orden"
1250,21,1128.0,preventivo,14.0,2025-09-05 07:20:14.665984,2025-09-05 12:15:40.001246,False,cumplido
1251,21,1129.0,preventivo,14.0,2025-11-03 11:55:56.816107,2025-11-03 14:25:15.786976,False,OK sin observaciones
1252,61,1131.0,preventivo,14.0,2024-03-22 17:52:19.448575,2024-03-22 21:57:57.780667,True,"rutina realizada, todo en orden"
1253,61,1132.0,preventivo,14.0,2024-05-22 09:17:53.869320,2024-05-22 12:40:38.064211,False,cumplido
1254,61,1133.0,preventivo,14.0,2024-07-13 12:19:30.393731,2024-07-13 14:11:51.248687,False,s/n
1255,61,1134.0,preventivo,14.0,2024-09-25 14:27:36.357551,2024-09-25 16:42:51.924085,False,s/n
1256,61,1135.0,preventivo,14.0,2024-11-14 08:49:47.488303,2024-11-14 12:41:46.200717,False,OK sin observaciones
1257,61,1136.0,preventivo,14.0,2025-01-18 11:12:19.359808,2025-01-18 13:11:24.980877,False,OK sin observaciones
1258,61,1137.0,preventivo,14.0,2025-03-16 09:08:14.046353,2025-03-16 13:18:46.856482,True,OK sin observaciones
1259,61,1138.0,preventivo,14.0,2025-05-31 11:24:01.466895,2025-05-31 17:09:03.054176,False,pendiente revisión adicional
1260,61,1139.0,preventivo,14.0,2025-07-31 13:55:33.535363,2025-07-31 18:46:55.349034,True,s/n
1261,61,1140.0,preventivo,14.0,2025-09-20 15:04:21.301012,2025-09-20 18:59:27.569544,True,se realizó tarea programada
1262,61,1141.0,preventivo,14.0,2025-11-30 07:57:12.461536,2025-11-30 10:59:26.078610,False,"rutina realizada, todo en orden"
1263,68,1142.0,preventivo,14.0,2024-02-09 17:25:27.717853,2024-02-09 22:57:24.149432,True,pendiente revisión adicional
1264,68,1145.0,preventivo,14.0,2024-08-20 14:20:50.660260,2024-08-20 15:40:27.301760,False,OK sin observaciones
1265,68,1146.0,preventivo,14.0,2024-10-16 15:18:23.366961,2024-10-16 18:53:56.579250,False,OK sin observaciones
1266,68,1147.0,preventivo,14.0,2024-12-22 08:55:03.629657,2024-12-22 14:07:54.413237,False,OK sin observaciones
1267,68,1148.0,preventivo,,2025-03-13 08:34:20.483750,2025-03-13 14:12:47.335896,False,"rutina realizada, todo en orden"
1268,68,1149.0,preventivo,14.0,2025-05-01 15:39:21.637361,2025-05-01 20:52:13.204763,False,OK sin observaciones
1269,68,1150.0,preventivo,14.0,2025-07-01 11:10:03.244491,2025-07-01 13:02:22.728032,False,OK sin observaciones
1270,68,1151.0,preventivo,14.0,2025-09-03 11:04:46.816790,2025-09-03 14:04:58.892807,False,cumplido
1271,68,1152.0,preventivo,14.0,2025-11-01 07:02:32.577440,2025-11-01 11:55:32.385260,False,pendiente revisión adicional
1272,68,1153.0,preventivo,14.0,2025-12-29 13:18:17.313801,2025-12-29 19:09:54.282177,False,"rutina realizada, todo en orden"
1273,69,1154.0,preventivo,14.0,2024-01-24 11:08:25.964851,2024-01-24 16:09:06.206635,False,cumplido
1274,69,1155.0,preventivo,14.0,2024-04-19 14:46:17.401789,2024-04-19 19:34:23.085941,False,pendiente revisión adicional
1275,69,1156.0,preventivo,14.0,2024-06-02 17:12:32.459661,2024-06-02 22:57:16.088503,False,pendiente revisión adicional
1276,69,1158.0,preventivo,14.0,2024-09-30 09:37:26.875544,2024-09-30 14:00:39.752006,False,s/n
1277,69,1159.0,preventivo,14.0,2024-12-24 12:56:14.226654,2024-12-24 16:25:13.729069,False,pendiente revisión adicional
1278,69,1161.0,preventivo,14.0,2025-04-02 17:52:45.127744,2025-04-02 22:03:04.753128,True,"rutina realizada, todo en orden"
1279,69,1163.0,preventivo,14.0,2025-08-18 16:00:01.773841,2025-08-18 20:55:51.959218,False,OK sin observaciones
1280,69,1164.0,preventivo,14.0,2025-10-09 09:11:02.799768,2025-10-09 11:20:28.148357,False,OK sin observaciones
1281,69,1165.0,preventivo,14.0,2025-12-18 09:13:01.915965,2025-12-18 13:42:23.542630,False,OK sin observaciones
1282,71,1166.0,preventivo,14.0,2024-02-25 17:54:28.121771,2024-02-25 22:47:50.714906,False,se realizó tarea programada
1283,71,1167.0,preventivo,14.0,2024-04-24 07:13:52.042322,2024-04-24 09:12:38.828286,False,tarea de rutina según plan
1284,71,1169.0,preventivo,14.0,2024-09-02 07:09:54.294043,2024-09-02 10:18:22.111618,False,se realizó tarea programada
1285,71,1171.0,preventivo,14.0,2025-01-05 16:28:45.800339,2025-01-05 19:52:54.523007,False,"rutina realizada, todo en orden"
1286,71,1172.0,preventivo,14.0,2025-03-03 15:19:00.418629,2025-03-03 16:52:21.195255,False,cumplido
1287,71,1174.0,preventivo,14.0,2025-07-11 14:02:08.850173,2025-07-11 15:56:32.045378,False,pendiente revisión adicional
1288,71,1175.0,preventivo,14.0,2025-09-06 15:57:52.777052,2025-09-06 19:08:22.429258,False,cumplido
1289,71,1176.0,preventivo,14.0,2025-11-08 15:11:55.270760,2025-11-08 16:17:11.529044,False,cumplido
1290,63,1179.0,preventivo,,2024-02-04 16:45:31.144558,2024-02-04 20:21:18.635630,False,pendiente revisión adicional
1291,63,1181.0,preventivo,14.0,2024-04-09 14:39:24.479735,2024-04-09 17:32:55.758751,False,cumplido
1292,63,1182.0,preventivo,14.0,2024-05-09 12:11:52.529066,2024-05-09 15:40:55.242207,False,pendiente revisión adicional
1293,63,1183.0,preventivo,14.0,2024-06-02 14:10:21.750081,2024-06-02 16:04:01.470382,False,OK sin observaciones
1294,63,1186.0,preventivo,14.0,2024-09-01 15:52:46.746029,2024-09-01 20:03:29.762811,False,OK sin observaciones
1295,63,1187.0,preventivo,14.0,2024-09-29 06:24:01.852944,2024-09-29 08:54:43.022822,False,pendiente revisión adicional
1296,63,1188.0,preventivo,14.0,2024-11-04 11:43:06.852579,2024-11-04 16:26:21.430648,False,s/n
1297,63,1189.0,preventivo,14.0,2024-12-06 17:52:20.086531,2024-12-06 23:13:01.942699,False,OK sin observaciones
1298,63,1190.0,preventivo,14.0,2024-12-27 15:47:43.718075,2024-12-27 19:24:39.086300,False,s/n
1299,63,1191.0,preventivo,14.0,2025-01-27 17:16:53.832819,2025-01-27 22:37:22.846117,False,cumplido
1300,63,1192.0,preventivo,14.0,2025-03-01 13:00:50.030026,2025-03-01 15:28:07.439290,False,se realizó tarea programada
1301,63,1194.0,preventivo,14.0,2025-04-26 07:13:02.262910,2025-04-26 08:34:31.810686,False,"rutina realizada, todo en orden"
1302,63,1195.0,preventivo,14.0,2025-06-04 07:15:07.068744,2025-06-04 09:10:03.715942,False,s/n
1303,63,1196.0,preventivo,14.0,2025-06-28 13:20:03.723421,2025-06-28 16:30:05.298397,True,se realizó tarea programada
1304,63,1197.0,preventivo,14.0,2025-07-31 06:56:32.724115,2025-07-31 09:40:02.965827,False,cumplido
1305,63,1198.0,preventivo,14.0,2025-08-28 08:55:50.910898,2025-08-28 13:57:26.227328,False,"rutina realizada, todo en orden"
1306,63,1199.0,preventivo,14.0,2025-09-30 12:04:37.928944,2025-09-30 15:20:25.609078,False,pendiente revisión adicional
1307,63,1200.0,preventivo,14.0,2025-11-07 13:34:09.534990,2025-11-07 18:00:03.701996,False,OK sin observaciones
1308,63,1201.0,preventivo,14.0,2025-11-30 08:29:47.896616,2025-11-30 12:13:32.822104,True,cumplido
1309,63,1202.0,preventivo,14.0,2025-12-29 11:27:22.538173,2025-12-29 13:11:29.638434,False,s/n
1310,64,1204.0,preventivo,14.0,2024-02-27 15:21:13.189736,2024-02-27 16:52:57.875681,False,cumplido
1311,64,1206.0,preventivo,14.0,2024-05-03 10:31:43.160395,2024-05-03 11:49:50.496777,False,pendiente revisión adicional
1312,64,1208.0,preventivo,14.0,2024-07-12 15:08:03.820885,2024-07-12 16:14:53.575072,False,cumplido
1313,64,1209.0,preventivo,14.0,2024-07-28 08:56:38.314159,2024-07-28 10:16:30.189912,True,se realizó tarea programada
1314,64,1210.0,preventivo,14.0,2024-09-09 13:09:05.494346,2024-09-09 17:26:11.827874,False,"rutina realizada, todo en orden"
1315,64,1212.0,preventivo,14.0,2024-10-24 12:19:27.087607,2024-10-24 16:35:18.861724,False,tarea de rutina según plan
1316,64,1213.0,preventivo,14.0,2024-11-25 17:01:53.908273,2024-11-25 22:30:41.514986,False,se realizó tarea programada
1317,64,1214.0,preventivo,14.0,2024-12-23 10:40:06.107212,2024-12-23 12:17:14.469479,False,se realizó tarea programada
1318,64,1215.0,preventivo,14.0,2025-02-02 17:09:03.119048,2025-02-02 20:31:22.543334,False,"rutina realizada, todo en orden"
1319,64,1217.0,preventivo,14.0,2025-03-24 10:36:04.646071,2025-03-24 16:17:34.000918,False,OK sin observaciones
1320,64,1220.0,preventivo,14.0,2025-07-07 08:15:01.307305,2025-07-07 14:03:58.588664,False,OK sin observaciones
1321,64,1221.0,preventivo,14.0,2025-07-25 13:14:04.905169,2025-07-25 16:15:28.220373,False,s/n
1322,64,1223.0,preventivo,14.0,2025-09-25 08:38:18.929909,2025-09-25 12:17:45.430623,False,se realizó tarea programada
1323,64,1224.0,preventivo,14.0,2025-10-25 14:32:15.120199,2025-10-25 16:38:44.604263,False,tarea de rutina según plan
1324,64,1225.0,preventivo,14.0,2025-12-08 14:34:51.031206,2025-12-08 18:23:07.571613,False,"rutina realizada, todo en orden"
1325,66,1227.0,preventivo,14.0,2024-01-22 15:38:02.012840,2024-01-22 16:50:19.936696,False,s/n
1326,66,1228.0,preventivo,14.0,2024-02-24 13:46:11.526641,2024-02-24 16:27:50.400356,False,pendiente revisión adicional
1327,66,1230.0,preventivo,14.0,2024-05-05 12:12:03.826447,2024-05-05 15:13:06.999756,False,se realizó tarea programada
1328,66,1231.0,preventivo,14.0,2024-06-12 15:12:42.084951,2024-06-12 17:25:26.990698,True,s/n
1329,66,1234.0,preventivo,14.0,2024-09-14 16:21:29.485832,2024-09-14 21:54:48.514784,False,se realizó tarea programada
1330,66,1235.0,preventivo,14.0,2024-09-21 09:56:23.515125,2024-09-21 14:37:58.862003,False,s/n
1331,66,1236.0,preventivo,14.0,2024-11-09 10:26:13.445487,2024-11-09 12:42:15.574503,False,se realizó tarea programada
1332,66,1238.0,preventivo,14.0,2024-12-17 09:04:31.589867,2024-12-17 14:45:17.945537,False,OK sin observaciones
1333,66,1239.0,preventivo,14.0,2025-01-20 08:39:43.719757,2025-01-20 11:23:17.060054,False,OK sin observaciones
1334,66,1240.0,preventivo,14.0,2025-02-21 07:24:27.335645,2025-02-21 12:46:01.093222,False,s/n
1335,66,1241.0,preventivo,14.0,2025-03-24 08:44:03.793026,2025-03-24 13:29:57.609705,False,se realizó tarea programada
1336,66,1242.0,preventivo,14.0,2025-04-16 17:59:02.718012,2025-04-16 22:38:34.535947,False,cumplido
1337,66,1243.0,preventivo,,2025-05-23 14:08:14.438198,2025-05-23 17:00:38.037906,False,OK sin observaciones
1338,66,1244.0,preventivo,14.0,2025-06-19 11:11:27.003116,2025-06-19 16:29:10.652970,False,OK sin observaciones
1339,66,1245.0,preventivo,14.0,2025-07-29 15:35:50.820200,2025-07-29 18:50:53.001741,False,OK sin observaciones
1340,66,1246.0,preventivo,14.0,2025-08-19 11:06:02.845579,2025-08-19 15:21:38.507450,False,tarea de rutina según plan
1341,66,1247.0,preventivo,14.0,2025-09-21 16:48:33.105134,2025-09-21 20:33:39.864361,True,"rutina realizada, todo en orden"
1342,66,1249.0,preventivo,14.0,2025-11-12 15:28:50.021334,2025-11-12 17:40:58.842805,False,tarea de rutina según plan
1343,83,1253.0,preventivo,14.0,2024-03-15 14:36:20.181784,2024-03-15 15:44:02.290138,False,cumplido
1344,83,1254.0,preventivo,14.0,2024-04-15 14:17:17.123411,2024-04-15 15:59:04.978080,False,tarea de rutina según plan
1345,83,1255.0,preventivo,14.0,2024-05-13 16:52:13.296961,2024-05-13 22:15:07.028598,False,tarea de rutina según plan
1346,83,1256.0,preventivo,14.0,2024-06-15 17:10:38.629519,2024-06-15 22:18:56.167958,True,OK sin observaciones
1347,83,1258.0,preventivo,14.0,2024-08-14 15:39:18.265261,2024-08-14 21:26:17.701672,False,"rutina realizada, todo en orden"
1348,83,1259.0,preventivo,,2024-09-12 13:11:49.418105,2024-09-12 15:20:00.523652,False,s/n
1349,83,1261.0,preventivo,14.0,2024-11-26 08:38:52.435527,2024-11-26 11:24:58.250939,False,se realizó tarea programada
1350,83,1262.0,preventivo,14.0,2024-12-12 13:19:46.195767,2024-12-12 14:24:46.292996,False,"rutina realizada, todo en orden"
1351,83,1263.0,preventivo,14.0,2025-01-10 14:01:05.983973,2025-01-10 15:54:37.009547,False,tarea de rutina según plan
1352,83,1264.0,preventivo,14.0,2025-02-14 07:32:33.887276,2025-02-14 11:37:25.248729,False,pendiente revisión adicional
1353,83,1265.0,preventivo,14.0,2025-03-18 16:38:47.555420,2025-03-18 19:31:48.185450,False,tarea de rutina según plan
1354,83,1266.0,preventivo,14.0,2025-04-16 11:46:15.123975,2025-04-16 13:15:12.465366,False,tarea de rutina según plan
1355,83,1267.0,preventivo,14.0,2025-05-12 06:44:27.818041,2025-05-12 12:42:38.273860,False,pendiente revisión adicional
1356,83,1268.0,preventivo,14.0,2025-06-16 15:05:08.117661,2025-06-16 19:47:05.558120,False,se realizó tarea programada
1357,83,1269.0,preventivo,14.0,2025-07-10 15:51:36.958639,2025-07-10 19:10:32.942565,False,"rutina realizada, todo en orden"
1358,83,1270.0,preventivo,14.0,2025-08-11 15:21:57.793698,2025-08-11 17:33:59.415740,False,se realizó tarea programada
1359,83,1271.0,preventivo,14.0,2025-09-13 11:51:05.603583,2025-09-13 14:11:55.464385,False,cumplido
1360,83,1272.0,preventivo,14.0,2025-10-12 07:38:23.984365,2025-10-12 11:26:45.896999,True,tarea de rutina según plan
1361,83,1273.0,preventivo,14.0,2025-11-11 17:30:03.183012,2025-11-11 19:31:11.053775,False,cumplido
1362,83,1274.0,preventivo,14.0,2025-12-06 09:40:36.097216,2025-12-06 11:08:07.179187,False,cumplido
1363,84,1275.0,preventivo,14.0,2024-02-01 17:32:11.649910,2024-02-01 23:11:39.345296,False,OK sin observaciones
1364,84,1277.0,preventivo,14.0,2024-03-16 16:12:00.772365,2024-03-16 20:50:47.837202,False,se realizó tarea programada
1365,84,1278.0,preventivo,14.0,2024-04-10 17:30:35.920397,2024-04-10 22:45:15.274065,False,s/n
1366,84,1279.0,preventivo,14.0,2024-05-27 08:43:45.406565,2024-05-27 11:44:52.590577,False,tarea de rutina según plan
1367,84,1280.0,preventivo,14.0,2024-06-14 10:11:04.219680,2024-06-14 11:15:17.186063,False,OK sin observaciones
1368,84,1281.0,preventivo,14.0,2024-07-13 16:19:03.347994,2024-07-13 18:03:52.367157,False,se realizó tarea programada
1369,84,1282.0,preventivo,14.0,2024-08-13 13:17:29.927152,2024-08-13 19:04:27.077831,False,s/n
1370,84,1283.0,preventivo,14.0,2024-09-04 11:44:15.157987,2024-09-04 15:16:33.441023,False,OK sin observaciones
1371,84,1284.0,preventivo,14.0,2024-10-05 14:21:35.867520,2024-10-05 17:56:34.172668,True,OK sin observaciones
1372,84,1285.0,preventivo,14.0,2024-11-14 11:01:13.959395,2024-11-14 12:13:21.127334,False,tarea de rutina según plan
1373,84,1286.0,preventivo,14.0,2024-12-06 08:24:17.606514,2024-12-06 09:56:26.963689,False,s/n
1374,84,1288.0,preventivo,14.0,2025-02-20 15:36:31.473762,2025-02-20 19:45:58.775259,False,OK sin observaciones
1375,84,1289.0,preventivo,14.0,2025-03-04 06:45:08.282432,2025-03-04 08:04:46.983596,False,s/n
1376,84,1290.0,preventivo,14.0,2025-04-04 08:18:34.676752,2025-04-04 11:36:14.326997,False,"rutina realizada, todo en orden"
1377,84,1291.0,preventivo,14.0,2025-05-07 08:01:09.813331,2025-05-07 10:28:48.088372,False,"rutina realizada, todo en orden"
1378,84,1292.0,preventivo,14.0,2025-06-08 14:09:26.739934,2025-06-08 19:20:59.500824,False,s/n
1379,84,1294.0,preventivo,14.0,2025-08-01 13:22:19.106754,2025-08-01 16:27:10.655148,False,OK sin observaciones
1380,84,1295.0,preventivo,14.0,2025-08-29 06:54:27.853792,2025-08-29 12:00:21.361280,False,OK sin observaciones
1381,84,1296.0,preventivo,14.0,2025-10-04 15:47:07.610058,2025-10-04 21:29:44.752074,False,se realizó tarea programada
1382,84,1297.0,preventivo,14.0,2025-11-05 14:18:53.297501,2025-11-05 19:29:19.435276,True,tarea de rutina según plan
1383,84,1299.0,preventivo,14.0,2025-12-28 12:10:25.248351,2025-12-28 15:52:23.902745,False,pendiente revisión adicional
1384,53,1300.0,preventivo,14.0,2024-02-21 09:17:08.988787,2024-02-21 11:37:29.239739,False,cumplido
1385,53,1301.0,preventivo,14.0,2024-04-16 14:16:54.704180,2024-04-16 17:59:52.095120,False,OK sin observaciones
1386,53,1302.0,preventivo,14.0,2024-06-03 06:15:20.260492,2024-06-03 08:22:13.600513,False,pendiente revisión adicional
1387,53,1303.0,preventivo,14.0,2024-07-23 13:49:58.569508,2024-07-23 16:16:53.963102,False,cumplido
1388,53,1304.0,preventivo,14.0,2024-09-06 15:05:05.004897,2024-09-06 18:04:47.005941,True,pendiente revisión adicional
1389,53,1305.0,preventivo,14.0,2024-10-28 07:50:04.086908,2024-10-28 13:07:12.639626,False,tarea de rutina según plan
1390,53,1306.0,preventivo,14.0,2024-12-17 14:23:15.303277,2024-12-17 16:47:15.778673,False,tarea de rutina según plan
1391,53,1308.0,preventivo,14.0,2025-03-30 06:20:17.128671,2025-03-30 08:11:21.565387,False,tarea de rutina según plan
1392,53,1309.0,preventivo,14.0,2025-05-29 10:43:35.625293,2025-05-29 14:19:14.923404,False,se realizó tarea programada
1393,53,1310.0,preventivo,14.0,2025-07-17 11:50:37.044507,2025-07-17 12:51:42.636439,False,cumplido
1394,53,1311.0,preventivo,14.0,2025-09-18 07:28:35.468233,2025-09-18 09:48:14.917691,False,"rutina realizada, todo en orden"
1395,53,1312.0,preventivo,14.0,2025-10-15 10:51:25.617228,2025-10-15 12:07:54.904215,True,se realizó tarea programada
1396,15,1314.0,preventivo,,2024-01-07 13:13:39.665572,2024-01-07 17:06:57.739975,True,pendiente revisión adicional
1397,15,1315.0,preventivo,14.0,2024-01-11 11:59:09.740853,2024-01-11 13:48:24.686978,False,OK sin observaciones
1398,15,1317.0,preventivo,14.0,2024-01-27 14:20:59.440344,2024-01-27 18:17:45.866619,False,cumplido
1399,15,1318.0,preventivo,14.0,2024-01-31 12:55:02.356655,2024-01-31 14:28:29.419747,False,s/n
1400,15,1319.0,preventivo,14.0,2024-02-18 13:06:57.324528,2024-02-18 18:21:36.933787,False,pendiente revisión adicional
1401,15,1320.0,preventivo,14.0,2024-02-17 11:28:18.101814,2024-02-17 16:08:17.726908,False,se realizó tarea programada
1402,15,1322.0,preventivo,14.0,2024-03-14 06:48:57.889022,2024-03-14 09:29:12.749777,False,pendiente revisión adicional
1403,15,1323.0,preventivo,14.0,2024-03-10 09:59:58.935659,2024-03-10 12:54:48.476979,False,pendiente revisión adicional
1404,15,1324.0,preventivo,14.0,2024-03-17 08:30:37.662383,2024-03-17 11:37:27.366953,False,tarea de rutina según plan
1405,15,1325.0,preventivo,14.0,2024-03-24 10:34:04.555422,2024-03-24 13:56:53.466139,False,OK sin observaciones
1406,15,1327.0,preventivo,14.0,2024-04-21 07:12:49.342512,2024-04-21 11:24:20.637947,False,OK sin observaciones
1407,15,1328.0,preventivo,14.0,2024-04-11 08:46:14.575230,2024-04-11 13:39:30.513648,False,se realizó tarea programada
1408,15,1329.0,preventivo,14.0,2024-04-21 08:52:13.630890,2024-04-21 13:48:17.199107,False,cumplido
1409,15,1330.0,preventivo,14.0,2024-04-24 08:30:38.332845,2024-04-24 14:24:10.493573,False,cumplido
1410,15,1331.0,preventivo,14.0,2024-05-02 07:41:50.960585,2024-05-02 11:07:57.251193,False,OK sin observaciones
1411,15,1332.0,preventivo,14.0,2024-05-19 14:44:03.177292,2024-05-19 16:07:00.379771,False,s/n
1412,15,1333.0,preventivo,14.0,2024-05-16 10:11:46.197940,2024-05-16 12:53:26.881147,False,"rutina realizada, todo en orden"
1413,15,1334.0,preventivo,14.0,2024-05-23 08:33:26.849395,2024-05-23 12:33:17.009932,False,se realizó tarea programada
1414,15,1335.0,preventivo,14.0,2024-06-20 11:00:25.261927,2024-06-20 13:30:49.595243,False,pendiente revisión adicional
1415,15,1336.0,preventivo,14.0,2024-06-08 11:28:31.953777,2024-06-08 15:49:23.334449,False,s/n
1416,15,1337.0,preventivo,14.0,2024-06-14 08:35:18.713290,2024-06-14 11:04:14.590543,False,tarea de rutina según plan
1417,15,1338.0,preventivo,14.0,2024-06-23 16:24:50.272853,2024-06-23 22:13:32.318435,False,se realizó tarea programada
1418,15,1339.0,preventivo,14.0,2024-06-27 13:52:25.136261,2024-06-27 15:53:13.832983,False,"rutina realizada, todo en orden"
1419,15,1340.0,preventivo,14.0,2024-07-05 14:47:06.024345,2024-07-05 18:26:18.362188,False,pendiente revisión adicional
1420,15,1341.0,preventivo,14.0,2024-07-13 12:02:19.486318,2024-07-13 13:37:47.837465,False,OK sin observaciones
1421,15,1342.0,preventivo,14.0,2024-07-20 13:22:08.611741,2024-07-20 14:38:26.981723,False,"rutina realizada, todo en orden"
1422,15,1344.0,preventivo,14.0,2024-07-31 17:48:03.841578,2024-07-31 19:16:27.431999,False,"rutina realizada, todo en orden"
1423,15,1345.0,preventivo,14.0,2024-08-10 11:26:36.299941,2024-08-10 15:54:20.828151,False,tarea de rutina según plan
1424,15,1350.0,preventivo,14.0,2024-09-11 11:05:37.498478,2024-09-11 17:03:33.509007,False,"rutina realizada, todo en orden"
1425,15,1352.0,preventivo,14.0,2024-09-28 16:19:05.693219,2024-09-28 17:53:25.702996,False,pendiente revisión adicional
1426,15,1353.0,preventivo,14.0,2024-10-03 10:09:30.061804,2024-10-03 12:39:25.866395,False,s/n
1427,15,1354.0,preventivo,14.0,2024-10-13 17:13:28.197261,2024-10-13 18:33:57.443391,False,OK sin observaciones
1428,15,1355.0,preventivo,14.0,2024-10-19 12:04:54.513713,2024-10-19 14:47:23.229019,False,cumplido
1429,15,1356.0,preventivo,,2024-10-26 10:20:23.832925,2024-10-26 16:04:58.707038,False,cumplido
1430,15,1357.0,preventivo,14.0,2024-11-01 06:05:51.626129,2024-11-01 10:15:25.064250,False,"rutina realizada, todo en orden"
1431,15,1358.0,preventivo,14.0,2024-11-10 13:49:38.966246,2024-11-10 15:42:26.024614,False,"rutina realizada, todo en orden"
1432,15,1359.0,preventivo,14.0,2024-11-16 09:28:46.294685,2024-11-16 14:17:55.205209,False,OK sin observaciones
1433,15,1360.0,preventivo,14.0,2024-11-21 13:19:46.914427,2024-11-21 16:55:18.510044,False,"rutina realizada, todo en orden"
1434,15,1363.0,preventivo,14.0,2024-12-12 08:50:49.840051,2024-12-12 10:04:57.450039,False,"rutina realizada, todo en orden"
1435,15,1364.0,preventivo,14.0,2024-12-19 14:20:47.386399,2024-12-19 16:46:30.722390,False,"rutina realizada, todo en orden"
1436,15,1365.0,preventivo,14.0,2024-12-25 08:31:34.182306,2024-12-25 12:25:38.398111,False,tarea de rutina según plan
1437,15,1368.0,preventivo,14.0,2025-01-26 13:37:23.716824,2025-01-26 17:17:49.640827,False,s/n
1438,15,1369.0,preventivo,14.0,2025-01-23 06:41:53.270902,2025-01-23 08:19:44.623875,False,OK sin observaciones
1439,15,1371.0,preventivo,14.0,2025-02-07 13:24:18.145280,2025-02-07 17:03:56.440854,False,se realizó tarea programada
1440,15,1373.0,preventivo,14.0,2025-02-23 15:24:44.172555,2025-02-23 17:16:17.133059,True,cumplido
1441,15,1374.0,preventivo,14.0,2025-02-28 12:07:45.945005,2025-02-28 15:00:49.686698,True,tarea de rutina según plan
1442,15,1375.0,preventivo,14.0,2025-03-07 15:58:23.088994,2025-03-07 19:56:03.892999,False,"rutina realizada, todo en orden"
1443,15,1376.0,preventivo,14.0,2025-04-02 15:33:03.089658,2025-04-02 16:36:31.326522,False,tarea de rutina según plan
1444,15,1377.0,preventivo,14.0,2025-03-23 07:57:54.981789,2025-03-23 10:40:41.968650,False,tarea de rutina según plan
1445,15,1379.0,preventivo,14.0,2025-04-03 09:20:31.483292,2025-04-03 13:54:57.022203,False,OK sin observaciones
1446,15,1380.0,preventivo,14.0,2025-04-10 16:12:57.389978,2025-04-10 21:48:57.811043,False,s/n
1447,15,1381.0,preventivo,14.0,2025-04-19 17:47:57.176450,2025-04-19 21:00:25.314555,False,"rutina realizada, todo en orden"
1448,15,1382.0,preventivo,14.0,2025-04-27 10:11:19.023491,2025-04-27 13:08:59.595416,False,OK sin observaciones
1449,15,1384.0,preventivo,14.0,2025-05-09 16:38:40.961053,2025-05-09 20:51:38.099594,False,"rutina realizada, todo en orden"
1450,15,1385.0,preventivo,14.0,2025-05-15 11:27:34.781791,2025-05-15 13:39:32.389207,False,se realizó tarea programada
1451,15,1386.0,preventivo,14.0,2025-05-25 12:16:47.995937,2025-05-25 15:28:16.216526,False,se realizó tarea programada
1452,15,1387.0,preventivo,14.0,2025-06-07 13:55:13.878570,2025-06-07 18:42:07.703745,False,pendiente revisión adicional
1453,15,1388.0,preventivo,14.0,2025-06-05 15:02:43.510459,2025-06-05 17:16:30.320308,False,OK sin observaciones
1454,15,1389.0,preventivo,14.0,2025-06-15 09:59:12.921678,2025-06-15 14:51:37.544337,False,se realizó tarea programada
1455,15,1390.0,preventivo,14.0,2025-06-22 06:53:14.248136,2025-06-22 10:13:51.545294,False,OK sin observaciones
1456,15,1391.0,preventivo,14.0,2025-06-27 08:21:06.952556,2025-06-27 10:14:44.081323,False,se realizó tarea programada
1457,15,1392.0,preventivo,14.0,2025-07-25 17:03:11.635061,2025-07-25 19:20:14.880007,False,"rutina realizada, todo en orden"
1458,15,1393.0,preventivo,14.0,2025-07-11 10:51:29.642642,2025-07-11 15:57:17.306675,False,tarea de rutina según plan
1459,15,1394.0,preventivo,14.0,2025-07-17 08:05:50.224995,2025-07-17 10:22:25.777545,False,s/n
1460,15,1395.0,preventivo,14.0,2025-07-26 06:38:00.242050,2025-07-26 12:06:06.308912,False,s/n
1461,15,1396.0,preventivo,14.0,2025-08-05 13:01:03.314867,2025-08-05 15:06:24.517199,False,s/n
1462,15,1397.0,preventivo,14.0,2025-08-09 13:21:40.085457,2025-08-09 18:52:57.678115,False,"rutina realizada, todo en orden"
1463,15,1398.0,preventivo,14.0,2025-08-15 15:14:25.420537,2025-08-15 17:00:27.731378,False,"rutina realizada, todo en orden"
1464,15,1399.0,preventivo,14.0,2025-08-23 12:56:04.969618,2025-08-23 14:16:57.405443,False,pendiente revisión adicional
1465,15,1400.0,preventivo,14.0,2025-08-27 13:15:13.273885,2025-08-27 16:09:58.579866,False,"rutina realizada, todo en orden"
1466,15,1401.0,preventivo,14.0,2025-09-04 11:15:58.697360,2025-09-04 16:52:50.623001,False,tarea de rutina según plan
1467,15,1403.0,preventivo,14.0,2025-09-17 14:24:13.087749,2025-09-17 19:22:29.479620,False,pendiente revisión adicional
1468,15,1404.0,preventivo,14.0,2025-09-30 13:47:17.374719,2025-09-30 18:18:52.007821,False,tarea de rutina según plan
1469,15,1405.0,preventivo,14.0,2025-10-05 11:09:31.030135,2025-10-05 17:06:31.178102,False,s/n
1470,15,1407.0,preventivo,14.0,2025-10-19 15:12:09.106538,2025-10-19 19:20:41.678083,True,s/n
1471,15,1408.0,preventivo,14.0,2025-10-25 09:30:47.655142,2025-10-25 12:28:25.224332,False,OK sin observaciones
1472,15,1409.0,preventivo,14.0,2025-10-29 13:18:35.456333,2025-10-29 15:02:25.295656,False,s/n
1473,15,1410.0,preventivo,14.0,2025-11-09 14:22:29.412077,2025-11-09 15:53:29.784907,True,"rutina realizada, todo en orden"
1474,15,1411.0,preventivo,14.0,2025-11-15 08:00:19.452093,2025-11-15 12:09:46.352321,False,pendiente revisión adicional
1475,15,1412.0,preventivo,14.0,2025-11-21 10:41:45.163542,2025-11-21 15:16:28.651155,False,cumplido
1476,15,1414.0,preventivo,14.0,2025-12-07 16:27:19.266439,2025-12-07 20:02:07.138122,False,tarea de rutina según plan
1477,15,1415.0,preventivo,14.0,2025-12-19 11:45:49.456813,2025-12-19 16:31:02.682251,False,se realizó tarea programada
1478,15,1416.0,preventivo,14.0,2025-12-21 07:49:16.059391,2025-12-21 10:45:42.519723,False,s/n
1479,15,1417.0,preventivo,14.0,2025-12-25 06:26:20.503684,2025-12-25 11:55:38.203517,False,se realizó tarea programada
1480,35,1419.0,preventivo,14.0,2024-01-08 17:46:05.777117,2024-01-08 18:52:51.325113,False,pendiente revisión adicional
1481,35,1420.0,preventivo,14.0,2024-01-14 11:35:43.803192,2024-01-14 17:33:55.973569,False,OK sin observaciones
1482,35,1422.0,preventivo,14.0,2024-02-09 09:59:27.706920,2024-02-09 13:11:17.007384,False,se realizó tarea programada
1483,35,1423.0,preventivo,14.0,2024-02-02 17:09:52.717123,2024-02-02 21:19:12.496975,False,tarea de rutina según plan
1484,35,1424.0,preventivo,14.0,2024-02-08 07:23:26.102522,2024-02-08 11:39:38.954211,False,pendiente revisión adicional
1485,35,1425.0,preventivo,14.0,2024-02-16 07:45:12.724224,2024-02-16 10:02:04.426946,False,se realizó tarea programada
1486,35,1426.0,preventivo,14.0,2024-02-26 16:53:29.381749,2024-02-26 20:29:24.644198,False,tarea de rutina según plan
1487,35,1427.0,preventivo,14.0,2024-03-01 15:33:33.018509,2024-03-01 16:50:09.644027,False,cumplido
1488,35,1428.0,preventivo,14.0,2024-03-09 10:07:07.389245,2024-03-09 16:02:47.096992,False,cumplido
1489,35,1429.0,preventivo,,2024-03-16 06:47:46.703648,2024-03-16 08:54:33.621089,False,cumplido
1490,35,1430.0,preventivo,14.0,2024-03-25 17:06:41.724617,2024-03-25 18:58:21.657815,False,pendiente revisión adicional
1491,35,1431.0,preventivo,14.0,2024-04-01 17:38:13.805867,2024-04-01 22:27:50.040199,False,tarea de rutina según plan
1492,35,1433.0,preventivo,14.0,2024-04-13 14:22:19.941383,2024-04-13 18:00:48.420581,False,s/n
1493,35,1434.0,preventivo,14.0,2024-04-18 06:37:39.577114,2024-04-18 12:09:03.161520,True,pendiente revisión adicional
1494,35,1435.0,preventivo,14.0,2024-04-26 11:37:32.065947,2024-04-26 14:55:10.449046,False,s/n
1495,35,1436.0,preventivo,14.0,2024-05-02 06:33:30.217374,2024-05-02 08:16:28.607294,False,s/n
1496,35,1437.0,preventivo,14.0,2024-05-10 11:20:43.404025,2024-05-10 17:03:48.834721,False,s/n
1497,35,1438.0,preventivo,14.0,2024-06-03 17:28:37.759170,2024-06-03 19:51:28.276804,False,cumplido
1498,35,1439.0,preventivo,14.0,2024-06-08 10:04:14.171085,2024-06-08 14:32:17.265820,False,s/n
1499,35,1440.0,preventivo,14.0,2024-06-02 17:59:57.721522,2024-06-02 19:12:01.904172,False,se realizó tarea programada
1500,35,1441.0,preventivo,14.0,2024-06-14 11:23:04.845224,2024-06-14 15:43:37.492385,False,tarea de rutina según plan
1501,35,1442.0,preventivo,14.0,2024-06-17 16:58:11.723286,2024-06-17 20:27:44.931458,False,se realizó tarea programada
1502,35,1443.0,preventivo,14.0,2024-06-23 12:23:51.819962,2024-06-23 15:44:11.586001,False,cumplido
1503,35,1444.0,preventivo,14.0,2024-06-29 10:45:52.486584,2024-06-29 12:40:03.688330,False,se realizó tarea programada
1504,35,1445.0,preventivo,14.0,2024-07-05 13:40:33.670998,2024-07-05 18:07:42.907391,False,OK sin observaciones
1505,35,1446.0,preventivo,14.0,2024-07-13 14:42:52.610780,2024-07-13 18:48:58.547026,False,se realizó tarea programada
1506,35,1448.0,preventivo,14.0,2024-07-25 07:52:13.445146,2024-07-25 13:28:45.948839,False,pendiente revisión adicional
1507,35,1449.0,preventivo,14.0,2024-08-03 08:34:49.688381,2024-08-03 11:43:20.360514,False,s/n
1508,35,1451.0,preventivo,14.0,2024-08-19 13:27:38.055857,2024-08-19 19:24:29.823435,False,pendiente revisión adicional
1509,35,1452.0,preventivo,14.0,2024-08-23 16:47:35.147367,2024-08-23 18:44:55.919242,True,"rutina realizada, todo en orden"
1510,35,1453.0,preventivo,14.0,2024-08-29 16:24:46.415667,2024-08-29 21:18:46.376224,False,tarea de rutina según plan
1511,35,1454.0,preventivo,14.0,2024-09-07 12:46:33.062584,2024-09-07 15:41:02.052339,False,pendiente revisión adicional
1512,35,1455.0,preventivo,14.0,2024-09-15 12:13:28.348395,2024-09-15 17:02:36.363170,True,OK sin observaciones
1513,35,1456.0,preventivo,14.0,2024-09-20 07:07:30.133050,2024-09-20 11:05:06.277602,False,cumplido
1514,35,1457.0,preventivo,14.0,2024-10-14 14:42:57.543092,2024-10-14 18:21:15.805517,False,"rutina realizada, todo en orden"
1515,35,1458.0,preventivo,14.0,2024-10-05 16:58:50.143540,2024-10-05 22:43:33.162184,False,se realizó tarea programada
1516,35,1459.0,preventivo,14.0,2024-10-14 08:08:29.878505,2024-10-14 10:37:03.346285,False,tarea de rutina según plan
1517,35,1460.0,preventivo,14.0,2024-10-17 13:48:24.130039,2024-10-17 19:15:11.306455,False,tarea de rutina según plan
1518,35,1463.0,preventivo,14.0,2024-11-08 06:13:06.064423,2024-11-08 09:56:27.643978,False,cumplido
1519,35,1464.0,preventivo,14.0,2024-11-17 11:45:54.239421,2024-11-17 13:34:48.136439,False,se realizó tarea programada
1520,35,1465.0,preventivo,14.0,2024-11-25 16:02:12.279519,2024-11-25 20:29:30.226985,False,s/n
1521,35,1466.0,preventivo,14.0,2024-12-02 15:33:17.247096,2024-12-02 17:13:10.543331,False,s/n
1522,35,1467.0,preventivo,14.0,2024-12-05 15:20:36.191571,2024-12-05 17:47:00.935788,False,pendiente revisión adicional
1523,35,1468.0,preventivo,14.0,2024-12-13 08:35:35.456140,2024-12-13 09:45:16.282525,False,cumplido
1524,35,1469.0,preventivo,14.0,2025-01-06 11:40:22.303726,2025-01-06 16:58:24.760872,False,pendiente revisión adicional
1525,35,1470.0,preventivo,14.0,2024-12-30 08:09:45.825219,2024-12-30 11:21:00.646914,False,se realizó tarea programada
1526,35,1471.0,preventivo,14.0,2025-01-02 15:51:19.211471,2025-01-02 20:04:18.447681,False,cumplido
1527,35,1472.0,preventivo,14.0,2025-01-10 14:49:59.947551,2025-01-10 16:14:06.411766,False,tarea de rutina según plan
1528,35,1473.0,preventivo,14.0,2025-01-18 12:04:48.678287,2025-01-18 17:21:10.069382,True,s/n
1529,35,1474.0,preventivo,14.0,2025-01-24 12:06:42.372475,2025-01-24 16:50:56.427423,False,se realizó tarea programada
1530,35,1475.0,preventivo,14.0,2025-01-30 12:37:02.826113,2025-01-30 18:18:38.299370,False,tarea de rutina según plan
1531,35,1476.0,preventivo,14.0,2025-02-06 13:52:15.741837,2025-02-06 15:41:13.659658,False,OK sin observaciones
1532,35,1477.0,preventivo,14.0,2025-02-14 17:26:29.776540,2025-02-14 19:53:41.586341,False,cumplido
1533,35,1478.0,preventivo,14.0,2025-02-23 06:59:45.216653,2025-02-23 10:43:27.571902,False,se realizó tarea programada
1534,35,1479.0,preventivo,14.0,2025-03-03 10:41:12.061590,2025-03-03 14:21:26.768938,False,"rutina realizada, todo en orden"
1535,35,1481.0,preventivo,14.0,2025-03-15 13:16:14.614854,2025-03-15 15:33:03.066629,False,s/n
1536,35,1483.0,preventivo,14.0,2025-03-30 10:13:19.474737,2025-03-30 16:10:19.923191,False,pendiente revisión adicional
1537,35,1484.0,preventivo,14.0,2025-04-07 13:17:20.116118,2025-04-07 16:17:53.890167,False,cumplido
1538,35,1485.0,preventivo,14.0,2025-04-11 08:08:33.109383,2025-04-11 12:09:35.829017,False,tarea de rutina según plan
1539,35,1486.0,preventivo,14.0,2025-04-18 12:03:04.449014,2025-04-18 16:54:16.177957,False,cumplido
1540,35,1487.0,preventivo,14.0,2025-04-27 14:58:02.778072,2025-04-27 20:45:06.624717,False,pendiente revisión adicional
1541,35,1488.0,preventivo,14.0,2025-05-14 17:01:50.563879,2025-05-14 18:48:58.139192,False,"rutina realizada, todo en orden"
1542,35,1491.0,preventivo,14.0,2025-05-25 14:25:57.659607,2025-05-25 16:13:29.966836,False,pendiente revisión adicional
1543,35,1492.0,preventivo,14.0,2025-06-13 14:39:57.619191,2025-06-13 19:33:22.764840,False,cumplido
1544,35,1493.0,preventivo,14.0,2025-06-09 09:17:04.291113,2025-06-09 11:41:35.537670,False,"rutina realizada, todo en orden"
1545,35,1495.0,preventivo,14.0,2025-06-22 06:06:51.394969,2025-06-22 11:02:57.458352,False,"rutina realizada, todo en orden"
1546,35,1496.0,preventivo,14.0,2025-06-28 09:22:41.184898,2025-06-28 12:27:16.539189,False,"rutina realizada, todo en orden"
1547,35,1497.0,preventivo,14.0,2025-07-04 07:36:07.131706,2025-07-04 12:24:21.452756,False,tarea de rutina según plan
1548,35,1498.0,preventivo,14.0,2025-07-11 14:45:45.662953,2025-07-11 20:30:14.630760,False,"rutina realizada, todo en orden"
1549,35,1499.0,preventivo,14.0,2025-07-18 08:23:28.404214,2025-07-18 11:36:54.155088,False,OK sin observaciones
1550,35,1502.0,preventivo,14.0,2025-08-09 08:10:52.965593,2025-08-09 09:39:03.834684,False,se realizó tarea programada
1551,35,1504.0,preventivo,14.0,2025-08-23 07:25:54.710807,2025-08-23 10:44:53.814297,False,tarea de rutina según plan
1552,35,1505.0,preventivo,14.0,2025-08-28 12:54:07.359090,2025-08-28 18:34:15.517164,False,tarea de rutina según plan
1553,35,1506.0,preventivo,14.0,2025-09-08 15:16:14.996994,2025-09-08 18:58:13.485360,False,OK sin observaciones
1554,35,1507.0,preventivo,14.0,2025-09-14 15:56:33.042290,2025-09-14 18:07:24.694299,False,OK sin observaciones
1555,35,1508.0,preventivo,14.0,2025-09-19 13:52:40.361017,2025-09-19 17:26:38.371324,False,tarea de rutina según plan
1556,35,1509.0,preventivo,14.0,2025-09-27 08:47:38.370142,2025-09-27 11:16:09.777906,True,pendiente revisión adicional
1557,35,1510.0,preventivo,14.0,2025-10-06 16:27:05.648475,2025-10-06 20:46:08.742718,False,cumplido
1558,35,1511.0,preventivo,14.0,2025-10-13 16:19:24.977430,2025-10-13 21:13:36.485645,False,OK sin observaciones
1559,35,1512.0,preventivo,14.0,2025-10-20 16:35:34.495337,2025-10-20 18:26:48.573052,False,s/n
1560,35,1513.0,preventivo,14.0,2025-11-14 10:07:02.806876,2025-11-14 13:08:54.885928,False,OK sin observaciones
1561,35,1514.0,preventivo,14.0,2025-10-30 17:08:35.288020,2025-10-30 22:07:58.051664,False,se realizó tarea programada
1562,35,1515.0,preventivo,14.0,2025-11-07 12:46:27.840949,2025-11-07 15:54:50.928617,False,se realizó tarea programada
1563,35,1516.0,preventivo,14.0,2025-11-13 13:14:03.994265,2025-11-13 14:54:31.138163,False,OK sin observaciones
1564,35,1517.0,preventivo,,2025-11-23 06:37:37.811237,2025-11-23 09:16:46.951192,False,"rutina realizada, todo en orden"
1565,35,1518.0,preventivo,14.0,2025-11-30 13:00:37.235538,2025-11-30 16:32:00.130454,False,se realizó tarea programada
1566,35,1519.0,preventivo,14.0,2025-12-07 09:14:00.662902,2025-12-07 13:30:10.989076,False,s/n
1567,35,1520.0,preventivo,14.0,2025-12-11 16:29:32.417025,2025-12-11 17:44:14.926400,False,OK sin observaciones
1568,35,1521.0,preventivo,14.0,2025-12-22 07:45:39.351278,2025-12-22 11:56:23.105598,False,OK sin observaciones
1569,76,1523.0,preventivo,14.0,2024-01-07 06:25:38.083354,2024-01-07 08:45:18.254728,False,s/n
1570,76,1525.0,preventivo,14.0,2024-01-21 09:19:45.148467,2024-01-21 10:39:15.206949,False,s/n
1571,76,1527.0,preventivo,,2024-02-04 10:29:04.488507,2024-02-04 14:03:44.146795,False,s/n
1572,76,1528.0,preventivo,14.0,2024-02-18 09:27:35.388925,2024-02-18 12:57:56.478886,False,tarea de rutina según plan
1573,76,1530.0,preventivo,,2024-02-23 11:07:39.435074,2024-02-23 16:06:45.184466,False,"rutina realizada, todo en orden"
1574,76,1532.0,preventivo,14.0,2024-03-25 13:34:03.166125,2024-03-25 14:45:28.048714,False,OK sin observaciones
1575,76,1533.0,preventivo,14.0,2024-03-29 08:53:35.430117,2024-03-29 10:41:43.187790,False,tarea de rutina según plan
1576,76,1534.0,preventivo,14.0,2024-03-21 08:03:46.455660,2024-03-21 13:34:13.636702,True,s/n
1577,76,1535.0,preventivo,14.0,2024-03-30 15:35:53.845940,2024-03-30 17:29:52.690188,False,se realizó tarea programada
1578,76,1536.0,preventivo,14.0,2024-04-03 16:23:57.297305,2024-04-03 21:59:39.939009,False,cumplido
1579,76,1538.0,preventivo,14.0,2024-04-18 09:19:56.063490,2024-04-18 10:55:39.817193,False,se realizó tarea programada
1580,76,1539.0,preventivo,14.0,2024-04-25 10:12:00.474437,2024-04-25 12:24:42.193378,False,se realizó tarea programada
1581,76,1540.0,preventivo,14.0,2024-05-25 15:10:52.268643,2024-05-25 19:41:26.466986,True,cumplido
1582,76,1541.0,preventivo,14.0,2024-05-10 17:07:32.386535,2024-05-10 18:53:25.826592,False,"rutina realizada, todo en orden"
1583,76,1542.0,preventivo,14.0,2024-05-19 12:40:44.618695,2024-05-19 18:17:59.608305,False,pendiente revisión adicional
1584,76,1543.0,preventivo,14.0,2024-05-26 06:43:36.369691,2024-05-26 08:06:42.204237,False,cumplido
1585,76,1544.0,preventivo,14.0,2024-05-31 17:54:22.544771,2024-05-31 20:17:06.607206,False,se realizó tarea programada
1586,76,1545.0,preventivo,14.0,2024-06-08 11:21:02.342463,2024-06-08 15:23:22.826469,False,"rutina realizada, todo en orden"
1587,76,1546.0,preventivo,14.0,2024-06-14 09:08:56.210190,2024-06-14 14:22:00.473893,False,se realizó tarea programada
1588,76,1547.0,preventivo,14.0,2024-06-29 09:36:24.256738,2024-06-29 11:55:43.208412,False,pendiente revisión adicional
1589,76,1548.0,preventivo,14.0,2024-06-30 15:30:08.533584,2024-06-30 20:20:32.719729,False,s/n
1590,76,1549.0,preventivo,14.0,2024-07-05 10:26:02.386178,2024-07-05 11:44:37.288213,False,"rutina realizada, todo en orden"
1591,76,1550.0,preventivo,14.0,2024-07-14 14:02:18.258184,2024-07-14 17:32:18.234693,False,se realizó tarea programada
1592,76,1551.0,preventivo,14.0,2024-07-18 13:17:51.042104,2024-07-18 16:16:11.011401,False,pendiente revisión adicional
1593,76,1552.0,preventivo,14.0,2024-07-24 11:41:22.751229,2024-07-24 14:48:34.411549,False,OK sin observaciones
1594,76,1553.0,preventivo,14.0,2024-08-21 10:15:21.669391,2024-08-21 15:27:16.509595,False,tarea de rutina según plan
1595,76,1554.0,preventivo,14.0,2024-08-10 11:06:18.162506,2024-08-10 14:59:31.703973,False,cumplido
1596,76,1555.0,preventivo,14.0,2024-08-17 13:15:49.747289,2024-08-17 19:11:53.027524,False,pendiente revisión adicional
1597,76,1556.0,preventivo,14.0,2024-08-21 10:39:47.793891,2024-08-21 12:41:01.420626,False,pendiente revisión adicional
1598,76,1557.0,preventivo,14.0,2024-08-31 06:48:29.716200,2024-08-31 09:38:41.945655,False,s/n
1599,76,1558.0,preventivo,,2024-09-05 07:25:48.201665,2024-09-05 09:04:19.122276,False,pendiente revisión adicional
1600,76,1559.0,preventivo,14.0,2024-09-15 17:52:32.856214,2024-09-15 23:45:13.389290,False,s/n
1601,76,1561.0,preventivo,14.0,2024-09-28 17:44:06.062534,2024-09-28 19:06:02.210597,False,OK sin observaciones
1602,76,1562.0,preventivo,14.0,2024-10-02 08:55:16.811750,2024-10-02 10:02:59.806870,False,tarea de rutina según plan
1603,76,1563.0,preventivo,14.0,2024-10-25 13:05:46.198705,2024-10-25 18:54:07.925543,True,tarea de rutina según plan
1604,76,1565.0,preventivo,14.0,2024-10-26 07:44:55.703056,2024-10-26 11:30:41.145007,True,"rutina realizada, todo en orden"
1605,76,1566.0,preventivo,14.0,2024-11-03 14:40:28.978992,2024-11-03 20:38:35.673690,False,s/n
1606,76,1567.0,preventivo,14.0,2024-11-07 14:44:42.480477,2024-11-07 17:31:39.691049,False,cumplido
1607,76,1568.0,preventivo,14.0,2024-11-17 11:54:31.805551,2024-11-17 16:42:49.303299,False,tarea de rutina según plan
1608,76,1569.0,preventivo,14.0,2024-11-20 10:34:43.628830,2024-11-20 11:45:15.526466,False,tarea de rutina según plan
1609,76,1570.0,preventivo,14.0,2024-11-30 16:17:48.217371,2024-11-30 19:00:08.676427,False,pendiente revisión adicional
1610,76,1571.0,preventivo,14.0,2024-12-06 06:46:27.582707,2024-12-06 08:17:53.119194,False,tarea de rutina según plan
1611,76,1572.0,preventivo,14.0,2024-12-15 08:12:49.707121,2024-12-15 11:55:00.165492,False,pendiente revisión adicional
1612,76,1573.0,preventivo,14.0,2024-12-22 13:39:29.194688,2024-12-22 17:28:14.826118,False,se realizó tarea programada
1613,76,1574.0,preventivo,14.0,2024-12-28 07:23:45.367282,2024-12-28 13:02:57.764089,False,tarea de rutina según plan
1614,76,1576.0,preventivo,,2025-01-09 15:00:06.530941,2025-01-09 18:01:15.551779,False,OK sin observaciones
1615,76,1577.0,preventivo,14.0,2025-01-15 14:50:58.674634,2025-01-15 19:43:59.744417,False,OK sin observaciones
1616,76,1578.0,preventivo,,2025-01-26 11:17:51.765528,2025-01-26 16:43:55.574460,True,"rutina realizada, todo en orden"
1617,76,1580.0,preventivo,14.0,2025-02-06 08:12:39.289395,2025-02-06 10:43:35.383537,False,pendiente revisión adicional
1618,76,1581.0,preventivo,14.0,2025-02-16 11:38:28.312721,2025-02-16 13:17:12.538956,False,s/n
1619,76,1582.0,preventivo,14.0,2025-03-03 11:33:38.004795,2025-03-03 17:12:16.602460,False,tarea de rutina según plan
1620,76,1583.0,preventivo,14.0,2025-02-28 07:08:10.408650,2025-02-28 08:31:03.280716,False,OK sin observaciones
1621,76,1584.0,preventivo,14.0,2025-03-09 10:29:56.052362,2025-03-09 13:59:58.802631,False,se realizó tarea programada
1622,76,1585.0,preventivo,14.0,2025-03-12 06:00:08.545298,2025-03-12 09:40:14.057598,False,cumplido
1623,76,1586.0,preventivo,14.0,2025-04-01 12:26:15.227907,2025-04-01 17:57:22.668936,False,pendiente revisión adicional
1624,76,1587.0,preventivo,14.0,2025-03-28 08:15:04.225477,2025-03-28 13:55:59.646558,False,"rutina realizada, todo en orden"
1625,76,1588.0,preventivo,14.0,2025-04-04 13:51:37.523020,2025-04-04 15:55:52.170620,False,s/n
1626,76,1589.0,preventivo,14.0,2025-04-12 14:49:00.505238,2025-04-12 18:06:06.747293,False,se realizó tarea programada
1627,76,1590.0,preventivo,14.0,2025-04-19 07:19:28.901297,2025-04-19 11:40:14.133641,False,"rutina realizada, todo en orden"
1628,76,1591.0,preventivo,14.0,2025-05-01 07:53:13.646113,2025-05-01 10:22:47.304234,False,tarea de rutina según plan
1629,76,1593.0,preventivo,14.0,2025-05-08 10:52:45.967983,2025-05-08 13:06:58.001704,True,cumplido
1630,76,1594.0,preventivo,14.0,2025-05-16 16:46:07.687868,2025-05-16 19:34:29.241201,False,se realizó tarea programada
1631,76,1595.0,preventivo,14.0,2025-05-22 13:35:42.651017,2025-05-22 16:45:44.392977,False,"rutina realizada, todo en orden"
1632,76,1596.0,preventivo,14.0,2025-06-08 08:39:29.420572,2025-06-08 12:45:27.633712,False,pendiente revisión adicional
1633,76,1597.0,preventivo,14.0,2025-06-08 09:43:56.744452,2025-06-08 10:45:03.694103,False,OK sin observaciones
1634,76,1598.0,preventivo,14.0,2025-07-05 17:36:23.158673,2025-07-05 21:26:44.084387,False,"rutina realizada, todo en orden"
1635,76,1599.0,preventivo,14.0,2025-06-20 06:07:56.609246,2025-06-20 08:24:58.817503,False,pendiente revisión adicional
1636,76,1600.0,preventivo,14.0,2025-06-27 16:43:30.623399,2025-06-27 22:33:24.367136,False,"rutina realizada, todo en orden"
1637,76,1602.0,preventivo,,2025-07-10 12:52:59.760250,2025-07-10 17:17:26.267626,False,se realizó tarea programada
1638,76,1603.0,preventivo,,2025-07-16 09:59:21.667152,2025-07-16 14:47:28.283992,False,s/n
1639,76,1604.0,preventivo,14.0,2025-07-29 13:54:52.437280,2025-07-29 17:51:54.942537,False,s/n
1640,76,1605.0,preventivo,14.0,2025-07-30 11:24:46.725754,2025-07-30 14:41:40.123064,False,se realizó tarea programada
1641,76,1606.0,preventivo,14.0,2025-08-19 14:24:55.024463,2025-08-19 15:37:18.584033,False,tarea de rutina según plan
1642,76,1607.0,preventivo,14.0,2025-08-13 16:10:27.958448,2025-08-13 21:18:56.157780,False,s/n
1643,76,1608.0,preventivo,14.0,2025-09-08 14:47:17.218880,2025-09-08 19:28:13.486424,False,cumplido
1644,76,1609.0,preventivo,,2025-08-28 07:06:00.821017,2025-08-28 08:56:48.293585,False,cumplido
1645,76,1610.0,preventivo,14.0,2025-09-07 10:50:29.017412,2025-09-07 13:20:53.110776,False,"rutina realizada, todo en orden"
1646,76,1611.0,preventivo,14.0,2025-09-10 14:07:42.093109,2025-09-10 19:48:26.643060,False,s/n
1647,76,1612.0,preventivo,14.0,2025-10-07 09:06:54.662579,2025-10-07 12:22:09.689806,True,cumplido
1648,76,1613.0,preventivo,14.0,2025-09-27 16:09:54.890523,2025-09-27 19:38:37.142043,False,OK sin observaciones
1649,76,1614.0,preventivo,14.0,2025-10-05 06:46:49.252828,2025-10-05 12:21:20.670735,False,tarea de rutina según plan
1650,76,1615.0,preventivo,14.0,2025-10-11 11:35:41.625987,2025-10-11 14:23:57.737633,True,tarea de rutina según plan
1651,76,1616.0,preventivo,14.0,2025-10-17 07:23:40.414204,2025-10-17 09:22:57.787802,False,tarea de rutina según plan
1652,76,1617.0,preventivo,14.0,2025-10-25 09:35:23.486620,2025-10-25 14:59:40.262340,False,OK sin observaciones
1653,76,1618.0,preventivo,14.0,2025-10-31 17:53:07.250711,2025-10-31 21:31:05.590679,False,tarea de rutina según plan
1654,76,1619.0,preventivo,14.0,2025-11-09 17:37:50.127113,2025-11-09 23:26:06.005381,False,se realizó tarea programada
1655,76,1621.0,preventivo,14.0,2025-11-22 09:55:09.065016,2025-11-22 11:30:33.657938,False,OK sin observaciones
1656,76,1623.0,preventivo,14.0,2025-12-16 07:31:06.690153,2025-12-16 12:56:34.060403,False,se realizó tarea programada
1657,76,1624.0,preventivo,14.0,2025-12-13 08:26:52.871997,2025-12-13 12:17:35.493311,False,s/n
1658,76,1625.0,preventivo,14.0,2025-12-19 11:59:50.251312,2025-12-19 15:48:54.501059,False,OK sin observaciones
1659,76,1626.0,preventivo,14.0,2025-12-24 07:45:59.999858,2025-12-24 09:59:39.878611,False,"rutina realizada, todo en orden"
1660,76,1627.0,preventivo,14.0,2025-12-31 13:06:48.741617,2025-12-31 16:22:56.803835,False,OK sin observaciones
1661,97,1628.0,preventivo,14.0,2024-01-06 09:10:08.428985,2024-01-06 10:54:35.388996,False,tarea de rutina según plan
1662,97,1629.0,preventivo,14.0,2024-01-10 17:54:11.972880,2024-01-10 19:50:39.234816,False,s/n
1663,97,1630.0,preventivo,14.0,2024-01-18 09:08:52.523659,2024-01-18 12:16:42.662060,False,s/n
1664,97,1631.0,preventivo,14.0,2024-01-27 08:47:08.816584,2024-01-27 10:25:23.104687,False,cumplido
1665,97,1632.0,preventivo,14.0,2024-02-02 10:25:19.397614,2024-02-02 13:15:58.564282,False,"rutina realizada, todo en orden"
1666,97,1634.0,preventivo,14.0,2024-02-14 12:53:15.148169,2024-02-14 16:56:13.084180,False,se realizó tarea programada
1667,97,1635.0,preventivo,14.0,2024-02-21 14:49:51.929295,2024-02-21 16:21:38.877132,False,tarea de rutina según plan
1668,97,1636.0,preventivo,14.0,2024-03-01 16:54:53.094687,2024-03-01 20:46:33.357617,False,tarea de rutina según plan
1669,97,1637.0,preventivo,14.0,2024-03-28 07:18:15.607845,2024-03-28 13:11:33.902704,False,"rutina realizada, todo en orden"
1670,97,1638.0,preventivo,14.0,2024-03-19 09:33:49.385170,2024-03-19 12:11:30.400457,False,cumplido
1671,97,1639.0,preventivo,14.0,2024-04-08 17:07:40.030659,2024-04-08 18:43:11.934194,False,"rutina realizada, todo en orden"
1672,97,1640.0,preventivo,14.0,2024-03-30 06:49:13.905640,2024-03-30 11:47:26.213412,False,s/n
1673,97,1641.0,preventivo,14.0,2024-04-05 10:38:25.202533,2024-04-05 15:59:44.074495,True,cumplido
1674,97,1642.0,preventivo,14.0,2024-04-13 15:56:57.437377,2024-04-13 19:00:18.329583,False,se realizó tarea programada
1675,97,1643.0,preventivo,14.0,2024-04-17 13:54:43.524411,2024-04-17 18:06:31.499170,False,se realizó tarea programada
1676,97,1644.0,preventivo,14.0,2024-04-25 12:13:05.589414,2024-04-25 13:25:43.301344,False,s/n
1677,97,1645.0,preventivo,14.0,2024-04-30 09:53:23.107822,2024-04-30 15:00:34.376767,False,s/n
1678,97,1646.0,preventivo,14.0,2024-05-10 08:40:24.041997,2024-05-10 10:40:16.313911,True,"rutina realizada, todo en orden"
1679,97,1647.0,preventivo,14.0,2024-05-18 17:02:22.894077,2024-05-18 20:28:22.992635,False,s/n
1680,97,1648.0,preventivo,14.0,2024-05-25 17:55:28.305883,2024-05-25 18:58:08.214312,False,"rutina realizada, todo en orden"
1681,97,1649.0,preventivo,14.0,2024-06-13 06:33:45.467489,2024-06-13 10:38:07.016357,False,tarea de rutina según plan
1682,97,1650.0,preventivo,14.0,2024-06-08 16:15:10.417652,2024-06-08 21:58:03.078820,False,se realizó tarea programada
1683,97,1651.0,preventivo,14.0,2024-06-12 16:15:32.104882,2024-06-12 17:57:53.414664,False,tarea de rutina según plan
1684,97,1652.0,preventivo,14.0,2024-06-20 15:32:06.803159,2024-06-20 19:39:05.641380,False,s/n
1685,97,1653.0,preventivo,14.0,2024-06-27 08:01:48.963434,2024-06-27 10:56:21.073523,False,"rutina realizada, todo en orden"
1686,97,1654.0,preventivo,14.0,2024-07-06 07:27:11.818458,2024-07-06 11:30:12.450044,False,OK sin observaciones
1687,97,1655.0,preventivo,14.0,2024-07-11 12:56:50.223393,2024-07-11 18:34:55.690543,False,se realizó tarea programada
1688,97,1657.0,preventivo,14.0,2024-07-27 17:56:46.307456,2024-07-27 21:23:49.049276,False,pendiente revisión adicional
1689,97,1658.0,preventivo,14.0,2024-07-30 06:20:05.951547,2024-07-30 10:56:45.773002,False,s/n
1690,97,1659.0,preventivo,14.0,2024-08-08 09:47:10.974497,2024-08-08 10:48:22.677755,False,se realizó tarea programada
1691,97,1660.0,preventivo,14.0,2024-08-14 07:55:20.539754,2024-08-14 10:39:25.677989,True,tarea de rutina según plan
1692,97,1661.0,preventivo,14.0,2024-08-24 12:15:29.939571,2024-08-24 13:52:28.898902,True,se realizó tarea programada
1693,97,1663.0,preventivo,14.0,2024-09-05 17:45:29.695893,2024-09-05 20:41:14.739362,False,tarea de rutina según plan
1694,97,1664.0,preventivo,14.0,2024-09-13 07:03:50.164189,2024-09-13 10:41:19.606580,False,"rutina realizada, todo en orden"
1695,97,1666.0,preventivo,14.0,2024-09-27 06:13:15.904542,2024-09-27 11:44:47.471142,False,cumplido
1696,97,1667.0,preventivo,14.0,2024-10-03 15:41:41.438817,2024-10-03 19:14:51.962572,False,tarea de rutina según plan
1697,97,1668.0,preventivo,14.0,2024-10-11 13:33:30.233154,2024-10-11 18:07:25.545068,False,OK sin observaciones
1698,97,1669.0,preventivo,14.0,2024-10-19 12:55:11.526835,2024-10-19 17:01:24.838233,False,pendiente revisión adicional
1699,97,1670.0,preventivo,14.0,2024-10-29 17:16:22.655123,2024-10-29 20:24:09.306468,False,"rutina realizada, todo en orden"
1700,97,1671.0,preventivo,14.0,2024-10-31 09:45:05.503987,2024-10-31 14:01:46.081351,False,tarea de rutina según plan
1701,97,1672.0,preventivo,14.0,2024-11-06 17:24:50.824173,2024-11-06 20:23:25.236030,False,pendiente revisión adicional
1702,97,1673.0,preventivo,14.0,2024-11-16 16:06:48.713275,2024-11-16 17:55:05.950328,False,OK sin observaciones
1703,97,1674.0,preventivo,14.0,2024-11-23 16:04:25.272499,2024-11-23 20:35:22.506310,False,OK sin observaciones
1704,97,1675.0,preventivo,14.0,2024-11-26 16:20:21.997488,2024-11-26 18:39:04.721753,False,"rutina realizada, todo en orden"
1705,97,1676.0,preventivo,14.0,2024-12-06 08:04:20.018605,2024-12-06 12:06:06.830537,False,cumplido
1706,97,1677.0,preventivo,14.0,2024-12-10 06:15:54.897108,2024-12-10 07:26:42.639903,False,cumplido
1707,97,1678.0,preventivo,14.0,2024-12-21 14:18:45.336476,2024-12-21 18:39:35.872859,False,pendiente revisión adicional
1708,97,1680.0,preventivo,14.0,2025-01-15 16:55:15.714672,2025-01-15 19:26:29.005610,False,pendiente revisión adicional
1709,97,1681.0,preventivo,14.0,2025-01-10 10:56:49.157127,2025-01-10 11:59:31.753824,True,s/n
1710,97,1683.0,preventivo,14.0,2025-01-23 10:27:47.798843,2025-01-23 13:59:36.261974,False,s/n
1711,97,1684.0,preventivo,14.0,2025-01-30 14:57:05.728379,2025-01-30 16:32:45.771205,False,cumplido
1712,97,1685.0,preventivo,14.0,2025-02-08 11:50:49.904016,2025-02-08 14:11:29.209783,False,tarea de rutina según plan
1713,97,1687.0,preventivo,14.0,2025-03-06 11:25:47.958828,2025-03-06 16:35:10.644740,False,OK sin observaciones
1714,97,1688.0,preventivo,14.0,2025-02-25 15:55:40.808266,2025-02-25 17:36:18.125029,False,cumplido
1715,97,1690.0,preventivo,14.0,2025-03-13 08:03:47.785205,2025-03-13 10:25:16.226059,False,OK sin observaciones
1716,97,1691.0,preventivo,14.0,2025-03-21 10:13:30.988534,2025-03-21 13:44:36.010354,False,se realizó tarea programada
1717,97,1692.0,preventivo,14.0,2025-03-29 17:01:42.033634,2025-03-29 22:29:28.582907,False,OK sin observaciones
1718,97,1693.0,preventivo,14.0,2025-04-01 10:08:05.350115,2025-04-01 13:05:19.426341,False,tarea de rutina según plan
1719,97,1694.0,preventivo,14.0,2025-04-11 06:38:51.643609,2025-04-11 12:19:49.411892,False,s/n
1720,97,1695.0,preventivo,14.0,2025-04-17 06:10:01.244460,2025-04-17 11:32:04.394388,False,se realizó tarea programada
1721,97,1696.0,preventivo,14.0,2025-04-25 09:58:32.496635,2025-04-25 15:44:27.274651,False,se realizó tarea programada
1722,97,1698.0,preventivo,14.0,2025-05-08 09:53:41.979441,2025-05-08 14:25:19.529069,False,s/n
1723,97,1699.0,preventivo,14.0,2025-05-15 15:09:05.224880,2025-05-15 18:13:35.084050,False,"rutina realizada, todo en orden"
1724,97,1701.0,preventivo,14.0,2025-05-30 08:29:01.743991,2025-05-30 09:46:28.715421,False,"rutina realizada, todo en orden"
1725,97,1706.0,preventivo,14.0,2025-07-01 15:01:21.183540,2025-07-01 16:48:26.630558,False,"rutina realizada, todo en orden"
1726,97,1707.0,preventivo,14.0,2025-07-12 17:29:58.374131,2025-07-12 20:36:37.028268,False,OK sin observaciones
1727,97,1708.0,preventivo,14.0,2025-07-19 06:17:22.880939,2025-07-19 09:26:44.575471,False,OK sin observaciones
1728,97,1711.0,preventivo,14.0,2025-08-06 14:25:08.920468,2025-08-06 20:18:17.950715,True,tarea de rutina según plan
1729,97,1713.0,preventivo,14.0,2025-08-23 12:41:37.351301,2025-08-23 15:30:28.439639,False,"rutina realizada, todo en orden"
1730,97,1714.0,preventivo,14.0,2025-08-27 11:35:50.205705,2025-08-27 15:29:02.464675,False,s/n
1731,97,1715.0,preventivo,14.0,2025-09-03 16:28:03.914816,2025-09-03 22:21:43.926171,False,OK sin observaciones
1732,97,1716.0,preventivo,14.0,2025-09-13 17:27:50.452225,2025-09-13 22:26:43.466255,False,"rutina realizada, todo en orden"
1733,97,1717.0,preventivo,14.0,2025-09-17 14:25:04.813877,2025-09-17 16:40:02.639109,False,cumplido
1734,97,1718.0,preventivo,14.0,2025-09-25 14:45:27.528268,2025-09-25 19:24:47.879979,False,cumplido
1735,97,1719.0,preventivo,14.0,2025-10-03 12:59:50.218806,2025-10-03 17:25:46.898177,False,OK sin observaciones
1736,97,1720.0,preventivo,14.0,2025-10-11 15:56:13.913409,2025-10-11 20:33:10.606304,False,cumplido
1737,97,1722.0,preventivo,14.0,2025-10-22 09:38:31.056282,2025-10-22 14:49:21.801833,False,tarea de rutina según plan
1738,97,1723.0,preventivo,14.0,2025-10-29 10:30:59.724383,2025-10-29 12:07:53.227352,False,s/n
1739,97,1724.0,preventivo,14.0,2025-11-05 11:14:35.727224,2025-11-05 15:14:06.591254,False,OK sin observaciones
1740,97,1725.0,preventivo,14.0,2025-11-14 14:16:58.768075,2025-11-14 17:45:54.096226,False,tarea de rutina según plan
1741,97,1726.0,preventivo,14.0,2025-11-19 11:08:32.479468,2025-11-19 15:02:21.308758,False,"rutina realizada, todo en orden"
1742,97,1727.0,preventivo,14.0,2025-11-26 09:59:40.938044,2025-11-26 11:02:04.142725,False,cumplido
1743,97,1728.0,preventivo,,2025-12-02 17:12:04.517391,2025-12-02 21:28:44.956029,False,cumplido
1744,97,1729.0,preventivo,14.0,2025-12-30 12:20:53.262610,2025-12-30 13:48:37.321063,False,"rutina realizada, todo en orden"
1745,97,1731.0,preventivo,14.0,2025-12-27 10:36:51.362818,2025-12-27 15:06:00.389133,False,se realizó tarea programada
1746,10,1733.0,preventivo,14.0,2024-03-04 14:12:08.262054,2024-03-04 16:34:06.252680,False,tarea de rutina según plan
1747,10,1734.0,preventivo,14.0,2024-05-11 17:17:00.361382,2024-05-11 19:56:39.977614,False,"rutina realizada, todo en orden"
1748,10,1735.0,preventivo,14.0,2024-08-23 16:10:11.728083,2024-08-23 20:01:09.217107,False,s/n
1749,10,1736.0,preventivo,14.0,2024-11-19 15:30:38.035694,2024-11-19 19:02:30.232390,False,OK sin observaciones
1750,10,1737.0,preventivo,14.0,2025-02-13 10:23:25.524129,2025-02-13 15:57:33.353511,False,pendiente revisión adicional
1751,10,1738.0,preventivo,14.0,2025-05-06 06:36:38.687782,2025-05-06 09:37:50.358626,False,s/n
1752,11,1741.0,preventivo,14.0,2024-01-21 07:13:28.850255,2024-01-21 10:03:34.786402,False,"rutina realizada, todo en orden"
1753,11,1742.0,preventivo,14.0,2024-04-16 09:10:53.541277,2024-04-16 13:15:43.308394,False,pendiente revisión adicional
1754,11,1743.0,preventivo,14.0,2024-07-22 11:31:54.740985,2024-07-22 12:56:11.228670,False,pendiente revisión adicional
1755,11,1744.0,preventivo,14.0,2024-10-12 07:52:04.139816,2024-10-12 10:30:07.937561,False,s/n
1756,11,1746.0,preventivo,14.0,2025-04-14 16:48:19.137204,2025-04-14 21:41:34.597260,False,s/n
1757,11,1748.0,preventivo,14.0,2025-11-08 14:43:47.833823,2025-11-08 20:08:28.375298,False,s/n
1758,14,1750.0,preventivo,14.0,2024-04-09 07:02:21.912916,2024-04-09 09:22:45.157441,False,se realizó tarea programada
1759,14,1752.0,preventivo,14.0,2024-10-02 09:48:49.851132,2024-10-02 15:04:24.508372,False,cumplido
1760,14,1754.0,preventivo,14.0,2025-03-28 17:03:05.572672,2025-03-28 19:08:37.940737,False,cumplido
1761,14,1755.0,preventivo,,2025-07-02 13:01:31.654354,2025-07-02 17:12:02.246462,True,s/n
1762,14,1756.0,preventivo,14.0,2025-10-06 09:56:45.809576,2025-10-06 13:59:44.959591,False,OK sin observaciones
1763,14,1757.0,preventivo,,2025-12-22 08:49:22.338422,2025-12-22 13:21:52.782607,False,pendiente revisión adicional
1764,36,1759.0,preventivo,14.0,2024-05-06 12:29:19.172745,2024-05-06 16:32:43.751204,True,pendiente revisión adicional
1765,36,1760.0,preventivo,14.0,2024-08-08 16:08:10.324929,2024-08-08 20:17:28.959861,False,pendiente revisión adicional
1766,36,1761.0,preventivo,14.0,2024-11-10 10:50:31.450032,2024-11-10 15:25:36.273953,False,s/n
1767,36,1762.0,preventivo,14.0,2025-02-04 08:09:41.961162,2025-02-04 12:53:07.269392,False,se realizó tarea programada
1768,36,1763.0,preventivo,14.0,2025-04-26 10:04:20.871529,2025-04-26 12:56:03.312699,False,tarea de rutina según plan
1769,36,1764.0,preventivo,14.0,2025-08-12 16:36:15.992067,2025-08-12 18:17:12.295692,False,cumplido
1770,36,1765.0,preventivo,14.0,2025-11-17 13:30:46.466669,2025-11-17 15:54:13.322049,False,"rutina realizada, todo en orden"
1771,57,1766.0,preventivo,14.0,2024-02-11 10:27:28.756040,2024-02-11 11:37:58.058851,False,cumplido
1772,57,1767.0,preventivo,14.0,2024-05-04 13:23:28.756712,2024-05-04 17:59:28.471368,False,tarea de rutina según plan
1773,57,1768.0,preventivo,14.0,2024-07-20 10:02:10.088633,2024-07-20 13:20:03.862081,False,s/n
1774,57,1769.0,preventivo,14.0,2024-11-10 08:47:34.069721,2024-11-10 12:53:10.419530,True,OK sin observaciones
1775,57,1770.0,preventivo,14.0,2025-01-11 15:57:04.059798,2025-01-11 18:39:39.553874,False,se realizó tarea programada
1776,57,1771.0,preventivo,,2025-04-07 10:06:09.368999,2025-04-07 13:02:40.446050,False,cumplido
1777,57,1773.0,preventivo,14.0,2025-10-10 07:07:48.356156,2025-10-10 12:47:39.820584,False,"rutina realizada, todo en orden"
1778,96,1775.0,preventivo,14.0,2024-02-21 17:36:49.207898,2024-02-21 21:28:27.417963,False,OK sin observaciones
1779,96,1778.0,preventivo,14.0,2024-11-15 07:28:11.850010,2024-11-15 09:18:50.246681,False,s/n
1780,96,1779.0,preventivo,14.0,2025-02-18 12:38:47.209636,2025-02-18 15:45:43.616758,False,se realizó tarea programada
1781,96,1780.0,preventivo,14.0,2025-05-13 10:53:17.866854,2025-05-13 13:33:29.734408,False,se realizó tarea programada
1782,96,1781.0,preventivo,14.0,2025-08-08 14:51:02.068525,2025-08-08 16:56:52.045201,False,s/n
1783,96,1782.0,preventivo,14.0,2025-11-01 09:21:44.378699,2025-11-01 14:51:09.463523,False,tarea de rutina según plan
1784,100,1784.0,preventivo,14.0,2024-06-19 10:10:53.343335,2024-06-19 11:11:17.056029,False,"rutina realizada, todo en orden"
1785,100,1785.0,preventivo,14.0,2024-09-25 14:53:35.573432,2024-09-25 17:57:37.471739,False,s/n
1786,100,1786.0,preventivo,14.0,2024-12-16 08:34:48.766535,2024-12-16 11:47:29.840239,False,s/n
1787,100,1787.0,preventivo,14.0,2025-03-27 14:16:30.632416,2025-03-27 19:18:04.060863,True,cumplido
1788,100,1788.0,preventivo,14.0,2025-06-22 10:27:35.818514,2025-06-22 14:59:56.097873,False,"rutina realizada, todo en orden"
1789,100,1789.0,preventivo,14.0,2025-09-12 10:02:28.528439,2025-09-12 14:33:36.533755,False,"rutina realizada, todo en orden"
1790,100,1790.0,preventivo,14.0,2025-12-08 06:57:58.283834,2025-12-08 10:49:26.166100,False,s/n
1791,107,1791.0,preventivo,14.0,2024-01-28 10:23:38.568558,2024-01-28 14:43:28.273880,False,"rutina realizada, todo en orden"
1792,107,1792.0,preventivo,14.0,2024-04-27 07:34:04.063266,2024-04-27 09:34:07.174609,False,"rutina realizada, todo en orden"
1793,107,1793.0,preventivo,14.0,2024-07-20 06:23:09.822782,2024-07-20 09:24:00.929177,False,tarea de rutina según plan
1794,107,1795.0,preventivo,14.0,2025-01-19 16:14:02.063204,2025-01-19 18:36:11.088234,False,"rutina realizada, todo en orden"
1795,107,1796.0,preventivo,14.0,2025-04-21 07:07:10.875529,2025-04-21 11:56:53.498761,False,cumplido
1796,107,1798.0,preventivo,14.0,2025-10-25 11:40:28.272082,2025-10-25 17:13:31.266646,False,OK sin observaciones
1797,108,1799.0,preventivo,14.0,2024-01-20 14:03:26.015631,2024-01-20 18:55:19.759157,False,"rutina realizada, todo en orden"
1798,108,1802.0,preventivo,14.0,2024-09-28 13:20:43.494593,2024-09-28 14:33:26.843426,False,"rutina realizada, todo en orden"
1799,108,1803.0,preventivo,14.0,2025-01-03 15:36:46.222680,2025-01-03 21:26:04.135747,False,OK sin observaciones
1800,108,1805.0,preventivo,14.0,2025-06-28 12:59:40.380014,2025-06-28 15:24:28.080785,False,tarea de rutina según plan
1801,108,1806.0,preventivo,14.0,2025-10-19 15:20:36.178165,2025-10-19 20:18:06.484323,False,s/n
1802,112,1808.0,preventivo,14.0,2024-01-17 07:02:36.325766,2024-01-17 08:09:09.426398,True,tarea de rutina según plan
1803,112,1809.0,preventivo,14.0,2024-04-17 14:05:07.724211,2024-04-17 15:14:34.844579,False,"rutina realizada, todo en orden"
1804,112,1810.0,preventivo,14.0,2024-07-18 17:58:40.044074,2024-07-18 22:53:27.936379,False,s/n
1805,112,1811.0,preventivo,14.0,2024-10-07 17:48:56.571703,2024-10-07 23:42:49.642120,False,OK sin observaciones
1806,112,1812.0,preventivo,14.0,2025-01-06 13:46:55.054526,2025-01-06 15:09:21.811130,False,OK sin observaciones
1807,112,1813.0,preventivo,14.0,2025-04-08 13:52:46.072388,2025-04-08 18:49:19.790984,False,se realizó tarea programada
1808,112,1814.0,preventivo,14.0,2025-07-04 17:07:10.321796,2025-07-04 23:01:48.002748,False,se realizó tarea programada
1809,112,1815.0,preventivo,14.0,2025-10-10 09:19:25.039415,2025-10-10 12:56:15.857757,False,OK sin observaciones
1810,123,1819.0,preventivo,14.0,2024-08-24 06:08:23.162225,2024-08-24 08:46:31.223836,False,s/n
1811,123,1820.0,preventivo,14.0,2024-11-15 14:32:24.775078,2024-11-15 17:34:26.090022,False,cumplido
1812,123,1821.0,preventivo,14.0,2025-03-03 17:50:02.802675,2025-03-03 19:45:57.150215,False,pendiente revisión adicional
1813,123,1822.0,preventivo,14.0,2025-05-19 06:32:55.823862,2025-05-19 11:44:25.012494,False,OK sin observaciones
1814,123,1823.0,preventivo,14.0,2025-08-16 09:48:24.288614,2025-08-16 15:12:41.314853,False,se realizó tarea programada
1815,123,1824.0,preventivo,14.0,2025-11-09 17:04:16.078007,2025-11-09 19:30:00.672370,False,OK sin observaciones
1816,125,1825.0,preventivo,14.0,2024-02-04 11:14:04.756967,2024-02-04 15:17:34.355891,False,tarea de rutina según plan
1817,125,1827.0,preventivo,14.0,2024-07-31 11:40:36.878310,2024-07-31 16:37:44.635543,True,"rutina realizada, todo en orden"
1818,125,1828.0,preventivo,14.0,2024-11-04 07:21:50.029271,2024-11-04 09:26:55.201540,False,pendiente revisión adicional
1819,125,1829.0,preventivo,14.0,2025-01-27 07:03:37.737936,2025-01-27 10:56:38.914805,False,s/n
1820,125,1830.0,preventivo,14.0,2025-05-10 17:13:19.373827,2025-05-10 21:49:29.916368,False,pendiente revisión adicional
1821,125,1831.0,preventivo,14.0,2025-07-19 16:28:02.546414,2025-07-19 22:03:00.304774,False,pendiente revisión adicional
1822,125,1832.0,preventivo,14.0,2025-10-20 08:10:34.421892,2025-10-20 13:20:25.364996,False,"rutina realizada, todo en orden"
1823,127,1834.0,preventivo,14.0,2024-05-23 06:19:07.626189,2024-05-23 08:59:07.249852,False,OK sin observaciones
1824,127,1835.0,preventivo,14.0,2024-08-25 17:00:13.375060,2024-08-25 18:55:43.516471,True,"rutina realizada, todo en orden"
1825,127,1836.0,preventivo,14.0,2024-11-23 10:00:14.344897,2024-11-23 15:23:37.570634,False,tarea de rutina según plan
1826,127,1837.0,preventivo,14.0,2025-02-19 12:23:05.898899,2025-02-19 13:56:42.363312,False,pendiente revisión adicional
1827,127,1838.0,preventivo,14.0,2025-05-23 14:53:44.452729,2025-05-23 19:15:53.287943,False,tarea de rutina según plan
1828,127,1839.0,preventivo,14.0,2025-08-15 13:24:05.014694,2025-08-15 16:56:15.845281,False,pendiente revisión adicional
1829,131,1841.0,preventivo,14.0,2024-01-09 16:44:32.829855,2024-01-09 18:41:54.169532,False,s/n
1830,131,1843.0,preventivo,14.0,2024-07-14 06:23:40.464641,2024-07-14 09:30:30.927297,False,s/n
1831,131,1844.0,preventivo,14.0,2024-10-09 15:38:34.076765,2024-10-09 17:01:25.619126,False,OK sin observaciones
1832,131,1845.0,preventivo,14.0,2025-01-10 11:28:20.090062,2025-01-10 13:58:10.043082,False,"rutina realizada, todo en orden"
1833,131,1846.0,preventivo,14.0,2025-04-01 06:04:00.152488,2025-04-01 09:51:00.092560,False,s/n
1834,131,1847.0,preventivo,14.0,2025-06-27 16:21:53.428594,2025-06-27 21:48:30.663788,False,cumplido
1835,131,1848.0,preventivo,14.0,2025-10-02 16:07:34.639645,2025-10-02 19:11:54.259277,False,s/n
1836,102,1850.0,preventivo,14.0,2024-05-19 09:23:49.964751,2024-05-19 10:44:36.738508,False,pendiente revisión adicional
1837,102,1851.0,preventivo,14.0,2025-05-16 06:04:45.512054,2025-05-16 11:42:40.861477,False,"rutina realizada, todo en orden"
1838,105,1852.0,preventivo,14.0,2024-05-29 15:06:11.838775,2024-05-29 20:48:57.949384,False,pendiente revisión adicional
1839,105,1853.0,preventivo,14.0,2025-05-30 16:54:34.566538,2025-05-30 20:18:35.632549,False,tarea de rutina según plan
1840,126,1854.0,preventivo,14.0,2024-07-08 11:05:36.468887,2024-07-08 14:55:09.245872,False,cumplido
1841,126,1855.0,preventivo,,2025-07-02 09:56:11.305625,2025-07-02 13:34:19.448593,True,se realizó tarea programada
1842,51,1856.0,preventivo,14.0,2024-07-28 06:27:17.719216,2024-07-28 08:17:35.755271,False,s/n
1843,51,1857.0,preventivo,14.0,2025-07-24 14:55:35.269441,2025-07-24 19:21:10.094643,False,"rutina realizada, todo en orden"
1844,52,1858.0,preventivo,14.0,2024-10-23 08:54:23.596733,2024-10-23 12:16:49.100647,False,OK sin observaciones
1845,52,1859.0,preventivo,,2025-10-17 07:31:36.240040,2025-10-17 10:43:31.741461,False,OK sin observaciones
1846,54,1860.0,preventivo,14.0,2024-07-15 16:25:42.856760,2024-07-15 20:18:38.593879,False,OK sin observaciones
1847,54,1861.0,preventivo,14.0,2025-07-07 15:11:35.010258,2025-07-07 16:14:43.635028,False,tarea de rutina según plan
1848,56,1862.0,preventivo,14.0,2024-11-05 12:44:34.215187,2024-11-05 17:50:44.748656,False,s/n
1849,56,1863.0,preventivo,14.0,2025-11-22 16:09:06.182343,2025-11-22 19:13:46.447375,True,tarea de rutina según plan
1850,95,1864.0,preventivo,14.0,2024-07-14 15:58:56.532624,2024-07-14 18:59:44.426729,False,s/n
1851,95,1865.0,preventivo,14.0,2025-07-18 07:14:10.624585,2025-07-18 10:20:13.806580,False,se realizó tarea programada
1852,12,1866.0,preventivo,14.0,2024-01-20 06:22:13.193972,2024-01-20 08:29:00.281890,False,cumplido
1853,12,1867.0,preventivo,14.0,2024-03-24 15:14:46.300502,2024-03-24 18:09:45.583736,False,tarea de rutina según plan
1854,12,1868.0,preventivo,14.0,2024-05-21 11:29:31.547410,2024-05-21 14:33:58.139562,False,"rutina realizada, todo en orden"
1855,12,1869.0,preventivo,14.0,2024-08-09 06:19:22.475333,2024-08-09 09:56:03.017367,False,tarea de rutina según plan
1856,12,1870.0,preventivo,14.0,2024-09-27 13:47:27.986018,2024-09-27 15:40:57.745388,False,OK sin observaciones
1857,12,1871.0,preventivo,14.0,2024-11-11 11:09:34.169652,2024-11-11 15:57:05.874561,False,tarea de rutina según plan
1858,12,1872.0,preventivo,14.0,2025-01-13 08:02:27.763011,2025-01-13 10:38:43.298119,False,tarea de rutina según plan
1859,12,1873.0,preventivo,14.0,2025-03-13 17:43:13.109701,2025-03-13 21:24:15.092592,False,OK sin observaciones
1860,12,1874.0,preventivo,14.0,2025-05-27 14:54:04.111930,2025-05-27 19:27:35.308210,False,pendiente revisión adicional
1861,12,1875.0,preventivo,14.0,2025-07-09 12:47:30.073162,2025-07-09 18:15:23.421020,True,se realizó tarea programada
1862,70,1879.0,preventivo,14.0,2024-03-21 16:55:29.218437,2024-03-21 18:39:32.365424,False,OK sin observaciones
1863,70,1881.0,preventivo,14.0,2024-07-19 16:17:03.393880,2024-07-19 19:01:19.383489,False,"rutina realizada, todo en orden"
1864,70,1882.0,preventivo,14.0,2024-09-18 09:45:05.718495,2024-09-18 15:31:10.181529,False,pendiente revisión adicional
1865,70,1883.0,preventivo,14.0,2024-11-10 15:26:03.795694,2024-11-10 18:36:42.774075,False,cumplido
1866,70,1884.0,preventivo,14.0,2025-01-16 16:15:38.958250,2025-01-16 21:46:02.530357,False,s/n
1867,70,1885.0,preventivo,14.0,2025-03-17 11:35:41.434110,2025-03-17 15:53:54.124072,False,pendiente revisión adicional
1868,70,1886.0,preventivo,14.0,2025-05-12 16:09:09.643343,2025-05-12 17:11:46.620519,True,"rutina realizada, todo en orden"
1869,70,1887.0,preventivo,14.0,2025-07-10 15:52:05.441681,2025-07-10 17:22:10.820702,False,OK sin observaciones
1870,70,1888.0,preventivo,14.0,2025-09-13 13:54:43.837700,2025-09-13 19:48:42.579173,False,s/n
1871,70,1889.0,preventivo,14.0,2025-11-24 16:26:07.825326,2025-11-24 21:26:48.767504,False,s/n
1872,73,1890.0,preventivo,14.0,2024-02-02 12:32:14.330110,2024-02-02 14:25:10.679591,False,pendiente revisión adicional
1873,73,1891.0,preventivo,14.0,2024-03-28 11:26:32.279437,2024-03-28 12:32:42.522448,False,pendiente revisión adicional
1874,73,1892.0,preventivo,14.0,2024-05-25 12:45:39.598106,2024-05-25 17:20:20.194299,False,pendiente revisión adicional
1875,73,1893.0,preventivo,14.0,2024-07-21 15:07:26.294224,2024-07-21 17:42:48.453095,False,cumplido
1876,73,1894.0,preventivo,14.0,2024-09-23 09:50:46.652912,2024-09-23 14:01:58.672760,False,se realizó tarea programada
1877,73,1896.0,preventivo,14.0,2025-01-19 08:38:10.286927,2025-01-19 12:47:59.651223,False,se realizó tarea programada
1878,73,1897.0,preventivo,14.0,2025-03-15 11:31:39.619334,2025-03-15 13:43:03.108057,False,pendiente revisión adicional
1879,73,1898.0,preventivo,14.0,2025-05-28 16:57:13.701696,2025-05-28 18:07:25.131854,True,pendiente revisión adicional
1880,73,1899.0,preventivo,14.0,2025-07-22 09:16:31.268575,2025-07-22 13:07:10.010222,False,"rutina realizada, todo en orden"
1881,73,1900.0,preventivo,14.0,2025-09-15 08:13:18.427032,2025-09-15 10:05:51.722352,False,"rutina realizada, todo en orden"
1882,73,1901.0,preventivo,14.0,2025-11-10 12:44:28.181038,2025-11-10 16:33:47.127927,False,tarea de rutina según plan
1883,77,1902.0,preventivo,14.0,2024-02-12 17:20:18.324472,2024-02-12 18:34:11.216302,False,OK sin observaciones
1884,77,1904.0,preventivo,14.0,2024-06-17 06:25:19.499810,2024-06-17 12:19:35.627636,False,se realizó tarea programada
1885,77,1905.0,preventivo,14.0,2024-08-08 10:14:42.077418,2024-08-08 14:23:23.587379,False,s/n
1886,77,1906.0,preventivo,14.0,2024-10-04 12:05:17.875175,2024-10-04 14:03:55.985198,False,se realizó tarea programada
1887,77,1907.0,preventivo,14.0,2024-12-02 14:03:18.903468,2024-12-02 16:57:50.034054,True,pendiente revisión adicional
1888,77,1908.0,preventivo,14.0,2025-02-07 12:44:55.871025,2025-02-07 14:52:14.247172,False,"rutina realizada, todo en orden"
1889,77,1909.0,preventivo,14.0,2025-04-26 11:33:54.047315,2025-04-26 12:45:43.038341,False,s/n
1890,77,1910.0,preventivo,14.0,2025-05-31 09:54:50.067377,2025-05-31 12:25:39.954952,False,s/n
1891,77,1911.0,preventivo,14.0,2025-08-07 13:04:41.196455,2025-08-07 14:34:07.637145,False,"rutina realizada, todo en orden"
1892,77,1912.0,preventivo,14.0,2025-10-04 13:45:01.569565,2025-10-04 19:02:54.659838,False,cumplido
1893,77,1913.0,preventivo,14.0,2025-12-03 14:06:07.002187,2025-12-03 16:28:26.713614,False,cumplido
1894,92,1914.0,preventivo,14.0,2024-01-22 08:12:43.523146,2024-01-22 12:26:46.678571,False,se realizó tarea programada
1895,92,1915.0,preventivo,14.0,2024-03-20 14:56:29.056986,2024-03-20 16:36:00.221600,False,pendiente revisión adicional
1896,92,1916.0,preventivo,14.0,2024-05-22 06:28:04.346898,2024-05-22 12:01:49.465249,False,cumplido
1897,92,1917.0,preventivo,14.0,2024-07-20 15:36:39.826530,2024-07-20 17:03:45.126535,False,tarea de rutina según plan
1898,92,1918.0,preventivo,14.0,2024-09-20 12:58:43.196202,2024-09-20 14:34:46.119802,False,s/n
1899,92,1919.0,preventivo,14.0,2024-11-18 06:51:03.068511,2024-11-18 11:24:27.640816,False,pendiente revisión adicional
1900,92,1920.0,preventivo,14.0,2025-01-23 11:50:22.056486,2025-01-23 14:08:37.859394,True,se realizó tarea programada
1901,92,1921.0,preventivo,14.0,2025-03-13 07:14:08.723296,2025-03-13 09:49:42.110591,True,OK sin observaciones
1902,92,1922.0,preventivo,14.0,2025-06-01 08:12:28.238766,2025-06-01 13:10:45.057468,False,s/n
1903,92,1923.0,preventivo,14.0,2025-08-03 15:46:47.656681,2025-08-03 17:50:29.510001,False,OK sin observaciones
1904,92,1924.0,preventivo,14.0,2025-09-07 14:41:08.387469,2025-09-07 16:08:41.712312,False,tarea de rutina según plan
1905,92,1925.0,preventivo,14.0,2025-11-14 08:21:16.716895,2025-11-14 09:44:51.073505,False,"rutina realizada, todo en orden"
1906,93,1926.0,preventivo,14.0,2024-02-26 08:40:03.072296,2024-02-26 13:01:44.648343,False,"rutina realizada, todo en orden"
1907,93,1927.0,preventivo,14.0,2024-04-30 16:23:51.142051,2024-04-30 19:13:11.835341,False,pendiente revisión adicional
1908,93,1928.0,preventivo,14.0,2024-06-28 11:27:33.819365,2024-06-28 12:56:07.662653,False,se realizó tarea programada
1909,93,1929.0,preventivo,14.0,2024-09-08 09:46:48.160728,2024-09-08 12:09:24.942721,False,s/n
1910,93,1931.0,preventivo,14.0,2024-12-22 08:46:55.258039,2024-12-22 09:51:31.866200,False,tarea de rutina según plan
1911,93,1932.0,preventivo,14.0,2025-02-26 17:44:58.305394,2025-02-26 21:28:54.253593,False,se realizó tarea programada
1912,93,1933.0,preventivo,14.0,2025-04-28 11:32:00.674400,2025-04-28 13:56:02.538321,False,s/n
1913,93,1934.0,preventivo,14.0,2025-06-26 10:48:36.675766,2025-06-26 11:50:12.001604,False,pendiente revisión adicional
1914,93,1936.0,preventivo,14.0,2025-11-01 14:11:37.405334,2025-11-01 19:40:49.277011,False,s/n
1915,93,1937.0,preventivo,14.0,2025-12-31 06:38:47.798725,2025-12-31 12:21:13.661991,False,OK sin observaciones
1916,98,1939.0,preventivo,14.0,2024-04-15 09:17:19.242491,2024-04-15 11:40:00.393070,False,"rutina realizada, todo en orden"
1917,98,1940.0,preventivo,14.0,2024-05-29 08:34:53.973340,2024-05-29 12:39:31.245104,False,OK sin observaciones
1918,98,1942.0,preventivo,14.0,2024-10-10 15:52:29.130114,2024-10-10 18:12:04.390261,False,"rutina realizada, todo en orden"
1919,98,1943.0,preventivo,14.0,2024-11-26 14:14:39.097192,2024-11-26 18:01:51.169057,False,"rutina realizada, todo en orden"
1920,98,1944.0,preventivo,14.0,2025-01-24 17:21:13.724417,2025-01-24 21:56:27.764961,False,se realizó tarea programada
1921,98,1945.0,preventivo,,2025-03-26 15:56:53.626061,2025-03-26 18:36:02.901976,False,se realizó tarea programada
1922,98,1946.0,preventivo,14.0,2025-05-25 12:06:22.313763,2025-05-25 15:04:27.266507,False,tarea de rutina según plan
1923,98,1947.0,preventivo,14.0,2025-07-22 13:57:39.292488,2025-07-22 19:36:26.633734,False,tarea de rutina según plan
1924,98,1948.0,preventivo,14.0,2025-09-23 17:26:40.428393,2025-09-23 21:31:21.199025,False,tarea de rutina según plan
1925,98,1949.0,preventivo,14.0,2025-12-13 10:07:49.997185,2025-12-13 13:42:41.800146,False,cumplido
1926,99,1950.0,preventivo,14.0,2024-02-23 16:38:21.798366,2024-02-23 18:12:49.711998,False,"rutina realizada, todo en orden"
1927,99,1951.0,preventivo,14.0,2024-04-28 11:38:03.863213,2024-04-28 16:00:12.254209,False,OK sin observaciones
1928,99,1952.0,preventivo,14.0,2024-06-20 16:34:18.073561,2024-06-20 17:47:16.653397,False,"rutina realizada, todo en orden"
1929,99,1953.0,preventivo,14.0,2024-08-21 16:42:40.466098,2024-08-21 20:20:01.516680,False,s/n
1930,99,1954.0,preventivo,14.0,2024-10-26 07:09:49.597074,2024-10-26 09:14:04.851813,False,tarea de rutina según plan
1931,99,1956.0,preventivo,14.0,2025-02-16 16:45:23.059661,2025-02-16 21:17:38.960324,False,s/n
1932,99,1957.0,preventivo,14.0,2025-04-20 14:36:56.473397,2025-04-20 17:07:54.987381,False,s/n
1933,99,1960.0,preventivo,14.0,2025-11-04 14:15:23.948035,2025-11-04 15:48:11.821243,False,pendiente revisión adicional
1934,109,1962.0,preventivo,14.0,2024-02-16 12:50:58.645070,2024-02-16 16:41:39.957233,False,"rutina realizada, todo en orden"
1935,109,1963.0,preventivo,14.0,2024-04-10 07:31:33.960857,2024-04-10 11:41:52.886395,False,tarea de rutina según plan
1936,109,1964.0,preventivo,14.0,2024-06-16 17:26:35.575207,2024-06-16 23:09:48.367886,False,s/n
1937,109,1965.0,preventivo,14.0,2024-08-15 06:25:09.896595,2024-08-15 10:21:49.323865,False,se realizó tarea programada
1938,109,1966.0,preventivo,14.0,2024-10-12 15:37:51.225690,2024-10-12 17:42:25.874621,False,s/n
1939,109,1967.0,preventivo,14.0,2024-12-13 10:32:01.095377,2024-12-13 14:31:48.122830,False,cumplido
1940,109,1969.0,preventivo,14.0,2025-04-26 06:43:43.696990,2025-04-26 12:14:36.898794,False,se realizó tarea programada
1941,109,1971.0,preventivo,14.0,2025-08-08 06:02:03.509694,2025-08-08 08:17:19.804636,False,"rutina realizada, todo en orden"
1942,109,1972.0,preventivo,14.0,2025-10-09 17:53:35.236995,2025-10-09 19:07:40.775790,False,s/n
1943,109,1973.0,preventivo,14.0,2025-12-01 07:17:59.796807,2025-12-01 12:18:18.248797,False,se realizó tarea programada
1944,114,1974.0,preventivo,14.0,2024-01-23 12:23:43.855805,2024-01-23 13:24:34.794666,False,"rutina realizada, todo en orden"
1945,114,1975.0,preventivo,14.0,2024-03-27 10:11:32.702140,2024-03-27 14:38:06.387871,False,"rutina realizada, todo en orden"
1946,114,1976.0,preventivo,14.0,2024-05-22 12:40:53.039929,2024-05-22 15:48:06.815486,False,s/n
1947,114,1977.0,preventivo,,2024-07-21 10:52:05.933802,2024-07-21 14:25:13.607837,False,OK sin observaciones
1948,114,1979.0,preventivo,14.0,2024-11-23 16:41:21.006418,2024-11-23 19:43:24.435364,False,OK sin observaciones
1949,114,1980.0,preventivo,14.0,2025-01-15 13:29:53.874704,2025-01-15 18:09:13.668827,False,"rutina realizada, todo en orden"
1950,114,1981.0,preventivo,14.0,2025-04-05 15:03:18.295250,2025-04-05 20:39:48.069666,False,tarea de rutina según plan
1951,114,1982.0,preventivo,,2025-05-19 10:55:35.680209,2025-05-19 13:39:15.930381,False,tarea de rutina según plan
1952,114,1983.0,preventivo,14.0,2025-07-15 13:15:13.595145,2025-07-15 15:06:01.917202,False,"rutina realizada, todo en orden"
1953,114,1984.0,preventivo,14.0,2025-09-20 13:17:43.362518,2025-09-20 15:25:27.195701,False,se realizó tarea programada
1954,118,1987.0,preventivo,14.0,2024-03-21 14:19:27.780566,2024-03-21 20:12:50.696564,False,OK sin observaciones
1955,118,1988.0,preventivo,14.0,2024-05-21 12:25:32.565478,2024-05-21 14:16:11.359179,False,se realizó tarea programada
1956,118,1989.0,preventivo,,2024-07-12 13:47:46.174979,2024-07-12 16:50:37.492914,False,OK sin observaciones
1957,118,1990.0,preventivo,14.0,2024-09-23 09:37:20.396345,2024-09-23 11:53:52.901052,False,s/n
1958,118,1991.0,preventivo,14.0,2024-11-10 16:36:44.306162,2024-11-10 21:23:25.749170,True,cumplido
1959,118,1992.0,preventivo,14.0,2025-01-30 17:13:25.271358,2025-01-30 19:44:19.779277,False,s/n
1960,118,1993.0,preventivo,14.0,2025-03-21 09:41:49.662917,2025-03-21 10:42:10.196888,False,"rutina realizada, todo en orden"
1961,118,1994.0,preventivo,14.0,2025-05-12 09:37:25.821652,2025-05-12 11:07:25.423468,False,"rutina realizada, todo en orden"
1962,134,1998.0,preventivo,14.0,2024-02-20 17:06:34.257110,2024-02-20 23:04:22.305616,False,tarea de rutina según plan
1963,134,1999.0,preventivo,14.0,2024-04-15 15:35:01.650298,2024-04-15 18:18:46.825104,False,tarea de rutina según plan
1964,134,2000.0,preventivo,14.0,2024-06-17 15:05:40.881682,2024-06-17 19:08:33.811867,False,cumplido
1965,134,2001.0,preventivo,14.0,2024-08-17 10:15:57.936245,2024-08-17 11:31:18.358356,False,tarea de rutina según plan
1966,134,2002.0,preventivo,14.0,2024-10-16 09:18:59.333677,2024-10-16 10:38:02.347847,False,OK sin observaciones
1967,134,2004.0,preventivo,14.0,2025-02-10 09:28:56.256092,2025-02-10 10:30:41.569380,False,tarea de rutina según plan
1968,134,2006.0,preventivo,14.0,2025-06-15 11:29:44.090492,2025-06-15 16:43:46.167948,False,tarea de rutina según plan
1969,134,2007.0,preventivo,14.0,2025-08-12 13:02:30.756977,2025-08-12 16:30:58.785329,False,pendiente revisión adicional
1970,134,2009.0,preventivo,14.0,2025-12-05 14:33:12.024443,2025-12-05 19:59:46.087176,False,s/n
1971,17,2010.0,preventivo,14.0,2024-01-23 14:36:12.019947,2024-01-23 15:37:39.921867,False,"rutina realizada, todo en orden"
1972,17,2011.0,preventivo,14.0,2024-04-10 14:50:17.306881,2024-04-10 19:52:28.580116,True,se realizó tarea programada
1973,17,2012.0,preventivo,14.0,2024-05-19 13:29:14.605276,2024-05-19 16:06:47.549262,False,se realizó tarea programada
1974,17,2013.0,preventivo,14.0,2024-07-25 06:18:24.407706,2024-07-25 10:56:44.801255,False,se realizó tarea programada
1975,17,2014.0,preventivo,14.0,2024-09-21 13:23:13.142666,2024-09-21 16:33:27.429736,False,pendiente revisión adicional
1976,17,2015.0,preventivo,,2024-11-16 17:13:36.555832,2024-11-16 21:14:37.238868,False,OK sin observaciones
1977,17,2017.0,preventivo,14.0,2025-03-16 13:13:29.121938,2025-03-16 16:22:08.515020,False,tarea de rutina según plan
1978,17,2018.0,preventivo,14.0,2025-05-17 17:54:32.036350,2025-05-17 23:37:18.196221,False,OK sin observaciones
1979,17,2019.0,preventivo,14.0,2025-08-08 16:48:52.562719,2025-08-08 21:36:42.686880,False,cumplido
1980,17,2020.0,preventivo,14.0,2025-10-10 10:53:51.727460,2025-10-10 16:45:15.559473,False,cumplido
1981,17,2021.0,preventivo,14.0,2025-11-14 16:59:04.468451,2025-11-14 19:08:44.107952,False,"rutina realizada, todo en orden"
1982,60,2024.0,preventivo,14.0,2024-05-20 06:23:01.760371,2024-05-20 09:31:13.347184,False,se realizó tarea programada
1983,60,2025.0,preventivo,14.0,2024-08-05 07:03:59.089180,2024-08-05 12:50:08.232080,False,pendiente revisión adicional
1984,60,2026.0,preventivo,14.0,2024-09-17 15:18:18.084349,2024-09-17 20:26:51.189288,False,tarea de rutina según plan
1985,60,2027.0,preventivo,14.0,2024-11-10 09:49:23.390028,2024-11-10 15:01:31.207775,False,se realizó tarea programada
1986,60,2028.0,preventivo,14.0,2025-01-09 10:30:32.266564,2025-01-09 13:38:54.807559,False,s/n
1987,60,2029.0,preventivo,14.0,2025-03-26 06:42:35.674161,2025-03-26 11:47:23.452182,False,OK sin observaciones
1988,60,2030.0,preventivo,14.0,2025-05-17 07:02:48.267307,2025-05-17 11:08:12.182618,False,tarea de rutina según plan
1989,60,2031.0,preventivo,14.0,2025-07-16 07:59:48.728272,2025-07-16 12:10:31.020942,True,s/n
1990,60,2032.0,preventivo,14.0,2025-09-15 16:49:13.021126,2025-09-15 20:42:19.936964,False,pendiente revisión adicional
1991,60,2033.0,preventivo,14.0,2025-11-09 14:25:04.754432,2025-11-09 16:35:09.823040,True,pendiente revisión adicional
1992,91,2034.0,preventivo,14.0,2024-02-27 12:50:11.467946,2024-02-27 14:43:32.308653,False,OK sin observaciones
1993,91,2036.0,preventivo,14.0,2024-06-28 07:29:41.927924,2024-06-28 12:15:35.009641,False,"rutina realizada, todo en orden"
1994,91,2037.0,preventivo,14.0,2024-09-01 12:42:26.935526,2024-09-01 14:53:01.614553,False,se realizó tarea programada
1995,91,2038.0,preventivo,14.0,2024-10-24 11:27:55.892210,2024-10-24 15:08:51.040313,False,tarea de rutina según plan
1996,91,2039.0,preventivo,14.0,2025-01-17 06:24:05.079373,2025-01-17 08:26:30.813779,False,"rutina realizada, todo en orden"
1997,91,2040.0,preventivo,14.0,2025-02-21 12:56:49.922505,2025-02-21 14:16:10.537517,False,pendiente revisión adicional
1998,91,2041.0,preventivo,14.0,2025-04-29 11:46:55.800589,2025-04-29 15:40:21.321535,False,cumplido
1999,91,2042.0,preventivo,14.0,2025-06-26 10:23:16.406000,2025-06-26 12:31:24.605695,False,s/n
2000,91,2043.0,preventivo,14.0,2025-08-27 12:20:59.160631,2025-08-27 16:55:15.349669,False,"rutina realizada, todo en orden"
2001,91,2044.0,preventivo,14.0,2025-10-24 08:31:15.809017,2025-10-24 09:32:11.205835,False,cumplido
2002,91,2045.0,preventivo,14.0,2025-12-25 17:22:32.192732,2025-12-25 21:35:54.638795,False,OK sin observaciones
2003,116,2047.0,preventivo,14.0,2024-04-24 15:58:17.292350,2024-04-24 17:31:19.309670,False,se realizó tarea programada
2004,116,2048.0,preventivo,14.0,2024-06-05 12:13:31.669866,2024-06-05 13:36:21.820627,False,pendiente revisión adicional
2005,116,2049.0,preventivo,14.0,2024-07-28 13:36:29.079944,2024-07-28 16:55:52.348380,False,"rutina realizada, todo en orden"
2006,116,2050.0,preventivo,14.0,2024-10-02 17:46:26.118513,2024-10-02 22:19:27.383855,False,cumplido
2007,116,2051.0,preventivo,14.0,2024-12-02 11:05:00.707987,2024-12-02 14:37:13.017052,False,se realizó tarea programada
2008,116,2052.0,preventivo,14.0,2025-02-10 07:58:38.644314,2025-02-10 13:07:38.168828,True,se realizó tarea programada
2009,116,2053.0,preventivo,14.0,2025-03-24 09:50:34.848749,2025-03-24 14:11:12.881649,True,pendiente revisión adicional
2010,116,2054.0,preventivo,14.0,2025-05-26 08:29:58.846200,2025-05-26 13:00:09.204501,False,cumplido
2011,116,2055.0,preventivo,14.0,2025-07-29 06:04:11.056591,2025-07-29 10:18:19.531254,False,s/n
2012,116,2056.0,preventivo,14.0,2025-09-29 17:23:33.665072,2025-09-29 19:55:21.786069,False,se realizó tarea programada
2013,3,2058.0,preventivo,14.0,2024-01-04 10:23:33.099041,2024-01-04 14:26:55.205740,False,tarea de rutina según plan
2014,3,2061.0,preventivo,14.0,2024-04-22 06:16:49.263871,2024-04-22 09:20:27.031790,False,pendiente revisión adicional
2015,3,2062.0,preventivo,14.0,2024-05-07 17:25:30.817828,2024-05-07 18:34:17.325749,False,pendiente revisión adicional
2016,3,2064.0,preventivo,14.0,2024-07-05 06:19:25.268961,2024-07-05 11:38:36.715516,False,"rutina realizada, todo en orden"
2017,3,2065.0,preventivo,14.0,2024-08-14 08:35:04.263341,2024-08-14 10:26:51.296748,False,cumplido
2018,3,2066.0,preventivo,14.0,2024-09-12 14:37:48.761202,2024-09-12 16:43:10.696749,False,"rutina realizada, todo en orden"
2019,3,2067.0,preventivo,14.0,2024-09-29 07:24:04.883253,2024-09-29 10:17:24.053869,False,tarea de rutina según plan
2020,3,2068.0,preventivo,14.0,2024-11-20 16:53:50.905760,2024-11-20 22:41:47.300576,False,se realizó tarea programada
2021,3,2069.0,preventivo,14.0,2024-12-01 06:53:03.719560,2024-12-01 10:54:54.412984,False,s/n
2022,3,2070.0,preventivo,14.0,2025-01-02 10:53:15.495152,2025-01-02 12:13:39.762741,False,tarea de rutina según plan
2023,3,2071.0,preventivo,14.0,2025-01-30 17:12:08.891505,2025-01-30 22:48:58.871353,False,s/n
2024,3,2072.0,preventivo,14.0,2025-02-25 13:08:57.034768,2025-02-25 18:08:22.823594,False,OK sin observaciones
2025,3,2073.0,preventivo,14.0,2025-04-09 15:22:15.531422,2025-04-09 18:46:28.385747,False,tarea de rutina según plan
2026,3,2074.0,preventivo,14.0,2025-04-27 08:57:57.033351,2025-04-27 12:45:12.538969,False,pendiente revisión adicional
2027,3,2075.0,preventivo,,2025-06-13 09:52:08.091928,2025-06-13 14:02:42.949466,False,s/n
2028,3,2076.0,preventivo,14.0,2025-06-28 14:28:59.979245,2025-06-28 18:47:48.591909,False,"rutina realizada, todo en orden"
2029,3,2077.0,preventivo,14.0,2025-07-29 12:13:30.779391,2025-07-29 15:47:53.449694,False,s/n
2030,3,2079.0,preventivo,14.0,2025-10-09 07:39:20.159554,2025-10-09 12:55:21.198611,False,tarea de rutina según plan
2031,3,2080.0,preventivo,14.0,2025-10-29 11:56:12.506620,2025-10-29 13:29:30.351204,False,"rutina realizada, todo en orden"
2032,3,2082.0,preventivo,14.0,2025-12-28 12:25:06.126767,2025-12-28 13:46:39.714944,False,s/n
2033,4,2083.0,preventivo,14.0,2024-01-16 06:50:54.461136,2024-01-16 08:44:07.194317,False,cumplido
2034,4,2085.0,preventivo,14.0,2024-03-24 17:30:35.747669,2024-03-24 18:43:38.173436,False,cumplido
2035,4,2086.0,preventivo,14.0,2024-04-18 16:06:10.656355,2024-04-18 21:59:40.801649,True,se realizó tarea programada
2036,4,2087.0,preventivo,14.0,2024-05-18 07:47:07.962088,2024-05-18 13:28:03.832389,True,cumplido
2037,4,2088.0,preventivo,14.0,2024-06-19 11:39:01.441164,2024-06-19 16:16:59.808790,False,cumplido
2038,4,2089.0,preventivo,14.0,2024-07-16 10:04:58.665722,2024-07-16 12:30:29.587331,False,se realizó tarea programada
2039,4,2090.0,preventivo,14.0,2024-08-15 17:32:32.506148,2024-08-15 19:39:43.177792,False,cumplido
2040,4,2091.0,preventivo,14.0,2024-09-15 16:30:04.099049,2024-09-15 21:17:54.736345,False,s/n
2041,4,2093.0,preventivo,14.0,2024-12-06 17:34:18.138254,2024-12-06 18:58:59.084047,False,"rutina realizada, todo en orden"
2042,4,2094.0,preventivo,14.0,2024-12-14 15:39:01.881008,2024-12-14 19:55:21.712026,False,OK sin observaciones
2043,4,2095.0,preventivo,14.0,2025-01-09 13:37:41.551856,2025-01-09 15:21:16.271271,False,pendiente revisión adicional
2044,4,2097.0,preventivo,14.0,2025-03-14 07:20:25.758806,2025-03-14 12:48:00.668116,False,OK sin observaciones
2045,4,2098.0,preventivo,,2025-04-12 06:06:39.553849,2025-04-12 10:13:08.479168,False,cumplido
2046,4,2100.0,preventivo,14.0,2025-06-13 09:18:55.097169,2025-06-13 14:46:45.047414,False,cumplido
2047,4,2101.0,preventivo,14.0,2025-07-13 17:04:24.324087,2025-07-13 19:04:27.154879,False,OK sin observaciones
2048,4,2102.0,preventivo,14.0,2025-08-10 11:01:38.771224,2025-08-10 14:31:49.591229,False,cumplido
2049,4,2103.0,preventivo,14.0,2025-09-21 13:47:45.995535,2025-09-21 18:01:36.919383,False,cumplido
2050,4,2104.0,preventivo,14.0,2025-10-08 17:59:09.187394,2025-10-08 20:37:56.810511,False,tarea de rutina según plan
2051,4,2105.0,preventivo,14.0,2025-11-08 10:28:12.270305,2025-11-08 14:43:35.276310,False,tarea de rutina según plan
2052,4,2106.0,preventivo,14.0,2025-12-30 06:51:51.296985,2025-12-30 09:14:45.402969,False,pendiente revisión adicional
2053,6,2107.0,preventivo,14.0,2024-02-01 09:19:50.816292,2024-02-01 14:24:54.183713,False,tarea de rutina según plan
2054,6,2108.0,preventivo,14.0,2024-02-15 15:09:43.653086,2024-02-15 18:32:44.845063,False,s/n
2055,6,2110.0,preventivo,14.0,2024-04-17 14:10:09.704998,2024-04-17 17:20:59.812136,False,pendiente revisión adicional
2056,6,2111.0,preventivo,14.0,2024-05-18 14:32:13.732895,2024-05-18 16:10:15.681493,False,OK sin observaciones
2057,6,2112.0,preventivo,14.0,2024-06-12 08:43:39.732584,2024-06-12 13:53:15.871527,False,OK sin observaciones
2058,6,2113.0,preventivo,14.0,2024-08-02 11:48:46.822772,2024-08-02 14:42:26.552728,False,OK sin observaciones
2059,6,2115.0,preventivo,14.0,2024-09-11 07:15:19.094761,2024-09-11 08:53:05.888839,False,se realizó tarea programada
2060,6,2116.0,preventivo,14.0,2024-10-15 07:09:49.836788,2024-10-15 11:44:36.869939,False,OK sin observaciones
2061,6,2117.0,preventivo,14.0,2024-11-15 16:45:32.660989,2024-11-15 18:29:20.786536,False,pendiente revisión adicional
2062,6,2118.0,preventivo,14.0,2024-12-31 10:18:51.850272,2024-12-31 12:41:37.101939,False,"rutina realizada, todo en orden"
2063,6,2120.0,preventivo,14.0,2025-02-08 11:44:44.813069,2025-02-08 16:27:09.497916,False,tarea de rutina según plan
2064,6,2121.0,preventivo,14.0,2025-03-14 17:38:33.641168,2025-03-14 23:22:39.278831,False,se realizó tarea programada
2065,6,2122.0,preventivo,14.0,2025-04-11 06:33:03.183186,2025-04-11 10:17:47.376453,False,cumplido
2066,6,2123.0,preventivo,14.0,2025-05-09 17:49:49.456532,2025-05-09 20:05:47.482878,False,s/n
2067,6,2124.0,preventivo,14.0,2025-06-07 15:31:37.495129,2025-06-07 17:56:23.661445,False,"rutina realizada, todo en orden"
2068,6,2125.0,preventivo,14.0,2025-07-07 09:50:26.043091,2025-07-07 14:40:05.019796,False,se realizó tarea programada
2069,6,2126.0,preventivo,14.0,2025-08-10 13:57:58.778101,2025-08-10 19:13:31.369899,False,s/n
2070,6,2127.0,preventivo,14.0,2025-09-05 08:22:15.707926,2025-09-05 09:49:09.823822,True,pendiente revisión adicional
2071,6,2128.0,preventivo,14.0,2025-10-09 16:47:14.757549,2025-10-09 19:14:58.104433,False,"rutina realizada, todo en orden"
2072,6,2129.0,preventivo,14.0,2025-11-10 17:48:57.661607,2025-11-10 21:18:51.820089,False,cumplido
2073,6,2130.0,preventivo,14.0,2025-12-10 11:47:29.781005,2025-12-10 13:53:16.856126,False,cumplido
2074,7,2131.0,preventivo,14.0,2024-02-14 16:06:39.044274,2024-02-14 17:32:29.471481,False,pendiente revisión adicional
2075,7,2132.0,preventivo,14.0,2024-02-26 10:17:35.750728,2024-02-26 11:37:25.551312,False,se realizó tarea programada
2076,7,2133.0,preventivo,14.0,2024-03-30 16:49:14.410051,2024-03-30 18:05:30.796056,False,se realizó tarea programada
2077,7,2134.0,preventivo,14.0,2024-05-16 09:52:02.121573,2024-05-16 11:07:33.477994,False,cumplido
2078,7,2135.0,preventivo,14.0,2024-06-02 06:09:37.721161,2024-06-02 11:12:37.964221,True,cumplido
2079,7,2137.0,preventivo,14.0,2024-08-14 14:29:42.680756,2024-08-14 16:57:26.810464,False,cumplido
2080,7,2138.0,preventivo,14.0,2024-08-25 16:08:36.355337,2024-08-25 20:40:06.616349,False,pendiente revisión adicional
2081,7,2139.0,preventivo,14.0,2024-09-22 07:18:20.902092,2024-09-22 13:06:24.729324,True,OK sin observaciones
2082,7,2140.0,preventivo,14.0,2024-10-27 07:25:24.410430,2024-10-27 11:43:32.007478,False,cumplido
2083,7,2142.0,preventivo,14.0,2024-12-25 11:33:03.992744,2024-12-25 15:59:40.124599,True,"rutina realizada, todo en orden"
2084,7,2143.0,preventivo,,2025-01-24 07:20:09.559179,2025-01-24 08:27:03.964207,False,cumplido
2085,7,2144.0,preventivo,14.0,2025-02-19 10:48:11.786324,2025-02-19 16:42:25.252531,False,OK sin observaciones
2086,7,2145.0,preventivo,14.0,2025-03-23 11:56:49.478525,2025-03-23 16:17:47.220343,False,"rutina realizada, todo en orden"
2087,7,2146.0,preventivo,14.0,2025-04-24 17:34:20.872269,2025-04-24 20:02:46.132049,False,"rutina realizada, todo en orden"
2088,7,2147.0,preventivo,14.0,2025-05-23 10:53:23.059892,2025-05-23 12:55:48.342851,False,tarea de rutina según plan
2089,7,2149.0,preventivo,14.0,2025-07-19 07:22:51.860542,2025-07-19 12:04:41.242231,False,"rutina realizada, todo en orden"
2090,7,2151.0,preventivo,14.0,2025-09-20 12:12:04.525852,2025-09-20 17:48:04.091078,False,tarea de rutina según plan
2091,7,2152.0,preventivo,14.0,2025-10-23 13:19:07.361467,2025-10-23 16:05:53.593054,False,s/n
2092,7,2154.0,preventivo,14.0,2025-12-21 07:54:08.024913,2025-12-21 12:52:54.335578,False,pendiente revisión adicional
2093,8,2155.0,preventivo,14.0,2024-01-28 08:20:41.122939,2024-01-28 13:16:20.238135,False,se realizó tarea programada
2094,8,2156.0,preventivo,14.0,2024-02-21 10:26:56.473897,2024-02-21 13:34:46.840849,False,se realizó tarea programada
2095,8,2157.0,preventivo,14.0,2024-03-26 11:53:43.669764,2024-03-26 15:11:54.704828,False,se realizó tarea programada
2096,8,2158.0,preventivo,14.0,2024-04-22 13:32:54.168952,2024-04-22 16:24:43.693840,False,pendiente revisión adicional
2097,8,2159.0,preventivo,14.0,2024-05-23 11:10:51.976356,2024-05-23 16:45:23.242471,False,"rutina realizada, todo en orden"
2098,8,2160.0,preventivo,14.0,2024-06-25 13:50:39.099558,2024-06-25 17:19:17.779063,False,s/n
2099,8,2162.0,preventivo,14.0,2024-08-23 13:45:10.623261,2024-08-23 19:11:14.140901,True,s/n
2100,8,2163.0,preventivo,14.0,2024-10-07 13:45:36.099768,2024-10-07 17:32:17.732869,False,cumplido
2101,8,2164.0,preventivo,14.0,2024-10-20 11:59:30.066288,2024-10-20 14:15:19.404314,False,s/n
2102,8,2166.0,preventivo,14.0,2024-12-22 17:06:14.513439,2024-12-22 23:03:50.733969,False,s/n
2103,8,2167.0,preventivo,14.0,2025-02-01 17:11:55.486513,2025-02-01 23:06:42.446286,False,tarea de rutina según plan
2104,8,2168.0,preventivo,14.0,2025-02-21 12:12:01.191206,2025-02-21 13:23:36.020091,False,"rutina realizada, todo en orden"
2105,8,2169.0,preventivo,,2025-03-17 12:43:53.658884,2025-03-17 15:26:54.001097,False,OK sin observaciones
2106,8,2170.0,preventivo,14.0,2025-04-17 11:10:12.205162,2025-04-17 15:07:17.416221,False,se realizó tarea programada
2107,8,2171.0,preventivo,14.0,2025-05-19 11:53:29.730553,2025-05-19 15:09:07.132972,False,pendiente revisión adicional
2108,8,2172.0,preventivo,14.0,2025-07-06 13:29:53.356305,2025-07-06 14:44:33.568529,False,"rutina realizada, todo en orden"
2109,8,2174.0,preventivo,14.0,2025-09-08 13:47:51.713768,2025-09-08 19:10:24.036766,False,se realizó tarea programada
2110,8,2175.0,preventivo,,2025-10-03 14:14:33.387390,2025-10-03 19:47:04.876434,False,"rutina realizada, todo en orden"
2111,8,2176.0,preventivo,14.0,2025-10-17 13:49:02.561945,2025-10-17 16:11:28.235710,False,cumplido
2112,8,2178.0,preventivo,14.0,2025-12-17 10:08:38.428161,2025-12-17 15:30:30.597180,False,pendiente revisión adicional
2113,26,2179.0,preventivo,14.0,2024-01-08 07:58:19.307724,2024-01-08 10:14:44.673010,False,cumplido
2114,26,2180.0,preventivo,14.0,2024-02-07 06:38:21.535205,2024-02-07 10:45:53.096699,False,tarea de rutina según plan
2115,26,2181.0,preventivo,14.0,2024-03-07 15:47:13.532255,2024-03-07 20:48:30.204723,False,"rutina realizada, todo en orden"
2116,26,2183.0,preventivo,14.0,2024-05-05 06:42:10.788631,2024-05-05 10:55:17.679689,False,OK sin observaciones
2117,26,2185.0,preventivo,14.0,2024-07-07 06:42:58.861271,2024-07-07 09:15:08.999161,False,s/n
2118,26,2186.0,preventivo,14.0,2024-08-03 12:23:44.054491,2024-08-03 14:42:04.674911,False,s/n
2119,26,2187.0,preventivo,14.0,2024-09-02 09:57:10.502806,2024-09-02 12:44:23.078131,True,OK sin observaciones
2120,26,2188.0,preventivo,14.0,2024-10-24 17:12:54.903557,2024-10-24 20:23:18.467178,True,tarea de rutina según plan
2121,26,2190.0,preventivo,14.0,2024-12-04 16:43:20.617001,2024-12-04 19:58:50.745973,False,se realizó tarea programada
2122,26,2191.0,preventivo,14.0,2025-01-02 15:03:10.341614,2025-01-02 18:12:41.988829,False,se realizó tarea programada
2123,26,2192.0,preventivo,14.0,2025-01-30 14:16:45.312570,2025-01-30 19:22:07.798355,False,s/n
2124,26,2194.0,preventivo,14.0,2025-04-06 16:44:50.208175,2025-04-06 18:15:32.451438,False,tarea de rutina según plan
2125,26,2195.0,preventivo,14.0,2025-05-04 12:51:37.148985,2025-05-04 18:06:55.986693,False,tarea de rutina según plan
2126,26,2196.0,preventivo,14.0,2025-06-18 17:16:36.520625,2025-06-18 22:30:19.585415,False,tarea de rutina según plan
2127,26,2197.0,preventivo,14.0,2025-07-11 15:55:10.474273,2025-07-11 21:49:27.365173,False,pendiente revisión adicional
2128,26,2198.0,preventivo,14.0,2025-07-29 15:12:48.766945,2025-07-29 17:04:47.723968,False,"rutina realizada, todo en orden"
2129,26,2200.0,preventivo,14.0,2025-09-29 10:43:21.383298,2025-09-29 11:47:08.499567,False,cumplido
2130,27,2206.0,preventivo,14.0,2024-03-07 11:50:47.954810,2024-03-07 13:23:35.059762,False,"rutina realizada, todo en orden"
2131,27,2207.0,preventivo,14.0,2024-04-09 13:59:17.341360,2024-04-09 18:24:33.366935,True,cumplido
2132,27,2209.0,preventivo,14.0,2024-06-03 07:30:42.708902,2024-06-03 09:28:12.536474,False,"rutina realizada, todo en orden"
2133,27,2210.0,preventivo,14.0,2024-07-08 13:39:39.401997,2024-07-08 16:08:54.429602,False,se realizó tarea programada
2134,27,2213.0,preventivo,,2024-10-07 10:17:54.457743,2024-10-07 14:24:10.096626,True,"rutina realizada, todo en orden"
2135,27,2214.0,preventivo,14.0,2024-11-05 16:56:58.120352,2024-11-05 19:16:37.692081,False,tarea de rutina según plan
2136,27,2215.0,preventivo,14.0,2024-12-06 12:30:05.667859,2024-12-06 15:15:07.111067,False,se realizó tarea programada
2137,27,2216.0,preventivo,14.0,2025-01-04 11:27:10.788919,2025-01-04 16:25:44.729669,True,pendiente revisión adicional
2138,27,2217.0,preventivo,,2025-02-23 16:22:19.396824,2025-02-23 19:17:54.612158,False,tarea de rutina según plan
2139,27,2218.0,preventivo,14.0,2025-03-01 11:46:49.445332,2025-03-01 13:46:59.619856,False,cumplido
2140,27,2219.0,preventivo,14.0,2025-04-04 07:42:19.388595,2025-04-04 12:44:54.539858,False,s/n
2141,27,2220.0,preventivo,14.0,2025-04-30 06:11:58.462756,2025-04-30 08:02:56.534939,False,cumplido
2142,27,2221.0,preventivo,14.0,2025-06-01 12:34:24.410465,2025-06-01 13:54:58.598823,False,cumplido
2143,27,2222.0,preventivo,14.0,2025-06-30 11:04:38.359685,2025-06-30 16:45:33.348263,False,cumplido
2144,27,2223.0,preventivo,14.0,2025-08-02 14:10:58.421402,2025-08-02 15:38:46.439953,False,se realizó tarea programada
2145,27,2224.0,preventivo,14.0,2025-09-06 09:45:27.078487,2025-09-06 13:21:52.874076,False,pendiente revisión adicional
2146,27,2225.0,preventivo,14.0,2025-09-26 17:51:28.807870,2025-09-26 19:12:41.740666,False,s/n
2147,27,2226.0,preventivo,14.0,2025-10-29 12:19:04.381330,2025-10-29 16:58:54.289684,False,"rutina realizada, todo en orden"
2148,27,2227.0,preventivo,14.0,2025-11-29 06:30:54.083166,2025-11-29 12:20:04.548948,False,cumplido
2149,27,2228.0,preventivo,14.0,2025-12-29 09:28:55.206805,2025-12-29 15:13:24.086906,False,s/n
2150,41,2229.0,preventivo,14.0,2024-01-20 07:58:01.689372,2024-01-20 13:41:26.135796,False,s/n
2151,41,2231.0,preventivo,14.0,2024-03-25 16:29:35.897323,2024-03-25 17:44:32.812255,True,OK sin observaciones
2152,41,2232.0,preventivo,14.0,2024-04-28 10:27:38.642047,2024-04-28 12:38:42.930346,False,pendiente revisión adicional
2153,41,2233.0,preventivo,14.0,2024-05-20 17:56:57.623354,2024-05-20 21:29:36.442997,False,cumplido
2154,41,2235.0,preventivo,14.0,2024-07-18 06:41:16.023434,2024-07-18 11:16:35.413158,False,cumplido
2155,41,2236.0,preventivo,14.0,2024-08-20 14:17:28.393487,2024-08-20 18:52:51.982929,False,OK sin observaciones
2156,41,2237.0,preventivo,,2024-09-18 14:55:34.246548,2024-09-18 20:14:05.793975,False,"rutina realizada, todo en orden"
2157,41,2238.0,preventivo,14.0,2024-10-20 12:36:50.738839,2024-10-20 16:21:26.863455,False,tarea de rutina según plan
2158,41,2239.0,preventivo,14.0,2024-11-16 12:10:17.726505,2024-11-16 14:29:38.134819,False,"rutina realizada, todo en orden"
2159,41,2241.0,preventivo,14.0,2025-01-13 16:38:31.538183,2025-01-13 17:59:15.458623,False,s/n
2160,41,2242.0,preventivo,14.0,2025-02-24 06:59:32.290767,2025-02-24 12:21:42.910698,False,s/n
2161,41,2243.0,preventivo,14.0,2025-03-20 08:24:15.534892,2025-03-20 11:55:44.906827,False,s/n
2162,41,2244.0,preventivo,14.0,2025-04-18 09:44:53.127379,2025-04-18 11:57:01.700496,False,pendiente revisión adicional
2163,41,2245.0,preventivo,14.0,2025-05-13 17:17:20.835410,2025-05-13 22:15:39.091488,False,se realizó tarea programada
2164,41,2247.0,preventivo,,2025-07-16 12:13:12.381762,2025-07-16 14:46:08.330427,False,"rutina realizada, todo en orden"
2165,41,2248.0,preventivo,14.0,2025-08-11 15:50:09.834237,2025-08-11 18:25:37.044370,False,"rutina realizada, todo en orden"
2166,41,2249.0,preventivo,14.0,2025-09-15 16:24:52.746398,2025-09-15 22:23:12.434425,False,"rutina realizada, todo en orden"
2167,41,2250.0,preventivo,14.0,2025-10-13 10:06:36.527688,2025-10-13 14:29:29.602759,False,cumplido
2168,41,2251.0,preventivo,14.0,2025-11-11 12:42:12.461337,2025-11-11 13:43:18.173459,False,pendiente revisión adicional
2169,41,2252.0,preventivo,14.0,2025-12-09 11:14:52.145058,2025-12-09 15:30:33.209831,False,se realizó tarea programada
2170,85,2254.0,preventivo,,2024-02-02 17:10:43.929707,2024-02-02 23:03:22.962945,False,tarea de rutina según plan
2171,85,2255.0,preventivo,14.0,2024-03-06 10:18:31.336296,2024-03-06 13:57:13.121948,False,"rutina realizada, todo en orden"
2172,85,2257.0,preventivo,,2024-05-09 10:47:00.371858,2024-05-09 13:09:42.455590,False,se realizó tarea programada
2173,85,2258.0,preventivo,14.0,2024-06-04 16:32:54.364173,2024-06-04 22:06:18.301688,False,se realizó tarea programada
2174,85,2260.0,preventivo,14.0,2024-08-04 16:54:13.747525,2024-08-04 20:26:20.565804,False,OK sin observaciones
2175,85,2261.0,preventivo,14.0,2024-09-03 06:14:05.975294,2024-09-03 10:48:28.484830,False,s/n
2176,85,2262.0,preventivo,14.0,2024-09-29 12:04:41.312777,2024-09-29 13:22:34.041623,False,pendiente revisión adicional
2177,85,2263.0,preventivo,14.0,2024-10-30 06:19:21.288738,2024-10-30 11:28:09.485198,False,pendiente revisión adicional
2178,85,2264.0,preventivo,14.0,2024-11-29 10:30:07.533818,2024-11-29 12:38:50.429525,True,se realizó tarea programada
2179,85,2265.0,preventivo,14.0,2024-12-30 07:44:51.671350,2024-12-30 08:45:15.397361,False,se realizó tarea programada
2180,85,2266.0,preventivo,14.0,2025-02-01 17:59:13.533139,2025-02-01 21:54:41.137452,False,"rutina realizada, todo en orden"
2181,85,2268.0,preventivo,14.0,2025-04-02 15:16:05.683542,2025-04-02 16:29:45.815003,True,tarea de rutina según plan
2182,85,2269.0,preventivo,14.0,2025-04-28 11:18:09.471485,2025-04-28 16:02:49.550358,False,se realizó tarea programada
2183,85,2270.0,preventivo,14.0,2025-06-05 14:50:26.175761,2025-06-05 18:16:45.173221,False,pendiente revisión adicional
2184,85,2272.0,preventivo,14.0,2025-07-26 14:13:48.251781,2025-07-26 18:14:25.851613,False,pendiente revisión adicional
2185,85,2273.0,preventivo,,2025-08-29 12:57:04.214933,2025-08-29 18:27:47.958624,False,tarea de rutina según plan
2186,85,2274.0,preventivo,14.0,2025-09-24 15:09:45.155480,2025-09-24 18:37:03.991716,False,pendiente revisión adicional
2187,85,2275.0,preventivo,14.0,2025-10-27 17:10:12.220226,2025-10-27 21:49:00.135323,False,cumplido
2188,85,2276.0,preventivo,14.0,2025-11-25 11:15:33.330266,2025-11-25 12:49:23.819332,True,"rutina realizada, todo en orden"
2189,85,2277.0,preventivo,14.0,2025-12-23 09:47:15.056278,2025-12-23 10:54:19.873220,False,"rutina realizada, todo en orden"
2190,110,2278.0,preventivo,14.0,2024-01-12 09:47:28.169592,2024-01-12 11:42:12.909975,False,"rutina realizada, todo en orden"
2191,110,2279.0,preventivo,14.0,2024-02-15 11:56:37.595359,2024-02-15 15:04:55.250223,False,pendiente revisión adicional
2192,110,2280.0,preventivo,14.0,2024-03-14 14:25:39.896890,2024-03-14 19:26:00.715237,False,"rutina realizada, todo en orden"
2193,110,2281.0,preventivo,14.0,2024-04-10 09:56:13.671197,2024-04-10 11:01:17.706559,True,cumplido
2194,110,2282.0,preventivo,14.0,2024-06-01 12:56:15.639541,2024-06-01 17:14:30.289979,False,pendiente revisión adicional
2195,110,2283.0,preventivo,14.0,2024-06-23 13:30:15.742781,2024-06-23 17:13:51.583637,False,OK sin observaciones
2196,110,2284.0,preventivo,14.0,2024-07-14 09:32:44.893190,2024-07-14 13:40:45.883061,False,s/n
2197,110,2285.0,preventivo,14.0,2024-08-07 12:43:11.767555,2024-08-07 16:45:11.060900,True,"rutina realizada, todo en orden"
2198,110,2286.0,preventivo,14.0,2024-09-10 06:18:31.991698,2024-09-10 10:01:44.625245,False,s/n
2199,110,2287.0,preventivo,14.0,2024-10-12 15:20:49.493729,2024-10-12 16:42:36.486092,False,pendiente revisión adicional
2200,110,2289.0,preventivo,14.0,2024-12-10 17:33:17.652462,2024-12-10 19:06:11.769776,False,se realizó tarea programada
2201,110,2290.0,preventivo,14.0,2025-01-04 15:25:46.966093,2025-01-04 16:53:09.690577,False,OK sin observaciones
2202,110,2291.0,preventivo,,2025-02-03 09:12:32.451045,2025-02-03 13:03:13.797140,False,"rutina realizada, todo en orden"
2203,110,2293.0,preventivo,14.0,2025-04-08 16:24:17.714638,2025-04-08 19:25:17.558695,False,se realizó tarea programada
2204,110,2294.0,preventivo,14.0,2025-05-09 15:03:49.251543,2025-05-09 16:59:34.759935,False,"rutina realizada, todo en orden"
2205,110,2295.0,preventivo,14.0,2025-06-07 12:26:32.990762,2025-06-07 17:15:49.299228,False,OK sin observaciones
2206,110,2296.0,preventivo,14.0,2025-07-04 07:38:13.294329,2025-07-04 09:36:15.017576,False,"rutina realizada, todo en orden"
2207,110,2297.0,preventivo,14.0,2025-08-05 10:21:08.208053,2025-08-05 13:21:11.795367,True,tarea de rutina según plan
2208,110,2299.0,preventivo,14.0,2025-10-05 15:43:18.119087,2025-10-05 21:07:10.242146,False,tarea de rutina según plan
2209,110,2300.0,preventivo,14.0,2025-10-31 07:36:16.584054,2025-10-31 11:57:56.632161,False,se realizó tarea programada
2210,110,2301.0,preventivo,,2025-12-05 12:21:21.372984,2025-12-05 17:35:40.287590,False,"rutina realizada, todo en orden"
2211,110,2302.0,preventivo,14.0,2025-12-30 10:50:44.757419,2025-12-30 13:31:19.488043,False,s/n
2212,129,2304.0,preventivo,14.0,2024-02-07 11:48:32.404144,2024-02-07 13:21:39.405500,False,pendiente revisión adicional
2213,129,2305.0,preventivo,14.0,2024-03-10 07:42:05.724922,2024-03-10 11:04:36.660938,False,s/n
2214,129,2306.0,preventivo,14.0,2024-04-10 12:05:51.066860,2024-04-10 17:18:27.440843,False,tarea de rutina según plan
2215,129,2307.0,preventivo,14.0,2024-05-04 09:01:26.757097,2024-05-04 13:03:01.330772,False,se realizó tarea programada
2216,129,2310.0,preventivo,14.0,2024-08-04 14:07:50.429795,2024-08-04 19:59:05.444554,False,pendiente revisión adicional
2217,129,2312.0,preventivo,14.0,2024-10-07 08:08:54.731357,2024-10-07 13:39:01.031770,False,pendiente revisión adicional
2218,129,2313.0,preventivo,14.0,2024-11-02 16:27:22.441883,2024-11-02 21:11:58.661211,False,s/n
2219,129,2315.0,preventivo,14.0,2025-01-05 11:11:24.832378,2025-01-05 16:10:52.378131,False,cumplido
2220,129,2316.0,preventivo,14.0,2025-01-29 14:49:09.361359,2025-01-29 18:46:43.190541,False,OK sin observaciones
2221,129,2317.0,preventivo,14.0,2025-03-03 07:37:51.420171,2025-03-03 12:19:24.386378,False,OK sin observaciones
2222,129,2318.0,preventivo,14.0,2025-03-31 13:58:28.398814,2025-03-31 17:55:01.795675,False,se realizó tarea programada
2223,129,2319.0,preventivo,14.0,2025-05-02 16:11:41.916200,2025-05-02 20:07:32.840406,False,cumplido
2224,129,2321.0,preventivo,14.0,2025-07-18 11:23:23.224519,2025-07-18 13:42:01.944580,False,"rutina realizada, todo en orden"
2225,129,2322.0,preventivo,14.0,2025-07-30 17:44:26.992821,2025-07-30 21:32:24.075680,False,tarea de rutina según plan
2226,129,2323.0,preventivo,14.0,2025-09-01 11:43:30.568036,2025-09-01 16:35:53.942190,False,pendiente revisión adicional
2227,129,2324.0,preventivo,14.0,2025-10-02 12:31:58.187720,2025-10-02 14:38:42.509493,False,cumplido
2228,129,2327.0,preventivo,14.0,2025-12-30 12:45:12.104250,2025-12-30 14:52:11.631415,False,se realizó tarea programada
2229,132,2328.0,preventivo,14.0,2024-01-05 09:15:43.308131,2024-01-05 13:43:46.100489,False,cumplido
2230,132,2330.0,preventivo,14.0,2024-03-01 07:57:09.676651,2024-03-01 13:37:04.538140,False,pendiente revisión adicional
2231,132,2331.0,preventivo,14.0,2024-04-01 08:09:17.626161,2024-04-01 12:46:21.002351,False,se realizó tarea programada
2232,132,2332.0,preventivo,14.0,2024-05-03 14:51:18.986607,2024-05-03 18:33:34.248509,False,s/n
2233,132,2333.0,preventivo,14.0,2024-06-09 10:54:43.759408,2024-06-09 15:48:11.790052,False,OK sin observaciones
2234,132,2334.0,preventivo,14.0,2024-07-02 12:05:56.549374,2024-07-02 17:45:51.594812,False,"rutina realizada, todo en orden"
2235,132,2335.0,preventivo,14.0,2024-08-02 09:17:38.421215,2024-08-02 13:02:44.060978,False,"rutina realizada, todo en orden"
2236,132,2336.0,preventivo,14.0,2024-09-03 09:14:09.771232,2024-09-03 13:08:06.221515,True,pendiente revisión adicional
2237,132,2337.0,preventivo,14.0,2024-09-29 09:11:38.203352,2024-09-29 15:03:57.820624,False,s/n
2238,132,2338.0,preventivo,,2024-10-30 07:26:22.672434,2024-10-30 12:48:26.171961,False,pendiente revisión adicional
2239,132,2339.0,preventivo,,2024-11-30 17:16:19.469547,2024-11-30 20:06:10.723246,False,se realizó tarea programada
2240,132,2340.0,preventivo,14.0,2024-12-30 14:51:29.426171,2024-12-30 16:42:48.608882,False,cumplido
2241,132,2342.0,preventivo,14.0,2025-03-13 11:42:31.036907,2025-03-13 14:51:09.670423,False,s/n
2242,132,2343.0,preventivo,14.0,2025-04-01 10:26:00.191964,2025-04-01 14:45:35.980028,False,se realizó tarea programada
2243,132,2346.0,preventivo,14.0,2025-06-25 14:12:50.121893,2025-06-25 15:57:27.078502,False,cumplido
2244,132,2347.0,preventivo,14.0,2025-07-27 11:28:59.644778,2025-07-27 14:56:48.309431,True,tarea de rutina según plan
2245,132,2348.0,preventivo,14.0,2025-08-26 14:59:53.355326,2025-08-26 17:49:05.531371,True,se realizó tarea programada
2246,132,2349.0,preventivo,14.0,2025-09-27 13:39:41.797186,2025-09-27 15:48:24.807611,False,se realizó tarea programada
2247,132,2350.0,preventivo,14.0,2025-10-23 06:59:59.733024,2025-10-23 11:33:20.066539,False,"rutina realizada, todo en orden"
2248,132,2351.0,preventivo,14.0,2025-11-26 13:11:04.949125,2025-11-26 15:38:10.818397,False,s/n
2249,133,2353.0,preventivo,14.0,2024-02-03 07:13:05.628829,2024-02-03 08:41:25.954732,False,se realizó tarea programada
2250,133,2354.0,preventivo,,2024-02-28 09:53:50.111936,2024-02-28 13:35:09.263678,False,OK sin observaciones
2251,133,2355.0,preventivo,14.0,2024-03-31 16:11:49.709934,2024-03-31 19:04:43.078169,False,pendiente revisión adicional
2252,133,2356.0,preventivo,14.0,2024-05-03 17:19:55.370330,2024-05-03 23:04:53.985857,False,OK sin observaciones
2253,133,2357.0,preventivo,14.0,2024-05-30 17:37:13.651440,2024-05-30 19:32:37.551497,True,tarea de rutina según plan
2254,133,2358.0,preventivo,14.0,2024-06-30 17:06:41.574073,2024-06-30 21:52:50.605975,False,tarea de rutina según plan
2255,133,2359.0,preventivo,14.0,2024-08-01 12:01:21.111166,2024-08-01 14:59:34.127370,False,tarea de rutina según plan
2256,133,2361.0,preventivo,14.0,2024-10-06 10:59:18.981305,2024-10-06 13:55:31.800937,False,pendiente revisión adicional
2257,133,2362.0,preventivo,14.0,2024-10-29 06:59:58.720051,2024-10-29 12:50:00.109974,False,cumplido
2258,133,2363.0,preventivo,14.0,2024-11-23 15:12:42.992961,2024-11-23 18:51:13.808742,True,se realizó tarea programada
2259,133,2364.0,preventivo,14.0,2024-12-24 10:05:45.673540,2024-12-24 13:46:32.324822,False,se realizó tarea programada
2260,133,2365.0,preventivo,14.0,2025-01-28 11:14:43.522683,2025-01-28 17:11:52.624954,False,s/n
2261,133,2366.0,preventivo,14.0,2025-02-27 12:04:49.662864,2025-02-27 17:43:28.321386,False,s/n
2262,133,2367.0,preventivo,14.0,2025-04-08 12:36:27.773653,2025-04-08 15:09:25.610923,False,OK sin observaciones
2263,133,2368.0,preventivo,14.0,2025-05-11 17:02:37.079395,2025-05-11 22:28:46.068826,False,cumplido
2264,133,2369.0,preventivo,14.0,2025-06-15 12:35:08.435299,2025-06-15 18:11:09.081563,False,pendiente revisión adicional
2265,133,2370.0,preventivo,,2025-06-23 14:13:47.437948,2025-06-23 19:32:43.506272,False,"rutina realizada, todo en orden"
2266,133,2371.0,preventivo,14.0,2025-07-25 06:58:59.639443,2025-07-25 11:10:21.461386,False,cumplido
2267,133,2372.0,preventivo,14.0,2025-08-22 17:51:29.631954,2025-08-22 20:39:36.643685,False,se realizó tarea programada
2268,133,2373.0,preventivo,14.0,2025-09-25 07:25:12.988115,2025-09-25 12:14:10.559683,False,tarea de rutina según plan
2269,133,2374.0,preventivo,14.0,2025-10-19 17:01:24.571929,2025-10-19 20:01:17.075176,False,OK sin observaciones
2270,133,2376.0,preventivo,14.0,2025-12-24 17:09:46.773294,2025-12-24 21:06:45.461823,False,tarea de rutina según plan
2271,135,2377.0,preventivo,14.0,2024-01-23 08:45:06.894057,2024-01-23 14:18:31.239448,True,cumplido
2272,135,2378.0,preventivo,14.0,2024-02-20 12:29:12.331902,2024-02-20 13:57:26.660781,False,cumplido
2273,135,2380.0,preventivo,14.0,2024-04-03 13:29:54.998641,2024-04-03 17:03:12.263654,False,OK sin observaciones
2274,135,2381.0,preventivo,14.0,2024-05-08 08:13:41.216420,2024-05-08 09:37:33.579507,False,pendiente revisión adicional
2275,135,2382.0,preventivo,14.0,2024-06-06 16:23:18.500356,2024-06-06 19:22:15.484011,False,OK sin observaciones
2276,135,2383.0,preventivo,14.0,2024-07-12 09:09:23.700820,2024-07-12 13:43:54.202084,False,tarea de rutina según plan
2277,135,2384.0,preventivo,14.0,2024-08-02 11:16:17.099979,2024-08-02 14:42:09.527187,False,pendiente revisión adicional
2278,135,2385.0,preventivo,14.0,2024-09-23 14:14:38.303523,2024-09-23 20:02:22.204908,False,cumplido
2279,135,2386.0,preventivo,14.0,2024-10-05 15:03:07.287396,2024-10-05 19:12:13.149279,False,tarea de rutina según plan
2280,135,2387.0,preventivo,14.0,2024-10-31 12:27:01.308165,2024-10-31 17:21:34.196906,False,s/n
2281,135,2388.0,preventivo,14.0,2024-12-02 08:29:51.485404,2024-12-02 12:45:21.117622,False,"rutina realizada, todo en orden"
2282,135,2391.0,preventivo,14.0,2025-03-02 06:40:44.359838,2025-03-02 09:04:00.936939,False,s/n
2283,135,2392.0,preventivo,14.0,2025-04-01 12:06:09.462411,2025-04-01 14:11:11.350667,False,se realizó tarea programada
2284,135,2393.0,preventivo,,2025-05-10 12:26:43.735679,2025-05-10 16:15:21.115047,False,tarea de rutina según plan
2285,135,2395.0,preventivo,14.0,2025-07-10 11:46:23.893349,2025-07-10 14:21:55.233307,False,OK sin observaciones
2286,135,2396.0,preventivo,14.0,2025-08-01 09:20:56.531550,2025-08-01 14:22:56.579508,False,cumplido
2287,135,2397.0,preventivo,14.0,2025-08-31 06:37:22.192039,2025-08-31 09:19:35.966427,False,tarea de rutina según plan
2288,135,2398.0,preventivo,14.0,2025-10-16 10:48:24.757510,2025-10-16 15:44:07.855405,False,"rutina realizada, todo en orden"
2289,135,2399.0,preventivo,14.0,2025-10-29 17:37:04.777873,2025-10-29 22:11:54.020662,False,OK sin observaciones
2290,135,2400.0,preventivo,,2025-12-14 16:58:09.607379,2025-12-14 19:51:55.688804,True,pendiente revisión adicional
2291,145,2402.0,preventivo,14.0,2024-01-04 12:04:45.182399,2024-01-04 17:14:30.960123,False,se realizó tarea programada
2292,145,2403.0,preventivo,14.0,2024-02-02 15:58:03.389668,2024-02-02 21:37:42.481417,False,tarea de rutina según plan
2293,145,2404.0,preventivo,14.0,2024-03-03 06:29:19.157076,2024-03-03 07:49:07.395939,False,se realizó tarea programada
2294,145,2405.0,preventivo,14.0,2024-04-05 07:12:32.271615,2024-04-05 08:16:31.012482,False,s/n
2295,145,2406.0,preventivo,14.0,2024-05-06 07:54:20.186790,2024-05-06 12:44:13.403346,False,se realizó tarea programada
2296,145,2408.0,preventivo,14.0,2024-07-05 08:50:02.863946,2024-07-05 13:11:36.084419,False,"rutina realizada, todo en orden"
2297,145,2409.0,preventivo,,2024-08-04 06:37:10.744689,2024-08-04 09:25:21.206055,False,pendiente revisión adicional
2298,145,2410.0,preventivo,14.0,2024-08-28 14:59:15.351868,2024-08-28 19:11:20.565035,False,"rutina realizada, todo en orden"
2299,145,2411.0,preventivo,14.0,2024-10-01 11:18:06.876712,2024-10-01 12:31:45.150441,False,"rutina realizada, todo en orden"
2300,145,2412.0,preventivo,14.0,2024-10-28 12:42:52.108158,2024-10-28 18:20:38.462600,False,"rutina realizada, todo en orden"
2301,145,2413.0,preventivo,14.0,2024-11-27 16:25:36.288987,2024-11-27 18:56:53.864856,False,s/n
2302,145,2414.0,preventivo,14.0,2024-12-28 15:07:47.036419,2024-12-28 19:09:33.604875,False,"rutina realizada, todo en orden"
2303,145,2415.0,preventivo,14.0,2025-01-30 07:57:50.592350,2025-01-30 12:21:43.940564,False,OK sin observaciones
2304,145,2416.0,preventivo,14.0,2025-02-25 09:29:16.431043,2025-02-25 12:06:00.589530,False,se realizó tarea programada
2305,145,2417.0,preventivo,14.0,2025-03-27 17:17:41.643313,2025-03-27 20:11:43.605001,False,cumplido
2306,145,2420.0,preventivo,14.0,2025-07-10 10:04:41.923997,2025-07-10 15:58:00.476389,False,se realizó tarea programada
2307,145,2421.0,preventivo,14.0,2025-07-26 14:47:00.307568,2025-07-26 16:25:45.028214,False,cumplido
2308,145,2422.0,preventivo,14.0,2025-08-28 09:15:55.267512,2025-08-28 12:20:32.069067,False,OK sin observaciones
2309,145,2423.0,preventivo,,2025-09-24 06:30:39.003229,2025-09-24 10:58:23.186961,False,pendiente revisión adicional
2310,145,2424.0,preventivo,14.0,2025-11-05 13:11:51.555840,2025-11-05 18:17:04.617147,False,"rutina realizada, todo en orden"
2311,145,2425.0,preventivo,14.0,2025-11-25 09:20:01.948335,2025-11-25 11:59:49.565656,False,tarea de rutina según plan
2312,3,2427.0,preventivo,14.0,2024-05-08 14:19:37.576196,2024-05-09 10:52:39.687787,False,tarea de rutina según plan
2313,3,2428.0,preventivo,14.0,2024-11-12 14:48:12.576684,2024-11-13 01:39:01.247501,False,"rutina realizada, todo en orden"
2314,3,2429.0,preventivo,14.0,2025-05-06 15:18:41.359553,2025-05-07 07:31:35.692166,False,cumplido
2315,3,2430.0,preventivo,14.0,2025-11-05 07:24:01.034172,2025-11-05 15:33:10.245659,False,pendiente revisión adicional
2316,4,2431.0,preventivo,14.0,2024-05-05 10:31:36.151744,2024-05-06 10:20:27.665850,True,cumplido
2317,4,2432.0,preventivo,,2024-11-08 17:34:24.207037,2024-11-09 07:13:43.238660,False,se realizó tarea programada
2318,4,2433.0,preventivo,14.0,2025-05-28 16:49:23.469635,2025-05-29 01:19:28.082375,False,tarea de rutina según plan
2319,4,2434.0,preventivo,14.0,2025-11-11 17:24:47.543621,2025-11-12 04:56:42.638864,False,tarea de rutina según plan
2320,6,2435.0,preventivo,14.0,2024-05-05 17:02:08.936885,2024-05-06 05:21:20.535956,False,s/n
2321,6,2437.0,preventivo,14.0,2025-05-09 07:13:20.772620,2025-05-09 14:10:41.315303,False,s/n
2322,6,2438.0,preventivo,14.0,2025-11-08 13:28:35.224311,2025-11-09 09:56:18.668345,False,tarea de rutina según plan
2323,7,2439.0,preventivo,14.0,2024-05-05 09:11:48.828143,2024-05-06 03:33:14.702410,False,OK sin observaciones
2324,7,2440.0,preventivo,14.0,2024-11-14 10:36:50.433102,2024-11-15 04:37:40.494092,False,"rutina realizada, todo en orden"
2325,7,2441.0,preventivo,14.0,2025-05-14 13:37:03.713714,2025-05-15 06:03:32.181709,False,s/n
2326,7,2442.0,preventivo,14.0,2025-11-13 16:58:01.000144,2025-11-14 02:51:15.248228,False,tarea de rutina según plan
2327,8,2443.0,preventivo,14.0,2024-05-07 15:55:34.769727,2024-05-07 23:01:11.416374,True,cumplido
2328,8,2444.0,preventivo,14.0,2024-11-09 17:10:20.108212,2024-11-10 10:36:00.784481,False,pendiente revisión adicional
2329,8,2445.0,preventivo,14.0,2025-05-14 15:56:49.889135,2025-05-15 07:18:37.741799,False,se realizó tarea programada
2330,8,2446.0,preventivo,14.0,2025-11-08 11:49:06.269168,2025-11-08 22:38:23.505028,False,se realizó tarea programada
2331,26,2447.0,preventivo,14.0,2024-05-09 16:11:48.184621,2024-05-10 07:23:50.374658,False,pendiente revisión adicional
2332,26,2448.0,preventivo,14.0,2024-11-14 07:22:14.003948,2024-11-15 00:50:06.481661,False,se realizó tarea programada
2333,26,2449.0,preventivo,14.0,2025-05-11 16:28:43.832017,2025-05-12 02:25:14.403729,False,pendiente revisión adicional
2334,27,2452.0,preventivo,14.0,2024-11-07 13:41:42.927173,2024-11-08 12:03:56.018102,False,OK sin observaciones
2335,27,2453.0,preventivo,14.0,2025-05-12 13:59:18.306393,2025-05-13 07:57:08.005219,False,pendiente revisión adicional
2336,41,2455.0,preventivo,14.0,2024-06-23 08:45:16.889698,2024-06-23 21:55:03.201470,False,tarea de rutina según plan
2337,41,2456.0,preventivo,14.0,2024-12-14 10:46:18.564977,2024-12-14 18:23:11.962453,False,OK sin observaciones
2338,41,2457.0,preventivo,,2025-06-10 09:30:57.265357,2025-06-11 02:55:12.537588,False,tarea de rutina según plan
2339,85,2459.0,preventivo,14.0,2024-05-06 15:42:23.939750,2024-05-07 09:41:29.817850,False,cumplido
2340,85,2460.0,preventivo,14.0,2024-11-14 15:49:38.452172,2024-11-15 09:22:18.723896,False,se realizó tarea programada
2341,85,2461.0,preventivo,14.0,2025-05-06 10:01:51.420909,2025-05-06 18:56:28.521979,False,"rutina realizada, todo en orden"
2342,110,2463.0,preventivo,14.0,2024-05-07 10:55:48.889763,2024-05-08 06:06:54.722480,True,pendiente revisión adicional
2343,110,2464.0,preventivo,14.0,2024-11-14 09:13:05.619465,2024-11-15 05:49:03.017045,False,"rutina realizada, todo en orden"
2344,110,2465.0,preventivo,14.0,2025-05-13 12:53:59.021780,2025-05-14 04:05:33.103224,False,"rutina realizada, todo en orden"
2345,129,2467.0,preventivo,14.0,2024-06-06 17:56:57.247722,2024-06-07 07:31:05.164415,True,OK sin observaciones
2346,129,2468.0,preventivo,14.0,2024-12-06 09:55:30.287110,2024-12-06 21:30:47.732237,False,tarea de rutina según plan
2347,129,2469.0,preventivo,14.0,2025-06-05 09:47:56.667561,2025-06-05 18:27:46.552415,False,OK sin observaciones
2348,129,2470.0,preventivo,14.0,2025-12-13 11:53:26.060840,2025-12-13 18:44:28.121064,False,"rutina realizada, todo en orden"
2349,132,2472.0,preventivo,14.0,2024-12-10 16:39:41.782458,2024-12-11 08:36:43.794331,True,cumplido
2350,132,2473.0,preventivo,,2025-06-07 08:14:38.599856,2025-06-08 04:55:16.602013,False,pendiente revisión adicional
2351,132,2474.0,preventivo,14.0,2025-12-09 08:40:59.152204,2025-12-09 17:59:05.134525,False,se realizó tarea programada
2352,133,2475.0,preventivo,14.0,2024-06-06 16:34:22.328552,2024-06-07 12:46:52.540982,False,tarea de rutina según plan
2353,133,2476.0,preventivo,14.0,2024-12-22 06:52:04.912217,2024-12-23 01:32:34.964427,False,OK sin observaciones
2354,133,2477.0,preventivo,14.0,2025-06-13 07:42:16.277412,2025-06-13 17:06:22.547817,False,s/n
2355,135,2481.0,preventivo,14.0,2025-06-06 07:11:19.891136,2025-06-06 22:53:04.945386,False,"rutina realizada, todo en orden"
2356,135,2482.0,preventivo,14.0,2025-12-13 13:11:25.725409,2025-12-14 05:06:48.273879,False,s/n
2357,145,2483.0,preventivo,14.0,2024-06-08 06:16:57.716656,2024-06-08 23:33:40.813910,False,s/n
2358,145,2484.0,preventivo,14.0,2024-12-31 06:12:23.856184,2024-12-31 21:23:34.785301,False,"rutina realizada, todo en orden"
2359,145,2485.0,preventivo,14.0,2025-06-14 06:34:16.115292,2025-06-14 17:36:34.622354,False,se realizó tarea programada
2360,145,2486.0,preventivo,14.0,2025-12-10 09:20:27.618655,2025-12-11 03:26:50.332309,False,pendiente revisión adicional
2361,2,2487.0,preventivo,14.0,2024-02-03 09:13:41.282223,2024-02-03 10:44:48.696177,False,s/n
2362,2,2488.0,preventivo,,2024-03-19 11:55:26.281061,2024-03-19 15:10:27.431856,False,pendiente revisión adicional
2363,2,2489.0,preventivo,14.0,2024-04-13 07:53:18.704660,2024-04-13 09:47:19.728882,False,se realizó tarea programada
2364,2,2490.0,preventivo,14.0,2024-05-02 07:08:51.416560,2024-05-02 11:39:30.599971,False,pendiente revisión adicional
2365,2,2491.0,preventivo,14.0,2024-05-27 07:19:30.382072,2024-05-27 12:47:09.858844,False,s/n
2366,2,2492.0,preventivo,14.0,2024-06-27 09:51:39.158539,2024-06-27 11:09:58.657786,True,"rutina realizada, todo en orden"
2367,2,2493.0,preventivo,14.0,2024-08-19 16:56:33.530729,2024-08-19 19:59:15.607156,False,se realizó tarea programada
2368,2,2494.0,preventivo,14.0,2024-08-26 17:02:20.335526,2024-08-26 18:08:55.077070,False,pendiente revisión adicional
2369,2,2495.0,preventivo,,2024-09-27 08:41:45.942267,2024-09-27 12:19:24.057914,False,OK sin observaciones
2370,2,2496.0,preventivo,14.0,2024-10-24 08:32:10.734838,2024-10-24 13:57:17.382492,False,se realizó tarea programada
2371,2,2497.0,preventivo,14.0,2024-11-24 12:32:17.103604,2024-11-24 16:30:14.047924,False,OK sin observaciones
2372,2,2498.0,preventivo,14.0,2024-12-27 12:58:08.787790,2024-12-27 18:44:51.587551,True,cumplido
2373,2,2499.0,preventivo,14.0,2025-01-24 06:04:08.363908,2025-01-24 11:58:23.971569,False,"rutina realizada, todo en orden"
2374,2,2503.0,preventivo,14.0,2025-06-17 08:31:04.931489,2025-06-17 09:48:55.699388,False,cumplido
2375,2,2504.0,preventivo,14.0,2025-06-27 06:09:39.521512,2025-06-27 11:21:59.611874,False,pendiente revisión adicional
2376,2,2505.0,preventivo,14.0,2025-07-29 12:51:29.460457,2025-07-29 18:24:11.991968,False,tarea de rutina según plan
2377,2,2506.0,preventivo,14.0,2025-08-20 13:35:23.707753,2025-08-20 18:47:31.127738,False,OK sin observaciones
2378,2,2507.0,preventivo,14.0,2025-09-24 14:09:19.438180,2025-09-24 17:19:19.430284,False,cumplido
2379,2,2508.0,preventivo,14.0,2025-10-19 14:41:35.022585,2025-10-19 16:02:15.606913,True,OK sin observaciones
2380,2,2509.0,preventivo,14.0,2025-11-24 11:00:10.216795,2025-11-24 12:37:00.506100,False,cumplido
2381,5,2512.0,preventivo,14.0,2024-02-06 14:26:00.894751,2024-02-06 19:21:49.187946,False,"rutina realizada, todo en orden"
2382,5,2514.0,preventivo,14.0,2024-04-06 17:07:04.441125,2024-04-06 22:23:40.851935,False,tarea de rutina según plan
2383,5,2515.0,preventivo,,2024-05-05 07:21:35.234175,2024-05-05 10:21:40.264580,False,tarea de rutina según plan
2384,5,2516.0,preventivo,14.0,2024-06-06 06:38:56.596108,2024-06-06 08:00:09.126016,False,se realizó tarea programada
2385,5,2517.0,preventivo,14.0,2024-07-05 13:02:36.697013,2024-07-05 15:47:32.825886,False,cumplido
2386,5,2518.0,preventivo,14.0,2024-08-06 06:47:25.759736,2024-08-06 10:50:25.050451,False,pendiente revisión adicional
2387,5,2520.0,preventivo,14.0,2024-10-26 13:00:25.562766,2024-10-26 17:31:42.493479,False,s/n
2388,5,2523.0,preventivo,14.0,2025-01-01 06:57:58.919654,2025-01-01 09:41:08.587528,False,se realizó tarea programada
2389,5,2524.0,preventivo,14.0,2025-01-31 14:10:01.400360,2025-01-31 15:16:30.654630,False,cumplido
2390,5,2525.0,preventivo,14.0,2025-03-21 08:16:09.432048,2025-03-21 10:14:47.279306,False,OK sin observaciones
2391,5,2526.0,preventivo,14.0,2025-04-01 12:58:59.684272,2025-04-01 16:58:56.713070,False,s/n
2392,5,2527.0,preventivo,14.0,2025-05-02 09:07:50.841815,2025-05-02 15:06:42.336665,False,s/n
2393,5,2528.0,preventivo,14.0,2025-05-31 15:56:39.048963,2025-05-31 20:21:18.762281,False,cumplido
2394,5,2529.0,preventivo,14.0,2025-07-10 17:05:36.875911,2025-07-10 18:16:24.326184,False,cumplido
2395,5,2530.0,preventivo,14.0,2025-08-01 10:06:38.775278,2025-08-01 11:52:11.408462,False,"rutina realizada, todo en orden"
2396,5,2531.0,preventivo,14.0,2025-08-28 15:06:20.967748,2025-08-28 18:50:30.453425,False,s/n
2397,5,2532.0,preventivo,14.0,2025-09-30 07:18:34.728593,2025-09-30 11:20:33.729413,False,tarea de rutina según plan
2398,5,2534.0,preventivo,14.0,2025-11-29 06:16:48.953906,2025-11-29 07:16:49.300217,False,"rutina realizada, todo en orden"
2399,25,2536.0,preventivo,14.0,2024-01-28 12:20:42.031097,2024-01-28 16:21:33.064091,False,pendiente revisión adicional
2400,25,2537.0,preventivo,,2024-03-01 13:52:05.622171,2024-03-01 17:57:21.004047,False,"rutina realizada, todo en orden"
2401,25,2538.0,preventivo,14.0,2024-03-31 15:14:44.959499,2024-03-31 20:50:53.380333,True,pendiente revisión adicional
2402,25,2539.0,preventivo,14.0,2024-04-28 13:02:56.872408,2024-04-28 17:15:08.925710,False,"rutina realizada, todo en orden"
2403,25,2540.0,preventivo,14.0,2024-05-28 08:40:19.807920,2024-05-28 13:57:44.107964,False,"rutina realizada, todo en orden"
2404,25,2542.0,preventivo,14.0,2024-07-26 06:09:33.065935,2024-07-26 11:19:00.503030,False,s/n
2405,25,2544.0,preventivo,14.0,2024-09-26 07:13:00.049823,2024-09-26 11:09:55.512534,False,cumplido
2406,25,2545.0,preventivo,14.0,2024-10-23 09:26:20.649176,2024-10-23 14:38:40.169960,False,OK sin observaciones
2407,25,2546.0,preventivo,14.0,2024-11-22 07:55:34.425903,2024-11-22 11:58:42.884686,True,pendiente revisión adicional
2408,25,2547.0,preventivo,14.0,2024-12-23 10:03:53.190390,2024-12-23 12:39:11.050272,False,tarea de rutina según plan
2409,25,2549.0,preventivo,14.0,2025-02-21 15:08:50.868432,2025-02-21 20:35:21.430674,False,"rutina realizada, todo en orden"
2410,25,2551.0,preventivo,14.0,2025-04-25 11:14:51.805050,2025-04-25 15:54:51.927990,False,pendiente revisión adicional
2411,25,2552.0,preventivo,14.0,2025-05-23 08:45:16.026695,2025-05-23 13:57:28.122969,False,se realizó tarea programada
2412,25,2553.0,preventivo,14.0,2025-06-21 16:09:06.037570,2025-06-21 19:53:36.234711,False,tarea de rutina según plan
2413,25,2554.0,preventivo,14.0,2025-07-19 11:50:16.235313,2025-07-19 12:59:34.487427,True,tarea de rutina según plan
2414,25,2555.0,preventivo,14.0,2025-08-19 06:46:28.473758,2025-08-19 08:22:08.477647,False,se realizó tarea programada
2415,25,2556.0,preventivo,14.0,2025-09-21 10:20:39.443113,2025-09-21 14:31:46.651543,False,cumplido
2416,25,2557.0,preventivo,14.0,2025-10-16 14:02:01.642748,2025-10-16 16:30:30.110643,False,OK sin observaciones
2417,25,2558.0,preventivo,14.0,2025-11-21 16:02:07.735817,2025-11-21 17:43:34.647030,False,"rutina realizada, todo en orden"
2418,25,2559.0,preventivo,14.0,2025-12-19 14:58:08.854856,2025-12-19 18:37:28.678818,False,se realizó tarea programada
2419,39,2561.0,preventivo,14.0,2024-02-06 17:19:00.863324,2024-02-06 19:38:03.473925,False,cumplido
2420,39,2562.0,preventivo,14.0,2024-03-25 10:18:53.654992,2024-03-25 12:06:10.894565,False,"rutina realizada, todo en orden"
2421,39,2563.0,preventivo,14.0,2024-04-10 16:44:24.642634,2024-04-10 21:05:45.942544,False,tarea de rutina según plan
2422,39,2564.0,preventivo,14.0,2024-05-03 09:23:28.032535,2024-05-03 10:55:24.767691,False,tarea de rutina según plan
2423,39,2565.0,preventivo,14.0,2024-06-04 12:05:38.472079,2024-06-04 17:00:27.045256,False,"rutina realizada, todo en orden"
2424,39,2567.0,preventivo,14.0,2024-07-31 15:03:42.841638,2024-07-31 17:10:42.058930,False,tarea de rutina según plan
2425,39,2568.0,preventivo,14.0,2024-09-08 14:09:58.867840,2024-09-08 20:07:46.647024,False,"rutina realizada, todo en orden"
2426,39,2570.0,preventivo,14.0,2024-10-30 17:16:58.558897,2024-10-30 20:40:39.062951,False,OK sin observaciones
2427,39,2571.0,preventivo,14.0,2024-12-01 12:22:21.418002,2024-12-01 14:52:45.828349,False,OK sin observaciones
2428,39,2572.0,preventivo,14.0,2024-12-31 09:40:44.051989,2024-12-31 15:28:37.330132,False,tarea de rutina según plan
2429,39,2573.0,preventivo,14.0,2025-01-31 16:54:51.183393,2025-01-31 22:30:22.438608,False,cumplido
2430,39,2574.0,preventivo,14.0,2025-02-26 10:09:22.101342,2025-02-26 14:10:09.501522,False,tarea de rutina según plan
2431,39,2575.0,preventivo,14.0,2025-03-26 07:15:06.920360,2025-03-26 11:49:33.994562,False,pendiente revisión adicional
2432,39,2577.0,preventivo,14.0,2025-05-31 10:53:53.518949,2025-05-31 15:00:50.296034,False,tarea de rutina según plan
2433,39,2578.0,preventivo,14.0,2025-06-28 07:24:16.952417,2025-06-28 08:30:42.698085,False,tarea de rutina según plan
2434,39,2579.0,preventivo,14.0,2025-07-24 12:48:18.419766,2025-07-24 15:45:27.469310,True,se realizó tarea programada
2435,39,2580.0,preventivo,14.0,2025-09-06 08:43:46.963843,2025-09-06 12:17:27.555030,False,"rutina realizada, todo en orden"
2436,39,2581.0,preventivo,14.0,2025-10-06 17:25:59.034526,2025-10-06 20:37:27.195014,True,se realizó tarea programada
2437,39,2582.0,preventivo,,2025-10-22 08:43:36.530015,2025-10-22 10:38:56.580029,True,"rutina realizada, todo en orden"
2438,39,2583.0,preventivo,14.0,2025-11-23 11:29:41.763027,2025-11-23 14:47:33.865926,False,tarea de rutina según plan
2439,40,2585.0,preventivo,14.0,2024-01-06 07:38:20.334606,2024-01-06 08:49:33.916147,False,OK sin observaciones
2440,40,2586.0,preventivo,14.0,2024-02-04 09:09:24.692589,2024-02-04 12:53:55.730395,False,se realizó tarea programada
2441,40,2589.0,preventivo,14.0,2024-05-09 07:58:54.582048,2024-05-09 12:07:20.174418,False,"rutina realizada, todo en orden"
2442,40,2590.0,preventivo,14.0,2024-06-08 11:13:38.459113,2024-06-08 12:59:44.290304,False,pendiente revisión adicional
2443,40,2591.0,preventivo,14.0,2024-07-07 11:17:33.419614,2024-07-07 15:11:46.250019,False,cumplido
2444,40,2593.0,preventivo,14.0,2024-09-09 14:44:13.720231,2024-09-09 18:57:34.690922,False,OK sin observaciones
2445,40,2594.0,preventivo,14.0,2024-10-06 17:16:27.552572,2024-10-06 22:33:45.915881,False,OK sin observaciones
2446,40,2595.0,preventivo,14.0,2024-11-17 13:46:10.210425,2024-11-17 16:56:38.416075,True,se realizó tarea programada
2447,40,2596.0,preventivo,14.0,2024-12-05 06:27:07.412684,2024-12-05 11:01:14.155884,False,tarea de rutina según plan
2448,40,2597.0,preventivo,14.0,2024-12-30 15:23:30.727771,2024-12-30 19:17:07.246630,False,tarea de rutina según plan
2449,40,2598.0,preventivo,14.0,2025-02-02 16:23:42.477143,2025-02-02 18:37:14.515733,False,pendiente revisión adicional
2450,40,2599.0,preventivo,14.0,2025-03-19 15:04:19.852397,2025-03-19 19:29:18.924278,False,tarea de rutina según plan
2451,40,2601.0,preventivo,14.0,2025-05-01 16:13:44.816253,2025-05-01 19:19:02.305607,True,s/n
2452,40,2602.0,preventivo,14.0,2025-06-04 09:38:33.709877,2025-06-04 12:11:52.144441,False,cumplido
2453,40,2603.0,preventivo,14.0,2025-07-01 14:26:13.671059,2025-07-01 17:32:10.338587,False,cumplido
2454,40,2604.0,preventivo,14.0,2025-08-13 15:12:32.332444,2025-08-13 18:54:10.712125,False,pendiente revisión adicional
2455,40,2605.0,preventivo,14.0,2025-09-01 16:23:18.916444,2025-09-01 21:24:18.450130,False,tarea de rutina según plan
2456,40,2606.0,preventivo,14.0,2025-09-29 11:42:52.984479,2025-09-29 14:12:08.141235,False,cumplido
2457,40,2607.0,preventivo,14.0,2025-11-19 17:25:39.641175,2025-11-19 20:53:12.543569,False,pendiente revisión adicional
2458,40,2608.0,preventivo,14.0,2025-12-15 10:03:51.200757,2025-12-15 15:36:08.612373,True,pendiente revisión adicional
2459,40,2609.0,preventivo,14.0,2025-12-31 13:22:30.164451,2025-12-31 15:28:09.203319,True,s/n
2460,42,2610.0,preventivo,14.0,2024-01-05 07:34:10.929684,2024-01-05 11:21:27.228929,False,OK sin observaciones
2461,42,2612.0,preventivo,14.0,2024-03-10 08:08:27.991614,2024-03-10 11:59:13.975261,False,se realizó tarea programada
2462,42,2613.0,preventivo,14.0,2024-04-09 07:08:20.422992,2024-04-09 12:12:56.746118,True,cumplido
2463,42,2616.0,preventivo,14.0,2024-07-02 15:19:28.060785,2024-07-02 18:30:05.530406,False,cumplido
2464,42,2617.0,preventivo,14.0,2024-08-07 08:56:45.412884,2024-08-07 12:19:08.043956,False,"rutina realizada, todo en orden"
2465,42,2620.0,preventivo,14.0,2024-11-05 16:52:14.648478,2024-11-05 20:07:20.800823,False,pendiente revisión adicional
2466,42,2622.0,preventivo,14.0,2024-12-31 08:43:36.336966,2024-12-31 14:07:13.904517,True,"rutina realizada, todo en orden"
2467,42,2624.0,preventivo,14.0,2025-03-03 13:15:04.119919,2025-03-03 15:16:02.680151,False,s/n
2468,42,2625.0,preventivo,,2025-04-12 08:51:36.539673,2025-04-12 11:06:50.789674,False,"rutina realizada, todo en orden"
2469,42,2626.0,preventivo,14.0,2025-05-04 17:35:17.454225,2025-05-04 18:43:25.575850,False,cumplido
2470,42,2627.0,preventivo,14.0,2025-06-02 13:28:02.867894,2025-06-02 17:50:37.839785,False,OK sin observaciones
2471,42,2628.0,preventivo,14.0,2025-07-15 16:15:57.482189,2025-07-15 21:10:39.556658,True,cumplido
2472,42,2629.0,preventivo,14.0,2025-07-31 14:50:30.696200,2025-07-31 18:39:23.098902,False,se realizó tarea programada
2473,42,2630.0,preventivo,14.0,2025-08-30 06:59:40.722150,2025-08-30 11:41:48.589135,False,"rutina realizada, todo en orden"
2474,42,2631.0,preventivo,14.0,2025-09-26 06:10:18.003583,2025-09-26 11:37:51.102543,True,OK sin observaciones
2475,42,2632.0,preventivo,14.0,2025-10-25 11:37:40.753072,2025-10-25 13:09:52.103649,False,se realizó tarea programada
2476,79,2637.0,preventivo,14.0,2024-03-23 06:43:05.368054,2024-03-23 09:10:33.994738,False,s/n
2477,79,2638.0,preventivo,14.0,2024-04-22 13:11:51.830669,2024-04-22 14:52:19.558350,False,"rutina realizada, todo en orden"
2478,79,2639.0,preventivo,14.0,2024-06-06 09:36:16.934510,2024-06-06 12:02:29.142003,False,cumplido
2479,79,2640.0,preventivo,14.0,2024-06-23 11:47:43.118161,2024-06-23 14:54:38.465047,False,cumplido
2480,79,2641.0,preventivo,14.0,2024-07-23 17:25:46.796810,2024-07-23 23:03:29.262363,False,s/n
2481,79,2642.0,preventivo,14.0,2024-08-20 10:03:23.611852,2024-08-20 12:40:50.140891,False,OK sin observaciones
2482,79,2643.0,preventivo,14.0,2024-09-20 13:37:31.636858,2024-09-20 18:12:08.216841,False,se realizó tarea programada
2483,79,2644.0,preventivo,14.0,2024-10-18 17:12:50.250539,2024-10-18 19:52:10.147415,False,se realizó tarea programada
2484,79,2645.0,preventivo,14.0,2024-11-23 15:10:57.996505,2024-11-23 20:16:36.736057,False,OK sin observaciones
2485,79,2646.0,preventivo,14.0,2024-12-19 11:21:26.214305,2024-12-19 13:34:11.073350,True,"rutina realizada, todo en orden"
2486,79,2648.0,preventivo,14.0,2025-02-19 10:57:15.326173,2025-02-19 13:21:39.124244,False,OK sin observaciones
2487,79,2649.0,preventivo,14.0,2025-03-20 07:49:45.058606,2025-03-20 10:33:43.329547,False,pendiente revisión adicional
2488,79,2650.0,preventivo,14.0,2025-04-22 08:30:42.777178,2025-04-22 11:03:46.688220,False,"rutina realizada, todo en orden"
2489,79,2651.0,preventivo,14.0,2025-05-21 09:44:15.845984,2025-05-21 15:14:41.421488,False,"rutina realizada, todo en orden"
2490,79,2652.0,preventivo,14.0,2025-06-16 13:27:48.149329,2025-06-16 15:53:41.126719,False,se realizó tarea programada
2491,79,2653.0,preventivo,14.0,2025-07-18 06:48:18.352494,2025-07-18 10:10:55.122593,False,pendiente revisión adicional
2492,79,2654.0,preventivo,14.0,2025-08-30 14:26:17.600379,2025-08-30 17:57:01.435534,False,se realizó tarea programada
2493,79,2655.0,preventivo,14.0,2025-09-17 13:29:28.275495,2025-09-17 15:27:14.167834,False,se realizó tarea programada
2494,79,2656.0,preventivo,14.0,2025-10-13 14:33:42.406484,2025-10-13 19:38:31.921373,False,OK sin observaciones
2495,79,2657.0,preventivo,14.0,2025-11-14 08:54:00.083397,2025-11-14 10:31:18.946833,False,se realizó tarea programada
2496,80,2659.0,preventivo,14.0,2024-01-25 09:48:53.396144,2024-01-25 12:44:25.973498,False,pendiente revisión adicional
2497,80,2660.0,preventivo,14.0,2024-02-22 14:49:51.217538,2024-02-22 18:54:49.968746,False,se realizó tarea programada
2498,80,2661.0,preventivo,14.0,2024-03-25 13:40:34.639858,2024-03-25 19:26:54.641484,False,pendiente revisión adicional
2499,80,2662.0,preventivo,14.0,2024-04-20 08:28:54.826952,2024-04-20 10:37:23.246177,False,se realizó tarea programada
2500,80,2663.0,preventivo,14.0,2024-05-20 06:22:50.587692,2024-05-20 11:04:27.866485,False,s/n
2501,80,2664.0,preventivo,14.0,2024-06-19 09:02:47.806445,2024-06-19 13:32:58.761143,False,pendiente revisión adicional
2502,80,2665.0,preventivo,14.0,2024-08-04 11:05:46.604428,2024-08-04 16:34:17.409382,False,cumplido
2503,80,2666.0,preventivo,14.0,2024-08-21 06:51:40.279959,2024-08-21 10:25:18.171633,True,se realizó tarea programada
2504,80,2667.0,preventivo,14.0,2024-09-16 07:09:56.133370,2024-09-16 09:01:47.387579,False,tarea de rutina según plan
2505,80,2668.0,preventivo,14.0,2024-10-17 10:11:12.736496,2024-10-17 13:10:37.987759,False,"rutina realizada, todo en orden"
2506,80,2669.0,preventivo,14.0,2024-11-17 17:13:55.731912,2024-11-17 18:37:20.539248,False,OK sin observaciones
2507,80,2670.0,preventivo,14.0,2024-12-18 08:51:05.382039,2024-12-18 12:33:35.947158,False,s/n
2508,80,2671.0,preventivo,14.0,2025-01-17 07:51:18.621687,2025-01-17 12:14:25.205843,False,pendiente revisión adicional
2509,80,2673.0,preventivo,14.0,2025-03-16 08:19:46.778849,2025-03-16 10:45:37.485378,False,s/n
2510,80,2675.0,preventivo,14.0,2025-05-19 09:27:31.028954,2025-05-19 13:22:21.898823,False,OK sin observaciones
2511,80,2678.0,preventivo,14.0,2025-08-13 15:06:40.194213,2025-08-13 20:46:45.335152,False,pendiente revisión adicional
2512,80,2679.0,preventivo,14.0,2025-09-24 17:43:37.438302,2025-09-24 21:22:31.074636,False,"rutina realizada, todo en orden"
2513,80,2680.0,preventivo,14.0,2025-10-15 14:37:06.366680,2025-10-15 18:47:51.282380,False,se realizó tarea programada
2514,80,2681.0,preventivo,14.0,2025-11-14 14:36:29.227121,2025-11-14 19:21:31.565147,False,cumplido
2515,80,2682.0,preventivo,14.0,2025-12-18 17:39:27.324878,2025-12-18 22:56:48.198192,False,cumplido
2516,81,2684.0,preventivo,14.0,2024-02-15 15:24:29.154666,2024-02-15 17:36:31.341896,False,pendiente revisión adicional
2517,81,2685.0,preventivo,14.0,2024-03-21 13:43:14.247961,2024-03-21 15:18:13.625692,True,OK sin observaciones
2518,81,2686.0,preventivo,14.0,2024-04-17 09:42:29.979459,2024-04-17 13:56:46.241608,False,OK sin observaciones
2519,81,2687.0,preventivo,14.0,2024-05-17 11:39:54.595286,2024-05-17 16:13:13.898863,False,s/n
2520,81,2688.0,preventivo,14.0,2024-06-16 09:50:16.014802,2024-06-16 12:48:46.217319,False,pendiente revisión adicional
2521,81,2690.0,preventivo,14.0,2024-08-30 10:02:07.843303,2024-08-30 11:16:29.516076,False,cumplido
2522,81,2691.0,preventivo,,2024-09-16 06:26:02.587914,2024-09-16 12:04:47.419637,False,"rutina realizada, todo en orden"
2523,81,2693.0,preventivo,14.0,2024-11-10 13:27:13.369252,2024-11-10 17:32:34.604827,False,s/n
2524,81,2695.0,preventivo,14.0,2025-01-15 14:38:39.157987,2025-01-15 20:33:14.502557,False,tarea de rutina según plan
2525,81,2696.0,preventivo,14.0,2025-02-22 14:14:20.400862,2025-02-22 15:49:41.990411,True,"rutina realizada, todo en orden"
2526,81,2697.0,preventivo,14.0,2025-03-14 10:01:34.461464,2025-03-14 15:32:25.552069,False,tarea de rutina según plan
2527,81,2700.0,preventivo,14.0,2025-06-11 16:24:54.040955,2025-06-11 20:53:10.206896,False,pendiente revisión adicional
2528,81,2701.0,preventivo,14.0,2025-07-14 14:01:02.046003,2025-07-14 15:02:14.347593,False,tarea de rutina según plan
2529,81,2703.0,preventivo,14.0,2025-09-12 10:19:35.946321,2025-09-12 14:52:16.712846,False,tarea de rutina según plan
2530,81,2704.0,preventivo,14.0,2025-10-08 14:14:05.039211,2025-10-08 17:49:14.561582,False,se realizó tarea programada
2531,81,2705.0,preventivo,14.0,2025-11-10 11:13:28.058109,2025-11-10 14:54:11.154119,False,tarea de rutina según plan
2532,111,2707.0,preventivo,14.0,2024-01-09 14:02:58.700133,2024-01-09 15:45:21.380941,False,s/n
2533,111,2708.0,preventivo,14.0,2024-02-07 10:58:56.400384,2024-02-07 15:10:12.412102,False,OK sin observaciones
2534,111,2709.0,preventivo,,2024-03-17 10:21:11.314311,2024-03-17 13:52:19.512806,False,pendiente revisión adicional
2535,111,2710.0,preventivo,14.0,2024-04-10 13:20:33.215205,2024-04-10 18:44:38.300604,False,cumplido
2536,111,2712.0,preventivo,14.0,2024-06-06 14:18:57.913898,2024-06-06 16:42:59.874428,False,cumplido
2537,111,2713.0,preventivo,14.0,2024-07-11 11:32:37.324738,2024-07-11 14:33:45.233756,False,OK sin observaciones
2538,111,2716.0,preventivo,14.0,2024-10-06 16:03:14.748636,2024-10-06 17:46:19.239361,False,OK sin observaciones
2539,111,2717.0,preventivo,,2024-11-05 06:55:20.806075,2024-11-05 12:08:41.700290,False,se realizó tarea programada
2540,111,2718.0,preventivo,,2024-12-29 15:51:50.047580,2024-12-29 17:05:08.626582,True,"rutina realizada, todo en orden"
2541,111,2719.0,preventivo,,2025-01-05 14:07:32.030075,2025-01-05 17:22:24.877489,False,se realizó tarea programada
2542,111,2720.0,preventivo,14.0,2025-02-07 07:50:00.616518,2025-02-07 13:46:09.203516,False,"rutina realizada, todo en orden"
2543,111,2721.0,preventivo,14.0,2025-03-03 13:37:19.264635,2025-03-03 18:01:22.187756,False,cumplido
2544,111,2723.0,preventivo,14.0,2025-05-05 15:03:39.236834,2025-05-05 19:47:55.522684,True,tarea de rutina según plan
2545,111,2724.0,preventivo,14.0,2025-06-02 09:28:38.131707,2025-06-02 11:04:00.739171,True,pendiente revisión adicional
2546,111,2725.0,preventivo,14.0,2025-07-27 14:11:33.879445,2025-07-27 18:01:23.805219,False,"rutina realizada, todo en orden"
2547,111,2726.0,preventivo,14.0,2025-08-21 10:24:56.019763,2025-08-21 13:10:54.935951,False,tarea de rutina según plan
2548,111,2727.0,preventivo,14.0,2025-09-01 10:59:58.919903,2025-09-01 12:44:49.532490,False,se realizó tarea programada
2549,111,2728.0,preventivo,14.0,2025-10-05 17:22:22.851037,2025-10-05 19:34:03.676822,True,se realizó tarea programada
2550,111,2729.0,preventivo,14.0,2025-10-29 15:58:49.163624,2025-10-29 18:15:44.439269,False,OK sin observaciones
2551,111,2730.0,preventivo,,2025-11-28 11:57:56.773991,2025-11-28 14:19:04.428094,False,OK sin observaciones
2552,130,2732.0,preventivo,14.0,2024-01-07 17:04:58.285188,2024-01-07 20:28:12.222989,False,tarea de rutina según plan
2553,130,2735.0,preventivo,14.0,2024-04-04 10:26:33.999331,2024-04-04 11:42:51.470469,False,s/n
2554,130,2736.0,preventivo,14.0,2024-05-04 08:07:33.493596,2024-05-04 11:56:38.436355,False,tarea de rutina según plan
2555,130,2738.0,preventivo,14.0,2024-07-06 14:04:33.135456,2024-07-06 19:05:30.366416,False,s/n
2556,130,2739.0,preventivo,14.0,2024-08-04 16:48:10.042577,2024-08-04 18:23:08.663676,False,s/n
2557,130,2740.0,preventivo,14.0,2024-08-30 10:04:44.094815,2024-08-30 14:29:52.875650,False,se realizó tarea programada
2558,130,2741.0,preventivo,14.0,2024-10-03 06:49:30.788302,2024-10-03 10:30:44.969485,False,cumplido
2559,130,2742.0,preventivo,14.0,2024-11-06 13:25:16.358273,2024-11-06 18:21:15.287040,False,s/n
2560,130,2743.0,preventivo,14.0,2024-12-04 14:16:54.402300,2024-12-04 15:24:46.729341,False,s/n
2561,130,2744.0,preventivo,,2025-01-18 15:54:19.054735,2025-01-18 21:37:16.052801,False,pendiente revisión adicional
2562,130,2745.0,preventivo,14.0,2025-02-19 15:56:36.317926,2025-02-19 20:50:21.928468,False,s/n
2563,130,2746.0,preventivo,14.0,2025-03-03 13:45:07.479756,2025-03-03 17:48:56.380628,False,pendiente revisión adicional
2564,130,2747.0,preventivo,14.0,2025-04-16 12:18:42.460498,2025-04-16 17:21:14.660709,False,s/n
2565,130,2748.0,preventivo,14.0,2025-05-02 08:24:41.616772,2025-05-02 12:05:52.440357,False,tarea de rutina según plan
2566,130,2749.0,preventivo,14.0,2025-06-06 08:01:26.478052,2025-06-06 09:03:41.626709,False,cumplido
2567,130,2750.0,preventivo,14.0,2025-06-28 15:27:01.655357,2025-06-28 17:01:20.219801,False,s/n
2568,130,2751.0,preventivo,14.0,2025-08-19 15:18:17.764830,2025-08-19 16:41:13.170315,False,tarea de rutina según plan
2569,130,2752.0,preventivo,14.0,2025-08-26 15:20:34.382827,2025-08-26 16:58:25.038054,False,OK sin observaciones
2570,130,2753.0,preventivo,14.0,2025-09-24 12:25:57.357768,2025-09-24 16:53:45.426979,False,tarea de rutina según plan
2571,130,2754.0,preventivo,14.0,2025-10-29 15:31:36.697608,2025-10-29 18:31:12.640323,False,pendiente revisión adicional
2572,130,2755.0,preventivo,14.0,2025-11-27 09:01:00.550608,2025-11-27 11:30:53.074209,False,tarea de rutina según plan
2573,136,2757.0,preventivo,14.0,2024-02-08 14:33:51.545476,2024-02-08 18:31:57.326874,False,"rutina realizada, todo en orden"
2574,136,2758.0,preventivo,14.0,2024-02-23 09:11:41.010629,2024-02-23 12:35:51.013582,False,pendiente revisión adicional
2575,136,2760.0,preventivo,14.0,2024-04-19 09:15:08.578675,2024-04-19 14:35:17.580658,False,s/n
2576,136,2761.0,preventivo,14.0,2024-05-23 13:16:16.197332,2024-05-23 18:15:55.375053,False,se realizó tarea programada
2577,136,2762.0,preventivo,14.0,2024-06-17 07:18:26.127937,2024-06-17 11:27:04.535671,False,s/n
2578,136,2763.0,preventivo,14.0,2024-07-20 15:30:36.776025,2024-07-20 20:57:37.669483,False,"rutina realizada, todo en orden"
2579,136,2764.0,preventivo,14.0,2024-09-08 08:57:14.795527,2024-09-08 10:17:56.331705,False,cumplido
2580,136,2765.0,preventivo,14.0,2024-09-16 07:05:18.950669,2024-09-16 09:00:24.516039,False,pendiente revisión adicional
2581,136,2766.0,preventivo,14.0,2024-10-19 16:52:27.513105,2024-10-19 18:47:58.247197,False,cumplido
2582,136,2767.0,preventivo,14.0,2024-11-23 10:51:27.003975,2024-11-23 15:08:48.686831,False,tarea de rutina según plan
2583,136,2768.0,preventivo,14.0,2024-12-16 16:36:56.178045,2024-12-16 21:31:16.770110,False,se realizó tarea programada
2584,136,2769.0,preventivo,14.0,2025-01-16 16:13:54.106863,2025-01-16 19:40:43.356969,False,"rutina realizada, todo en orden"
2585,136,2770.0,preventivo,14.0,2025-02-11 12:28:30.525087,2025-02-11 17:35:13.605690,False,tarea de rutina según plan
2586,136,2773.0,preventivo,14.0,2025-05-18 13:16:36.092815,2025-05-18 14:27:42.571466,False,tarea de rutina según plan
2587,136,2774.0,preventivo,,2025-06-17 14:06:43.855919,2025-06-17 17:04:25.045978,False,"rutina realizada, todo en orden"
2588,136,2776.0,preventivo,14.0,2025-08-13 16:52:53.124277,2025-08-13 19:20:55.879693,False,pendiente revisión adicional
2589,136,2777.0,preventivo,14.0,2025-09-12 15:45:03.466003,2025-09-12 20:00:02.794503,False,tarea de rutina según plan
2590,136,2778.0,preventivo,14.0,2025-10-13 16:32:10.452982,2025-10-13 20:40:15.670179,False,tarea de rutina según plan
2591,136,2780.0,preventivo,14.0,2025-12-11 16:33:50.669128,2025-12-11 21:29:45.092365,False,pendiente revisión adicional
2592,144,2781.0,preventivo,14.0,2024-01-08 08:31:36.605579,2024-01-08 13:45:31.256459,False,"rutina realizada, todo en orden"
2593,144,2782.0,preventivo,14.0,2024-02-09 07:53:57.413239,2024-02-09 12:22:01.788702,False,tarea de rutina según plan
2594,144,2784.0,preventivo,14.0,2024-04-11 10:59:29.245368,2024-04-11 12:20:43.428934,False,OK sin observaciones
2595,144,2786.0,preventivo,14.0,2024-06-17 09:42:35.270397,2024-06-17 15:16:19.647923,False,s/n
2596,144,2787.0,preventivo,14.0,2024-07-11 14:06:29.420142,2024-07-11 17:10:02.248408,False,s/n
2597,144,2788.0,preventivo,14.0,2024-08-19 17:42:06.554199,2024-08-19 19:44:04.019876,False,cumplido
2598,144,2789.0,preventivo,14.0,2024-09-04 17:18:31.958034,2024-09-04 19:35:05.597638,False,se realizó tarea programada
2599,144,2790.0,preventivo,14.0,2024-10-08 17:39:12.291788,2024-10-08 19:01:57.214978,False,"rutina realizada, todo en orden"
2600,144,2791.0,preventivo,14.0,2024-11-07 11:52:02.157522,2024-11-07 17:04:15.884367,False,s/n
2601,144,2792.0,preventivo,14.0,2024-12-02 16:21:50.648841,2024-12-02 18:46:53.974403,False,se realizó tarea programada
2602,144,2793.0,preventivo,14.0,2025-01-27 07:56:31.210710,2025-01-27 11:14:37.346189,False,s/n
2603,144,2795.0,preventivo,14.0,2025-03-25 13:04:18.406350,2025-03-25 15:33:09.933085,False,pendiente revisión adicional
2604,144,2796.0,preventivo,,2025-04-04 11:34:26.659511,2025-04-04 15:09:16.705840,True,tarea de rutina según plan
2605,144,2798.0,preventivo,14.0,2025-06-02 13:15:18.170106,2025-06-02 16:39:39.576477,False,s/n
2606,144,2799.0,preventivo,14.0,2025-06-30 12:44:54.764062,2025-06-30 14:35:00.178270,True,"rutina realizada, todo en orden"
2607,144,2800.0,preventivo,14.0,2025-08-04 17:52:04.340400,2025-08-04 23:00:42.351288,False,se realizó tarea programada
2608,144,2801.0,preventivo,14.0,2025-09-03 12:58:13.049905,2025-09-03 17:14:06.062996,False,pendiente revisión adicional
2609,144,2802.0,preventivo,14.0,2025-09-28 10:18:11.899071,2025-09-28 11:26:19.787378,False,pendiente revisión adicional
2610,144,2803.0,preventivo,14.0,2025-10-28 11:42:40.115163,2025-10-28 13:25:07.358015,False,s/n
2611,144,2804.0,preventivo,14.0,2025-11-28 06:31:23.252660,2025-11-28 07:41:17.119978,False,tarea de rutina según plan
2612,146,2806.0,preventivo,14.0,2024-02-05 11:47:53.337251,2024-02-05 16:42:13.506711,False,se realizó tarea programada
2613,146,2807.0,preventivo,14.0,2024-03-13 11:58:20.295249,2024-03-13 16:00:22.053895,False,pendiente revisión adicional
2614,146,2810.0,preventivo,14.0,2024-05-17 08:46:20.851490,2024-05-17 12:15:44.324331,False,tarea de rutina según plan
2615,146,2811.0,preventivo,14.0,2024-06-19 13:20:49.551366,2024-06-19 17:45:57.304968,True,s/n
2616,146,2814.0,preventivo,14.0,2024-09-14 16:54:25.994021,2024-09-14 19:20:45.194918,False,OK sin observaciones
2617,146,2815.0,preventivo,14.0,2024-10-14 16:08:04.172950,2024-10-14 22:07:51.208003,False,pendiente revisión adicional
2618,146,2816.0,preventivo,,2024-11-18 15:06:01.996171,2024-11-18 18:44:53.743641,False,cumplido
2619,146,2818.0,preventivo,14.0,2025-01-14 15:21:34.951606,2025-01-14 17:58:40.295907,False,pendiente revisión adicional
2620,146,2819.0,preventivo,14.0,2025-02-13 08:54:46.109739,2025-02-13 14:31:16.755276,False,s/n
2621,146,2820.0,preventivo,14.0,2025-03-19 14:22:44.745181,2025-03-19 15:27:29.971427,True,"rutina realizada, todo en orden"
2622,146,2821.0,preventivo,14.0,2025-04-30 13:43:46.689058,2025-04-30 17:42:52.127453,False,tarea de rutina según plan
2623,146,2822.0,preventivo,14.0,2025-05-17 06:50:07.283625,2025-05-17 09:30:44.077743,False,tarea de rutina según plan
2624,146,2823.0,preventivo,14.0,2025-06-30 07:57:11.745061,2025-06-30 10:27:00.730852,False,OK sin observaciones
2625,146,2824.0,preventivo,14.0,2025-07-14 17:13:08.659895,2025-07-14 21:34:28.020777,False,s/n
2626,146,2825.0,preventivo,14.0,2025-08-13 16:04:12.100924,2025-08-13 20:21:55.391751,False,cumplido
2627,146,2827.0,preventivo,14.0,2025-10-13 15:19:00.652210,2025-10-13 16:42:32.908990,False,s/n
2628,146,2828.0,preventivo,,2025-11-14 11:34:41.458738,2025-11-14 13:41:34.409370,False,s/n
2629,146,2829.0,preventivo,14.0,2025-12-12 17:49:38.376200,2025-12-12 21:12:53.889618,False,se realizó tarea programada
2630,2,2831.0,preventivo,14.0,2024-08-16 11:18:40.990850,2024-08-16 16:10:49.031982,False,"rutina realizada, todo en orden"
2631,80,2832.0,preventivo,14.0,2025-04-10 07:42:22.983296,2025-04-10 13:41:48.950189,False,tarea de rutina según plan
2632,24,2833.0,preventivo,14.0,2025-11-05 17:47:31.305948,2025-11-05 18:59:11.665794,False,cumplido
2633,39,2835.0,preventivo,14.0,2024-07-09 07:17:07.536201,2024-07-09 12:46:19.462634,False,s/n
2634,90,2837.0,preventivo,14.0,2025-10-28 15:38:28.486281,2025-10-28 17:01:53.678876,False,se realizó tarea programada
2635,12,2838.0,preventivo,14.0,2024-11-07 12:43:07.175123,2024-11-07 17:37:00.176040,False,tarea de rutina según plan
2636,121,2839.0,preventivo,14.0,2024-05-08 11:38:14.475475,2024-05-08 15:44:00.925751,False,se realizó tarea programada
2637,90,2841.0,preventivo,14.0,2024-08-06 16:40:39.587742,2024-08-06 21:27:58.009147,False,pendiente revisión adicional
2638,76,2842.0,preventivo,14.0,2024-11-08 09:48:47.622888,2024-11-08 11:08:13.199024,False,"rutina realizada, todo en orden"
2639,47,2843.0,preventivo,,2025-09-14 13:34:10.226624,2025-09-14 19:23:59.584506,False,cumplido
2640,52,2845.0,preventivo,14.0,2024-10-10 17:59:45.356071,2024-10-10 22:59:39.327633,False,s/n
2641,104,2846.0,preventivo,14.0,2024-05-13 14:30:52.880511,2024-05-13 18:31:19.429114,False,pendiente revisión adicional
2642,47,2849.0,preventivo,14.0,2024-04-23 11:56:03.068322,2024-04-23 13:20:00.602202,False,tarea de rutina según plan
2643,19,2851.0,preventivo,14.0,2025-07-23 08:46:30.609537,2025-07-23 13:03:47.698324,False,"rutina realizada, todo en orden"
2644,99,2852.0,preventivo,14.0,2025-05-24 09:25:51.540790,2025-05-24 12:19:13.050068,False,se realizó tarea programada
2645,26,2853.0,preventivo,14.0,2025-08-11 06:28:32.090108,2025-08-11 08:28:52.262483,True,s/n
2646,18,2854.0,preventivo,14.0,2025-12-26 07:20:13.452738,2025-12-26 08:57:30.205083,False,"rutina realizada, todo en orden"
2647,2,2855.0,preventivo,14.0,2025-11-13 10:02:16.214331,2025-11-13 12:05:38.876907,False,tarea de rutina según plan
2648,85,2858.0,preventivo,14.0,2025-10-23 15:34:45.586666,2025-10-23 16:43:30.720631,False,cumplido
2649,130,2859.0,preventivo,14.0,2024-11-12 14:05:32.465996,2024-11-12 18:04:11.363998,True,cumplido
2650,41,2861.0,preventivo,14.0,2025-06-16 13:31:25.210782,2025-06-16 14:35:55.940444,False,"rutina realizada, todo en orden"
2651,66,2862.0,preventivo,14.0,2025-03-14 06:39:15.495023,2025-03-14 11:40:12.356557,False,OK sin observaciones
2652,44,2863.0,preventivo,14.0,2024-09-18 11:34:40.243157,2024-09-18 16:32:24.939073,False,pendiente revisión adicional
2653,4,2865.0,preventivo,14.0,2024-02-14 06:03:40.860567,2024-02-14 09:56:13.519071,False,"rutina realizada, todo en orden"
2654,129,2867.0,preventivo,14.0,2025-09-08 15:31:02.481071,2025-09-08 20:56:36.004041,False,tarea de rutina según plan
2655,92,2868.0,preventivo,14.0,2025-03-27 17:43:18.110835,2025-03-27 21:37:28.083733,False,OK sin observaciones
2656,83,2869.0,preventivo,14.0,2025-02-15 16:31:37.840363,2025-02-15 20:15:37.540523,False,pendiente revisión adicional
2657,111,2870.0,preventivo,14.0,2025-05-22 16:59:43.966840,2025-05-22 22:46:25.863782,False,s/n
2658,40,2872.0,preventivo,14.0,2025-07-22 12:13:00.888917,2025-07-22 14:40:07.624197,False,s/n
2659,144,2873.0,preventivo,14.0,2024-04-20 11:15:14.876050,2024-04-20 13:43:31.270806,False,"rutina realizada, todo en orden"
2660,135,2874.0,preventivo,14.0,2025-02-01 17:51:16.301549,2025-02-01 22:50:07.397740,False,cumplido
2661,3,2875.0,preventivo,14.0,2024-02-24 14:55:54.051194,2024-02-24 20:15:22.769968,False,s/n
2662,53,2876.0,preventivo,14.0,2025-01-26 12:02:26.339130,2025-01-26 13:36:34.576892,False,OK sin observaciones
2663,60,2877.0,preventivo,14.0,2025-11-22 13:57:44.123423,2025-11-22 19:30:49.998113,False,cumplido
2664,115,2878.0,preventivo,14.0,2025-10-25 15:19:36.534142,2025-10-25 20:16:37.474959,False,pendiente revisión adicional
2665,59,2879.0,preventivo,14.0,2024-05-29 15:03:12.257335,2024-05-29 19:02:57.779567,False,se realizó tarea programada
2666,70,2880.0,preventivo,14.0,2024-05-14 11:17:30.355502,2024-05-14 16:32:52.559908,False,cumplido
2667,141,2881.0,preventivo,14.0,2024-08-02 14:24:45.819930,2024-08-02 18:02:51.016912,False,tarea de rutina según plan
2668,102,2882.0,preventivo,14.0,2024-06-14 17:49:17.140106,2024-06-14 22:52:32.725380,False,pendiente revisión adicional
2669,36,2884.0,preventivo,14.0,2024-06-12 11:13:08.183192,2024-06-12 14:55:52.936380,False,se realizó tarea programada
2670,70,2885.0,preventivo,14.0,2025-10-09 11:22:34.894311,2025-10-09 15:04:25.498165,False,cumplido
2671,96,2886.0,preventivo,14.0,2025-10-10 13:23:40.621202,2025-10-10 14:40:39.037413,False,pendiente revisión adicional
2672,56,2887.0,preventivo,14.0,2024-11-01 17:09:59.053851,2024-11-01 20:24:47.276115,False,s/n
2673,13,2888.0,preventivo,14.0,2025-06-30 07:56:47.224362,2025-06-30 09:53:26.000879,False,cumplido
