log_id,planta_id,activo_id,fecha_hora,tipo_evento_id,descripcion
1,4,109.0,2024-01-01 02:22:30.553267,13,sin novedad
2,1,,2024-01-01 06:00:00.000000,20,normal
3,5,,2024-01-01 06:00:00.000000,21,ok
4,3,63.0,2024-01-01 12:16:51.742203,11,ok.
5,1,,2024-01-01 14:00:00.000000,20,ok
6,3,,2024-01-01 14:00:00.000000,20,s/n
7,1,36.0,2024-01-01 15:05:13.224113,16,restablecida sola
8,2,,2024-01-01 22:00:00.000000,20,normal
9,1,5.0,2024-01-01 22:58:37.897810,11,DRN OK
10,4,,2024-01-02 06:00:00.000000,22,s/n
11,5,,2024-01-02 06:00:00.000000,19,ok
12,2,,2024-01-02 06:00:00.000000,20,s/n
13,1,36.0,2024-01-02 18:21:09.402554,14,sin novedad
14,3,,2024-01-02 22:00:00.000000,22,
15,2,,2024-01-02 22:00:00.000000,20,
16,4,,2024-01-02 22:00:00.000000,22,normal
17,5,,2024-01-02 22:00:00.000000,21,normal
18,4,87.0,2024-01-02 22:05:58.491693,13,sin novedad
19,4,93.0,2024-01-03 00:43:46.351541,12,DRN OK
20,4,110.0,2024-01-03 02:58:52.771132,10,DRN OK
21,4,102.0,2024-01-03 05:08:01.236345,18,restablecida sola
22,3,,2024-01-03 06:00:00.000000,20,normal
23,1,30.0,2024-01-03 06:13:17.108483,12,ok.
24,5,127.0,2024-01-03 12:28:01.974524,13,OK
25,5,,2024-01-03 14:00:00.000000,19,s/n
26,2,,2024-01-03 14:00:00.000000,21,normal
27,2,52.0,2024-01-03 15:59:09.467906,15,sin intervencion
28,2,40.0,2024-01-03 18:30:40.133525,17,operador reseteo
29,2,,2024-01-03 22:00:00.000000,19,s/n
30,4,,2024-01-03 22:00:00.000000,19,s/n
31,5,118.0,2024-01-03 22:31:51.988673,10,ok.
32,2,48.0,2024-01-04 03:22:45.222245,13,ok.
33,4,98.0,2024-01-04 05:54:23.394017,13,
34,1,29.0,2024-01-04 05:59:06.555751,13,sin novedad
35,5,,2024-01-04 06:00:00.000000,19,ok
36,1,,2024-01-04 06:00:00.000000,19,ok
37,3,,2024-01-04 06:00:00.000000,22,s/n
38,5,122.0,2024-01-04 09:07:36.195693,16,sin intervencion
39,1,,2024-01-04 14:00:00.000000,20,s/n
40,3,66.0,2024-01-04 14:34:05.962823,14,purga completa
41,2,39.0,2024-01-04 21:10:21.738586,14,
42,5,,2024-01-04 22:00:00.000000,20,normal
43,4,104.0,2024-01-05 05:34:27.840234,17,sin intervencion
44,2,,2024-01-05 06:00:00.000000,20,normal
45,1,,2024-01-05 06:00:00.000000,22,ok
46,2,44.0,2024-01-05 06:44:59.046350,11,ok.
47,1,3.0,2024-01-05 11:52:48.246355,13,DRN OK
48,1,,2024-01-05 14:00:00.000000,20,normal
49,3,,2024-01-05 14:00:00.000000,21,ok
50,2,,2024-01-05 14:00:00.000000,20,normal
51,2,,2024-01-05 18:44:17.129110,29,
52,1,,2024-01-05 22:00:00.000000,22,ok
53,4,,2024-01-05 22:00:00.000000,21,normal
54,2,,2024-01-05 22:00:00.000000,22,s/n
55,2,57.0,2024-01-05 23:33:02.785080,13,purga completa
56,3,72.0,2024-01-06 01:32:51.481279,17,sin intervencion
57,4,102.0,2024-01-06 03:08:55.787819,11,
58,3,63.0,2024-01-06 05:18:58.362098,11,OK
59,2,,2024-01-06 06:00:00.000000,20,s/n
60,5,,2024-01-06 06:00:00.000000,21,normal
61,1,,2024-01-06 09:52:27.440184,28,
62,4,,2024-01-06 14:00:00.000000,19,s/n
63,2,,2024-01-06 14:00:00.000000,20,normal
64,1,,2024-01-06 14:00:00.000000,20,normal
65,2,53.0,2024-01-06 19:06:34.655292,18,sin intervencion
66,2,56.0,2024-01-06 21:08:52.294912,14,OK
67,4,,2024-01-06 22:00:00.000000,20,s/n
68,3,,2024-01-06 22:00:00.000000,20,ok
69,5,,2024-01-06 22:00:00.000000,22,normal
70,4,96.0,2024-01-07 03:19:29.784022,13,OK
71,1,,2024-01-07 06:00:00.000000,21,ok
72,4,,2024-01-07 06:00:00.000000,20,s/n
73,3,,2024-01-07 06:00:00.000000,19,normal
74,2,39.0,2024-01-07 08:21:27.930410,18,operador reseteo
75,1,30.0,2024-01-07 09:58:27.978667,5,
76,1,30.0,2024-01-07 12:14:13.381440,7,OK
77,1,15.0,2024-01-07 13:18:05.034668,5,ver OT
78,5,,2024-01-07 14:00:00.000000,21,s/n
79,4,,2024-01-07 14:00:00.000000,19,
80,1,,2024-01-07 14:00:00.000000,19,s/n
81,1,15.0,2024-01-07 18:26:12.332631,9,arranque normal
82,1,,2024-01-07 22:00:00.000000,20,s/n
83,3,,2024-01-07 22:00:00.000000,22,
84,4,,2024-01-07 22:00:00.000000,22,
85,2,,2024-01-07 22:00:00.000000,20,
86,3,,2024-01-08 06:00:00.000000,21,ok
87,5,,2024-01-08 06:00:00.000000,21,
88,4,,2024-01-08 06:00:00.000000,20,s/n
89,2,,2024-01-08 06:00:00.000000,20,normal
90,1,14.0,2024-01-08 06:11:22.717568,14,DRN OK
91,3,77.0,2024-01-08 06:22:22.945454,13,purga completa
92,1,14.0,2024-01-08 07:12:54.295977,16,sin intervencion
93,1,,2024-01-08 08:38:18.602778,26,
94,4,,2024-01-08 12:58:59.938431,23,aviso proveedor externo
95,4,,2024-01-08 14:00:00.000000,21,s/n
96,2,59.0,2024-01-08 14:45:33.014011,13,sin novedad
97,2,61.0,2024-01-08 17:19:22.209176,11,sin novedad
98,5,144.0,2024-01-08 19:33:04.939625,18,sin intervencion
99,2,41.0,2024-01-08 19:45:11.019732,4,ver OT
100,3,,2024-01-08 22:00:00.000000,20,ok
101,2,,2024-01-08 22:00:00.000000,21,normal
102,5,,2024-01-08 22:00:00.000000,22,normal
103,4,,2024-01-08 22:00:00.000000,21,normal
104,1,,2024-01-08 22:00:00.000000,22,s/n
105,4,92.0,2024-01-08 23:17:12.303606,17,sin intervencion
106,3,73.0,2024-01-08 23:28:24.116483,12,DRN OK
107,2,41.0,2024-01-09 01:47:44.604344,9,
108,5,140.0,2024-01-09 04:21:37.976153,13,purga completa
109,2,,2024-01-09 06:00:00.000000,20,normal
110,5,,2024-01-09 06:00:00.000000,20,normal
111,1,15.0,2024-01-09 12:50:15.011831,18,operador reseteo
112,2,,2024-01-09 14:00:00.000000,22,ok
113,2,39.0,2024-01-09 14:27:26.237555,14,sin novedad
114,2,57.0,2024-01-09 16:16:04.961036,11,
115,4,109.0,2024-01-09 17:07:42.871348,13,sin novedad
116,1,25.0,2024-01-09 17:34:28.028654,12,
117,3,64.0,2024-01-09 18:40:51.407453,18,sin intervencion
118,3,,2024-01-09 22:00:00.000000,20,s/n
119,5,,2024-01-09 22:00:00.000000,20,ok
120,2,45.0,2024-01-09 22:25:57.117349,10,OK
121,5,115.0,2024-01-10 01:53:27.709773,13,DRN OK
122,1,,2024-01-10 06:00:00.000000,21,ok
123,3,,2024-01-10 06:00:00.000000,21,normal
124,2,,2024-01-10 06:00:00.000000,19,
125,3,81.0,2024-01-10 11:20:28.723437,10,ok.
126,4,,2024-01-10 14:00:00.000000,22,
127,1,,2024-01-10 14:00:00.000000,22,
128,3,,2024-01-10 14:00:00.000000,20,s/n
129,5,,2024-01-10 14:00:00.000000,21,s/n
130,2,,2024-01-10 14:00:00.000000,20,s/n
131,2,57.0,2024-01-10 14:17:11.943755,14,DRN OK
132,2,45.0,2024-01-10 16:11:19.638509,10,DRN OK
133,4,100.0,2024-01-10 19:46:44.008195,14,DRN OK
134,2,61.0,2024-01-10 21:07:30.396096,18,operador reseteo
135,1,,2024-01-10 22:00:00.000000,20,
136,1,,2024-01-11 06:00:00.000000,19,normal
137,1,37.0,2024-01-11 11:11:45.605445,11,sin novedad
138,2,,2024-01-11 14:00:00.000000,21,s/n
139,4,,2024-01-11 14:00:00.000000,22,s/n
140,5,,2024-01-11 14:00:00.000000,19,s/n
141,2,46.0,2024-01-11 16:37:10.990821,14,sin novedad
142,1,,2024-01-11 22:00:00.000000,21,s/n
143,4,,2024-01-12 06:00:00.000000,20,
144,5,,2024-01-12 14:00:00.000000,22,s/n
145,3,,2024-01-12 22:00:00.000000,22,s/n
146,1,,2024-01-12 22:00:00.000000,22,normal
147,5,136.0,2024-01-13 05:08:25.032588,16,restablecida sola
148,3,,2024-01-13 06:00:00.000000,22,normal
149,1,,2024-01-13 06:00:00.000000,19,
150,1,,2024-01-13 08:48:55.965302,28,ver informe adjunto
151,2,,2024-01-13 14:00:00.000000,22,s/n
152,5,,2024-01-13 14:00:00.000000,19,normal
153,4,,2024-01-13 14:00:00.000000,22,s/n
154,1,12.0,2024-01-13 14:21:35.728138,11,ok.
155,5,138.0,2024-01-13 17:44:06.795219,12,
156,4,,2024-01-13 22:00:00.000000,20,s/n
157,3,68.0,2024-01-14 00:35:37.922518,13,DRN OK
158,3,,2024-01-14 01:46:01.018029,27,aviso proveedor externo
159,1,20.0,2024-01-14 02:18:59.315536,14,DRN OK
160,4,,2024-01-14 06:00:00.000000,20,ok
161,5,114.0,2024-01-14 12:13:06.783004,14,OK
162,2,,2024-01-14 14:00:00.000000,22,
163,1,,2024-01-14 14:00:00.000000,22,ok
164,4,,2024-01-14 14:00:00.000000,22,ok
165,3,,2024-01-14 14:00:00.000000,19,
166,1,27.0,2024-01-14 20:52:32.720841,1,por mantenimiento
167,2,41.0,2024-01-14 21:12:30.947426,11,sin novedad
168,4,,2024-01-14 22:00:00.000000,22,normal
169,5,,2024-01-14 22:00:00.000000,20,normal
170,2,,2024-01-14 22:00:00.000000,19,ok
171,1,,2024-01-14 22:00:00.000000,21,s/n
172,2,46.0,2024-01-15 01:53:39.428405,10,purga completa
173,2,46.0,2024-01-15 03:47:39.600683,10,ok.
174,3,66.0,2024-01-15 03:58:47.311811,1,ver OT
175,3,77.0,2024-01-15 04:42:10.415183,10,purga completa
176,2,,2024-01-15 06:00:00.000000,20,s/n
177,1,,2024-01-15 06:00:00.000000,22,normal
178,5,,2024-01-15 14:00:00.000000,20,normal
179,4,,2024-01-15 14:00:00.000000,20,s/n
180,2,,2024-01-15 14:00:00.000000,19,normal
181,4,91.0,2024-01-15 15:28:42.494458,11,OK
182,4,,2024-01-15 22:00:00.000000,20,normal
183,1,,2024-01-15 22:00:00.000000,19,s/n
184,2,,2024-01-15 22:00:00.000000,22,ok
185,3,,2024-01-15 22:00:00.000000,19,
186,1,30.0,2024-01-15 23:19:55.080962,18,sin intervencion
187,3,66.0,2024-01-15 23:24:36.413157,9,OK
188,2,59.0,2024-01-16 01:58:23.217071,17,restablecida sola
189,2,,2024-01-16 06:00:00.000000,19,normal
190,3,,2024-01-16 06:00:00.000000,21,ok
191,1,,2024-01-16 06:00:00.000000,20,ok
192,4,100.0,2024-01-16 08:24:52.029317,15,operador reseteo
193,4,109.0,2024-01-16 11:31:49.427212,18,restablecida sola
194,1,,2024-01-16 14:00:00.000000,19,
195,5,,2024-01-16 14:00:00.000000,21,normal
196,2,,2024-01-16 18:42:19.988220,29,
197,1,27.0,2024-01-16 18:48:36.433029,7,OK
198,2,54.0,2024-01-16 20:01:17.281132,12,DRN OK
199,3,,2024-01-16 22:00:00.000000,22,normal
200,5,,2024-01-16 22:00:00.000000,19,
201,4,,2024-01-16 22:00:00.000000,20,s/n
202,2,,2024-01-16 22:00:00.000000,21,normal
203,3,81.0,2024-01-16 23:42:01.429369,13,
204,2,54.0,2024-01-17 03:22:35.549536,13,DRN OK
205,1,19.0,2024-01-17 03:31:40.709300,14,sin novedad
206,2,,2024-01-17 06:00:00.000000,22,
207,1,,2024-01-17 06:00:00.000000,21,ok
208,4,,2024-01-17 06:00:00.000000,19,ok
209,3,,2024-01-17 06:00:00.000000,20,
210,4,112.0,2024-01-17 06:55:43.558376,3,ver OT
211,4,112.0,2024-01-17 08:58:35.780598,6,
212,1,,2024-01-17 14:00:00.000000,22,ok
213,2,,2024-01-17 14:00:00.000000,19,normal
214,5,,2024-01-17 14:00:00.000000,20,ok
215,3,,2024-01-17 14:00:00.000000,21,ok
216,2,,2024-01-17 22:00:00.000000,19,s/n
217,5,,2024-01-17 22:00:00.000000,20,normal
218,1,,2024-01-17 22:00:00.000000,20,
219,4,,2024-01-18 06:00:00.000000,20,
220,5,,2024-01-18 06:00:00.000000,20,normal
221,4,88.0,2024-01-18 07:14:18.405582,4,por mantenimiento
222,5,123.0,2024-01-18 09:05:29.134702,10,ok.
223,4,88.0,2024-01-18 12:51:10.892852,7,
224,4,112.0,2024-01-18 15:19:33.856312,11,ok.
225,1,2.0,2024-01-18 18:30:34.224903,13,purga completa
226,3,70.0,2024-01-18 21:05:03.657414,18,operador reseteo
227,4,,2024-01-18 22:00:00.000000,19,
228,3,,2024-01-18 22:00:00.000000,20,
229,4,96.0,2024-01-19 05:13:32.662239,17,operador reseteo
230,1,5.0,2024-01-19 05:26:49.537149,12,purga completa
231,4,,2024-01-19 06:00:00.000000,20,ok
232,3,,2024-01-19 06:00:00.000000,22,normal
233,5,,2024-01-19 06:00:00.000000,22,
234,3,66.0,2024-01-19 06:04:09.057059,10,ok.
235,1,17.0,2024-01-19 06:40:07.066091,13,sin novedad
236,3,64.0,2024-01-19 07:44:06.666892,13,DRN OK
237,1,2.0,2024-01-19 12:29:38.850524,14,
238,3,,2024-01-19 14:00:00.000000,20,s/n
239,1,17.0,2024-01-19 16:09:27.853041,14,ok.
240,3,68.0,2024-01-19 20:07:18.310861,14,DRN OK
241,5,,2024-01-19 22:00:00.000000,21,ok
242,1,,2024-01-19 22:00:00.000000,19,
243,2,,2024-01-19 22:00:00.000000,22,s/n
244,1,18.0,2024-01-20 02:52:17.521369,14,OK
245,2,,2024-01-20 06:00:00.000000,20,ok
246,1,18.0,2024-01-20 07:15:18.796566,12,sin novedad
247,4,95.0,2024-01-20 11:40:45.280819,12,
248,3,,2024-01-20 14:00:00.000000,22,
249,5,142.0,2024-01-20 14:26:06.415637,17,sin intervencion
250,4,91.0,2024-01-20 15:33:15.650894,3,por mantenimiento
251,4,,2024-01-20 22:00:00.000000,20,
252,2,,2024-01-20 22:00:00.000000,19,
253,3,79.0,2024-01-21 03:08:32.109509,12,OK
254,3,80.0,2024-01-21 04:17:51.523871,12,sin novedad
255,5,,2024-01-21 06:00:00.000000,19,normal
256,2,,2024-01-21 06:00:00.000000,22,normal
257,1,,2024-01-21 06:00:00.000000,22,normal
258,4,,2024-01-21 06:00:00.000000,20,
259,3,,2024-01-21 06:00:00.000000,19,s/n
260,1,19.0,2024-01-21 06:43:32.450892,10,purga completa
261,3,73.0,2024-01-21 09:04:26.483094,18,operador reseteo
262,2,41.0,2024-01-21 10:27:47.957457,14,purga completa
263,4,,2024-01-21 14:00:00.000000,21,ok
264,5,,2024-01-21 14:00:00.000000,21,
265,4,91.0,2024-01-21 15:36:42.004941,9,OK
266,2,57.0,2024-01-21 21:54:36.779101,14,DRN OK
267,2,,2024-01-21 22:00:00.000000,20,normal
268,2,61.0,2024-01-22 00:34:20.625116,15,operador reseteo
269,2,57.0,2024-01-22 00:34:42.533647,10,OK
270,4,92.0,2024-01-22 00:57:48.121502,12,ok.
271,5,126.0,2024-01-22 01:33:25.152273,10,sin novedad
272,3,65.0,2024-01-22 05:25:45.294009,16,operador reseteo
273,5,,2024-01-22 06:00:00.000000,21,normal
274,4,,2024-01-22 06:00:00.000000,21,
275,2,,2024-01-22 06:00:00.000000,20,
276,1,,2024-01-22 06:00:00.000000,22,ok
277,3,81.0,2024-01-22 07:01:01.105680,17,restablecida sola
278,3,77.0,2024-01-22 07:06:03.684764,12,purga completa
279,2,55.0,2024-01-22 07:11:57.684571,17,operador reseteo
280,4,98.0,2024-01-22 08:24:56.287872,10,sin novedad
281,1,17.0,2024-01-22 13:26:16.659632,2,ver OT
282,3,,2024-01-22 14:00:00.000000,19,s/n
283,5,,2024-01-22 14:00:00.000000,21,ok
284,2,,2024-01-22 14:00:00.000000,21,s/n
285,1,,2024-01-22 14:00:00.000000,20,ok
286,2,41.0,2024-01-22 17:12:15.358537,17,operador reseteo
287,1,17.0,2024-01-22 18:08:52.502593,16,restablecida sola
288,4,85.0,2024-01-22 20:16:14.955370,13,
289,4,,2024-01-22 22:00:00.000000,21,
290,3,,2024-01-22 22:00:00.000000,22,s/n
291,5,,2024-01-22 22:00:00.000000,20,
292,1,36.0,2024-01-23 03:52:09.030911,14,purga completa
293,2,,2024-01-23 06:00:00.000000,20,
294,1,,2024-01-23 06:00:00.000000,19,
295,4,,2024-01-23 06:00:00.000000,22,ok
296,3,,2024-01-23 06:00:00.000000,21,
297,1,19.0,2024-01-23 06:34:08.162433,1,ver OT
298,5,135.0,2024-01-23 08:49:24.518354,3,
299,1,19.0,2024-01-23 12:14:54.752993,9,
300,3,,2024-01-23 14:00:00.000000,22,
301,4,,2024-01-23 14:00:00.000000,19,ok
302,2,,2024-01-23 14:00:00.000000,19,
303,5,135.0,2024-01-23 14:33:59.545314,6,arranque normal
304,2,44.0,2024-01-23 20:26:00.389878,18,restablecida sola
305,1,,2024-01-23 22:00:00.000000,20,ok
306,4,,2024-01-23 22:00:00.000000,21,ok
307,3,,2024-01-23 22:00:00.000000,22,
308,5,,2024-01-23 22:00:00.000000,22,ok
309,2,,2024-01-23 22:00:00.000000,20,ok
310,4,92.0,2024-01-24 01:51:00.528955,10,purga completa
311,1,17.0,2024-01-24 05:55:40.508074,7,reanuda produccion
312,4,,2024-01-24 06:00:00.000000,19,normal
313,1,,2024-01-24 06:00:00.000000,22,normal
314,3,72.0,2024-01-24 06:47:42.305065,12,DRN OK
315,3,68.0,2024-01-24 06:59:53.480063,12,
316,3,,2024-01-24 14:00:00.000000,21,
317,2,,2024-01-24 14:00:00.000000,22,normal
318,4,87.0,2024-01-24 15:20:50.308163,11,sin novedad
319,5,121.0,2024-01-24 17:38:20.832965,17,operador reseteo
320,5,140.0,2024-01-24 21:53:28.636530,16,operador reseteo
321,4,,2024-01-24 22:00:00.000000,20,ok
322,5,,2024-01-24 22:00:00.000000,22,s/n
323,3,,2024-01-25 06:00:00.000000,22,s/n
324,5,141.0,2024-01-25 06:31:22.765584,18,restablecida sola
325,3,75.0,2024-01-25 10:56:29.312200,11,ok.
326,2,,2024-01-25 14:00:00.000000,20,
327,3,,2024-01-25 14:00:00.000000,20,
328,1,3.0,2024-01-25 14:17:38.608840,13,
329,1,18.0,2024-01-25 14:58:19.898841,11,
330,3,,2024-01-25 22:00:00.000000,19,s/n
331,5,,2024-01-25 22:00:00.000000,20,normal
332,2,53.0,2024-01-25 23:18:34.977394,18,sin intervencion
333,3,76.0,2024-01-26 00:29:21.557137,16,restablecida sola
334,1,6.0,2024-01-26 04:58:17.100554,13,purga completa
335,2,,2024-01-26 06:00:00.000000,21,normal
336,3,,2024-01-26 06:00:00.000000,20,normal
337,3,68.0,2024-01-26 06:09:29.549630,11,purga completa
338,4,108.0,2024-01-26 08:42:23.392133,13,purga completa
339,5,,2024-01-26 14:00:00.000000,22,ok
340,1,5.0,2024-01-26 18:56:56.460284,13,purga completa
341,3,80.0,2024-01-26 21:23:58.113401,11,DRN OK
342,5,138.0,2024-01-26 21:55:09.082401,12,sin novedad
343,4,,2024-01-26 22:00:00.000000,20,normal
344,3,64.0,2024-01-27 01:57:04.568127,13,ok.
345,1,,2024-01-27 06:00:00.000000,22,ok
346,5,,2024-01-27 06:00:00.000000,21,ok
347,5,125.0,2024-01-27 10:20:28.698216,12,ok.
348,3,66.0,2024-01-27 10:21:51.541483,15,sin intervencion
349,1,,2024-01-27 14:00:00.000000,20,ok
350,3,70.0,2024-01-27 14:48:14.282601,18,restablecida sola
351,1,13.0,2024-01-27 20:47:10.286349,5,
352,3,,2024-01-27 22:00:00.000000,22,normal
353,5,,2024-01-27 22:00:00.000000,21,s/n
354,5,130.0,2024-01-28 00:44:14.868936,16,restablecida sola
355,1,,2024-01-28 01:02:02.734874,24,
356,3,73.0,2024-01-28 03:50:23.235042,13,
357,3,73.0,2024-01-28 04:20:56.083571,11,ok.
358,4,,2024-01-28 06:00:00.000000,22,
359,2,,2024-01-28 06:00:00.000000,20,ok
360,3,,2024-01-28 06:00:00.000000,20,s/n
361,4,98.0,2024-01-28 06:06:46.876338,14,purga completa
362,3,77.0,2024-01-28 06:13:07.320620,10,DRN OK
363,5,,2024-01-28 14:00:00.000000,22,ok
364,3,,2024-01-28 14:00:00.000000,22,ok
365,5,,2024-01-28 15:54:44.612979,23,ver informe adjunto
366,4,,2024-01-28 22:00:00.000000,21,normal
367,2,,2024-01-28 22:00:00.000000,21,normal
368,1,,2024-01-28 22:00:00.000000,22,normal
369,4,111.0,2024-01-29 00:40:34.823316,12,sin novedad
370,2,,2024-01-29 06:00:00.000000,20,normal
371,3,,2024-01-29 06:00:00.000000,20,s/n
372,5,,2024-01-29 06:00:00.000000,21,
373,2,41.0,2024-01-29 06:15:01.234349,14,purga completa
374,1,21.0,2024-01-29 08:14:19.592334,11,
375,2,54.0,2024-01-29 10:03:08.458381,14,purga completa
376,4,100.0,2024-01-29 13:35:40.204981,15,operador reseteo
377,1,,2024-01-29 14:00:00.000000,20,
378,4,,2024-01-29 14:00:00.000000,22,
379,5,,2024-01-29 14:00:00.000000,21,normal
380,1,13.0,2024-01-29 20:01:29.876540,8,arranque normal
381,4,99.0,2024-01-29 20:49:02.556262,13,
382,1,,2024-01-29 22:00:00.000000,22,
383,1,2.0,2024-01-30 03:58:17.565860,11,
384,1,,2024-01-30 06:00:00.000000,19,ok
385,2,,2024-01-30 06:00:00.000000,22,
386,2,51.0,2024-01-30 10:32:53.050700,18,restablecida sola
387,2,47.0,2024-01-30 10:46:52.609069,18,sin intervencion
388,2,41.0,2024-01-30 10:57:36.174611,18,operador reseteo
389,1,,2024-01-30 15:26:54.265601,23,ver informe adjunto
390,3,73.0,2024-01-30 15:48:48.587947,10,
391,4,93.0,2024-01-30 16:13:07.266765,18,sin intervencion
392,3,69.0,2024-01-30 21:36:28.770743,17,restablecida sola
393,1,,2024-01-30 22:00:00.000000,20,normal
394,2,,2024-01-30 22:00:00.000000,22,ok
395,2,54.0,2024-01-30 22:43:18.422989,16,restablecida sola
396,2,,2024-01-31 00:01:49.012914,29,
397,2,40.0,2024-01-31 00:45:53.198877,11,purga completa
398,1,,2024-01-31 06:00:00.000000,20,ok
399,4,112.0,2024-01-31 08:51:39.555629,18,sin intervencion
400,2,,2024-01-31 14:00:00.000000,21,s/n
401,5,127.0,2024-01-31 15:31:06.889460,5,PARADA POR FALLA
402,5,114.0,2024-01-31 20:31:51.659740,17,operador reseteo
403,1,,2024-01-31 22:00:00.000000,21,ok
404,2,,2024-01-31 22:00:00.000000,20,normal
405,5,,2024-01-31 22:00:00.000000,21,s/n
406,5,146.0,2024-02-01 03:09:13.568204,13,sin novedad
407,5,127.0,2024-02-01 03:19:21.156385,8,arranque normal
408,1,,2024-02-01 06:00:00.000000,20,s/n
409,4,,2024-02-01 06:00:00.000000,21,normal
410,1,,2024-02-01 14:00:00.000000,21,normal
411,4,,2024-02-01 14:00:00.000000,22,normal
412,4,88.0,2024-02-01 18:46:40.383402,11,sin novedad
413,3,,2024-02-01 22:00:00.000000,19,normal
414,3,73.0,2024-02-01 23:40:19.666766,14,sin novedad
415,2,42.0,2024-02-02 05:02:22.472799,3,PARADA POR FALLA
416,3,75.0,2024-02-02 05:19:29.883121,11,sin novedad
417,4,,2024-02-02 06:00:00.000000,21,ok
418,2,,2024-02-02 06:00:00.000000,21,s/n
419,5,134.0,2024-02-02 07:26:11.013585,12,
420,5,122.0,2024-02-02 08:05:55.293968,13,purga completa
421,3,77.0,2024-02-02 08:11:05.626700,13,purga completa
422,2,59.0,2024-02-02 10:34:23.169838,18,restablecida sola
423,4,,2024-02-02 14:00:00.000000,22,ok
424,2,,2024-02-02 14:00:00.000000,22,normal
425,5,,2024-02-02 14:00:00.000000,22,s/n
426,5,126.0,2024-02-02 19:27:33.124535,17,operador reseteo
427,5,,2024-02-02 22:00:00.000000,20,s/n
428,1,,2024-02-02 22:00:00.000000,22,normal
429,2,,2024-02-02 22:00:00.000000,22,normal
430,4,,2024-02-02 22:00:00.000000,21,s/n
431,4,84.0,2024-02-03 05:20:41.151084,18,sin intervencion
432,1,,2024-02-03 06:00:00.000000,19,normal
433,3,,2024-02-03 06:00:00.000000,22,s/n
434,4,,2024-02-03 06:00:00.000000,22,ok
435,5,,2024-02-03 06:00:00.000000,21,normal
436,3,75.0,2024-02-03 09:58:55.870262,2,
437,3,,2024-02-03 12:04:14.606767,27,ver informe adjunto
438,3,81.0,2024-02-03 17:13:36.167705,10,
439,3,73.0,2024-02-03 21:40:30.227662,17,restablecida sola
440,1,,2024-02-03 22:00:00.000000,22,
441,5,,2024-02-03 22:00:00.000000,19,ok
442,2,,2024-02-03 22:00:00.000000,22,s/n
443,3,68.0,2024-02-03 23:23:33.516839,11,ok.
444,2,42.0,2024-02-04 01:08:12.986790,6,OK
445,2,48.0,2024-02-04 01:36:25.109917,14,ok.
446,3,75.0,2024-02-04 02:27:36.773901,7,arranque normal
447,1,32.0,2024-02-04 02:40:46.883251,10,ok.
448,3,71.0,2024-02-04 02:58:57.301658,14,OK
449,5,,2024-02-04 06:00:00.000000,20,s/n
450,5,127.0,2024-02-04 08:38:47.493862,11,OK
451,2,57.0,2024-02-04 10:18:53.011434,12,
452,5,,2024-02-04 14:00:00.000000,20,
453,1,,2024-02-04 14:00:00.000000,19,normal
454,2,,2024-02-04 14:00:00.000000,20,ok
455,5,135.0,2024-02-04 14:52:55.778596,2,PARADA POR FALLA
456,4,107.0,2024-02-04 16:19:01.138461,11,
457,4,83.0,2024-02-04 19:46:00.989545,11,DRN OK
458,2,,2024-02-04 22:00:00.000000,19,
459,1,,2024-02-04 22:00:00.000000,19,normal
460,1,26.0,2024-02-05 00:32:28.139981,15,sin intervencion
461,1,,2024-02-05 06:00:00.000000,19,ok
462,5,135.0,2024-02-05 07:55:18.360152,9,reanuda produccion
463,4,104.0,2024-02-05 10:42:21.519181,12,purga completa
464,5,,2024-02-05 14:00:00.000000,22,ok
465,2,,2024-02-05 14:00:00.000000,22,
466,4,,2024-02-05 14:00:00.000000,19,
467,1,,2024-02-05 14:00:00.000000,22,ok
468,3,,2024-02-05 14:00:00.000000,22,
469,2,42.0,2024-02-05 18:24:40.219429,14,purga completa
470,4,111.0,2024-02-05 19:10:32.108564,10,DRN OK
471,2,44.0,2024-02-05 19:27:30.300834,13,DRN OK
472,2,48.0,2024-02-05 21:16:23.307780,13,DRN OK
473,4,,2024-02-05 22:00:00.000000,21,s/n
474,3,,2024-02-05 22:00:00.000000,21,
475,2,,2024-02-05 22:00:00.000000,21,ok
476,1,20.0,2024-02-06 03:44:25.864734,14,sin novedad
477,5,118.0,2024-02-06 05:32:54.884506,18,restablecida sola
478,4,,2024-02-06 06:00:00.000000,22,s/n
479,2,,2024-02-06 06:00:00.000000,21,s/n
480,1,13.0,2024-02-06 06:32:26.110835,12,ok.
481,1,32.0,2024-02-06 12:29:30.171682,13,purga completa
482,1,,2024-02-06 14:00:00.000000,22,
483,2,,2024-02-06 14:00:00.000000,21,s/n
484,4,,2024-02-06 14:00:00.000000,22,ok
485,3,,2024-02-06 14:00:00.000000,22,ok
486,3,68.0,2024-02-06 15:32:33.337077,11,DRN OK
487,4,,2024-02-06 22:00:00.000000,20,ok
488,2,,2024-02-06 22:00:00.000000,20,ok
489,3,,2024-02-06 22:00:00.000000,21,s/n
490,1,,2024-02-06 22:00:00.000000,20,ok
491,4,88.0,2024-02-06 22:20:47.840820,12,DRN OK
492,2,42.0,2024-02-07 05:44:47.640978,10,DRN OK
493,3,,2024-02-07 06:00:00.000000,19,normal
494,2,,2024-02-07 06:00:00.000000,20,ok
495,1,,2024-02-07 14:00:00.000000,22,normal
496,4,,2024-02-07 14:00:00.000000,21,ok
497,3,,2024-02-07 14:00:00.000000,21,
498,5,139.0,2024-02-07 15:43:36.828681,13,sin novedad
499,5,116.0,2024-02-07 19:01:21.943970,10,OK
500,3,,2024-02-07 22:00:00.000000,21,normal
501,4,,2024-02-07 22:00:00.000000,21,ok
502,1,,2024-02-07 22:00:00.000000,19,normal
503,2,56.0,2024-02-07 22:38:59.859896,14,
504,1,,2024-02-08 06:00:00.000000,21,normal
505,5,,2024-02-08 06:00:00.000000,19,
506,2,42.0,2024-02-08 07:54:25.101061,12,DRN OK
507,4,111.0,2024-02-08 07:56:37.661522,12,DRN OK
508,1,6.0,2024-02-08 10:52:32.596040,3,por mantenimiento
509,1,10.0,2024-02-08 13:25:58.752526,16,operador reseteo
510,1,,2024-02-08 14:00:00.000000,22,normal
511,5,134.0,2024-02-08 16:25:05.940960,12,sin novedad
512,2,41.0,2024-02-08 16:51:03.546597,12,DRN OK
513,1,30.0,2024-02-08 19:26:16.951034,13,sin novedad
514,2,55.0,2024-02-08 21:58:57.953107,16,operador reseteo
515,4,,2024-02-08 22:00:00.000000,19,normal
516,2,,2024-02-08 22:00:00.000000,21,s/n
517,5,,2024-02-08 22:00:00.000000,21,normal
518,1,6.0,2024-02-08 22:39:41.561961,8,reanuda produccion
519,2,57.0,2024-02-09 02:54:39.282713,15,sin intervencion
520,1,,2024-02-09 06:00:00.000000,19,s/n
521,4,,2024-02-09 06:00:00.000000,21,ok
522,2,,2024-02-09 08:19:27.538599,27,aviso proveedor externo
523,1,17.0,2024-02-09 11:05:58.377989,13,DRN OK
524,3,75.0,2024-02-09 11:54:01.538749,15,restablecida sola
525,3,81.0,2024-02-09 13:42:59.190797,13,DRN OK
526,2,,2024-02-09 14:00:00.000000,22,
527,3,68.0,2024-02-09 17:02:44.185920,3,por mantenimiento
528,5,,2024-02-09 22:00:00.000000,20,ok
529,3,,2024-02-09 22:00:00.000000,22,s/n
530,2,,2024-02-09 22:00:00.000000,19,
531,1,,2024-02-09 22:00:00.000000,20,
532,3,68.0,2024-02-09 23:09:31.105268,6,
533,4,95.0,2024-02-10 05:32:44.669658,14,DRN OK
534,2,,2024-02-10 06:00:00.000000,21,s/n
535,3,63.0,2024-02-10 08:46:52.053991,15,sin intervencion
536,2,,2024-02-10 14:00:00.000000,20,s/n
537,1,,2024-02-10 14:00:00.000000,21,s/n
538,2,,2024-02-10 22:00:00.000000,21,s/n
539,3,,2024-02-10 22:00:00.000000,20,s/n
540,1,,2024-02-10 22:00:00.000000,22,normal
541,5,124.0,2024-02-11 00:37:48.702959,12,purga completa
542,1,,2024-02-11 06:00:00.000000,22,normal
543,2,,2024-02-11 06:00:00.000000,19,ok
544,4,,2024-02-11 06:00:00.000000,20,
545,4,105.0,2024-02-11 07:30:33.143885,16,operador reseteo
546,1,,2024-02-11 14:00:00.000000,19,ok
547,3,,2024-02-11 14:00:00.000000,21,
548,5,,2024-02-11 14:00:00.000000,22,
549,4,,2024-02-11 14:00:00.000000,19,normal
550,2,,2024-02-11 14:00:00.000000,21,ok
551,2,41.0,2024-02-11 14:58:13.922762,13,purga completa
552,5,,2024-02-11 16:32:05.173205,27,ver informe adjunto
553,3,75.0,2024-02-11 18:58:52.567379,18,restablecida sola
554,2,39.0,2024-02-11 19:26:59.483113,13,ok.
555,4,105.0,2024-02-11 20:24:10.053970,11,OK
556,1,,2024-02-11 22:00:00.000000,22,s/n
557,4,,2024-02-12 06:00:00.000000,19,ok
558,1,,2024-02-12 06:00:00.000000,20,ok
559,2,,2024-02-12 06:00:00.000000,21,s/n
560,4,111.0,2024-02-12 07:05:29.980244,13,
561,3,68.0,2024-02-12 11:47:33.543643,18,operador reseteo
562,5,133.0,2024-02-12 12:52:15.013033,10,OK
563,1,,2024-02-12 14:00:00.000000,22,s/n
564,3,76.0,2024-02-12 19:33:23.860862,18,sin intervencion
565,3,73.0,2024-02-12 20:07:01.824321,12,OK
566,4,96.0,2024-02-12 20:40:27.535310,11,purga completa
567,3,73.0,2024-02-12 20:44:21.911475,12,OK
568,5,,2024-02-12 22:00:00.000000,19,normal
569,2,,2024-02-12 22:00:00.000000,22,
570,4,,2024-02-12 22:00:00.000000,19,
571,1,31.0,2024-02-13 02:10:50.796282,13,DRN OK
572,3,,2024-02-13 06:00:00.000000,22,normal
573,1,,2024-02-13 06:00:00.000000,19,s/n
574,4,,2024-02-13 06:00:00.000000,22,ok
575,2,,2024-02-13 09:12:06.090592,27,ver informe adjunto
576,1,,2024-02-13 14:00:00.000000,21,normal
577,5,,2024-02-13 14:00:00.000000,19,
578,2,54.0,2024-02-13 15:10:30.105660,16,operador reseteo
579,3,64.0,2024-02-13 19:21:02.675297,13,OK
580,2,,2024-02-13 22:00:00.000000,21,normal
581,4,,2024-02-13 22:00:00.000000,20,
582,3,,2024-02-13 22:00:00.000000,20,ok
583,3,66.0,2024-02-14 02:44:10.592316,16,restablecida sola
584,4,103.0,2024-02-14 05:48:25.330610,18,sin intervencion
585,5,,2024-02-14 06:00:00.000000,22,ok
586,4,,2024-02-14 06:00:00.000000,20,ok
587,5,116.0,2024-02-14 06:09:42.452752,15,sin intervencion
588,3,68.0,2024-02-14 07:03:51.627631,13,OK
589,4,90.0,2024-02-14 07:10:18.796048,12,sin novedad
590,4,107.0,2024-02-14 10:42:16.128759,15,operador reseteo
591,2,54.0,2024-02-14 11:54:55.667087,14,sin novedad
592,2,,2024-02-14 14:00:00.000000,21,
593,4,,2024-02-14 14:00:00.000000,21,
594,5,,2024-02-14 14:00:00.000000,19,ok
595,1,,2024-02-14 14:00:00.000000,22,normal
596,3,,2024-02-14 14:00:00.000000,21,s/n
597,5,,2024-02-14 22:00:00.000000,20,s/n
598,3,,2024-02-14 22:00:00.000000,21,normal
599,1,6.0,2024-02-14 22:51:38.697377,12,OK
600,5,119.0,2024-02-15 00:07:43.657800,10,purga completa
601,5,,2024-02-15 06:00:00.000000,21,
602,3,,2024-02-15 06:00:00.000000,19,ok
603,2,,2024-02-15 06:00:00.000000,22,normal
604,4,,2024-02-15 06:00:00.000000,21,
605,2,45.0,2024-02-15 06:36:50.840228,14,OK
606,5,116.0,2024-02-15 12:20:01.594568,10,OK
607,1,,2024-02-15 14:00:00.000000,20,
608,4,,2024-02-15 14:00:00.000000,22,
609,3,,2024-02-15 14:00:00.000000,22,
610,2,45.0,2024-02-15 20:39:03.766191,12,purga completa
611,1,,2024-02-15 22:00:00.000000,19,
612,2,,2024-02-15 22:00:00.000000,20,ok
613,3,,2024-02-15 22:00:00.000000,22,s/n
614,4,,2024-02-15 22:00:00.000000,21,s/n
615,5,127.0,2024-02-16 02:53:52.924380,18,operador reseteo
616,3,,2024-02-16 06:00:00.000000,21,normal
617,5,125.0,2024-02-16 06:56:21.098475,14,sin novedad
618,2,41.0,2024-02-16 10:33:26.569643,15,sin intervencion
619,2,54.0,2024-02-16 11:56:09.310299,16,operador reseteo
620,2,,2024-02-16 14:00:00.000000,22,
621,3,,2024-02-16 14:00:00.000000,20,
622,5,,2024-02-16 14:00:00.000000,22,ok
623,1,,2024-02-16 14:00:00.000000,19,
624,5,116.0,2024-02-16 14:13:39.586685,16,sin intervencion
625,5,122.0,2024-02-16 14:41:25.655131,16,restablecida sola
626,5,126.0,2024-02-16 16:10:12.824069,1,
627,5,121.0,2024-02-16 20:35:27.285586,4,por mantenimiento
628,1,,2024-02-16 22:00:00.000000,22,normal
629,3,,2024-02-16 22:00:00.000000,19,ok
630,2,,2024-02-16 22:00:00.000000,20,
631,1,33.0,2024-02-17 00:30:51.944133,11,sin novedad
632,2,45.0,2024-02-17 05:02:20.660906,13,DRN OK
633,1,,2024-02-17 06:00:00.000000,22,normal
634,3,,2024-02-17 06:00:00.000000,19,
635,3,76.0,2024-02-17 08:40:50.795273,13,DRN OK
636,5,126.0,2024-02-17 10:43:33.302741,6,arranque normal
637,4,85.0,2024-02-17 12:21:39.072106,10,purga completa
638,3,65.0,2024-02-17 20:00:06.688788,10,OK
639,5,,2024-02-17 22:00:00.000000,20,s/n
640,3,,2024-02-17 22:00:00.000000,21,normal
641,4,85.0,2024-02-17 22:05:17.633682,16,restablecida sola
642,1,21.0,2024-02-18 05:28:47.664622,10,ok.
643,1,,2024-02-18 06:00:00.000000,22,
644,3,,2024-02-18 06:00:00.000000,21,normal
645,5,123.0,2024-02-18 09:40:21.331364,12,OK
646,4,91.0,2024-02-18 11:04:44.447082,11,sin novedad
647,2,,2024-02-18 14:00:00.000000,22,ok
648,3,,2024-02-18 14:00:00.000000,21,
649,5,121.0,2024-02-18 19:53:14.357166,7,OK
650,4,102.0,2024-02-18 21:57:56.330245,16,restablecida sola
651,5,,2024-02-18 22:00:00.000000,19,s/n
652,4,,2024-02-18 22:00:00.000000,20,s/n
653,2,59.0,2024-02-18 23:35:39.321956,14,ok.
654,1,27.0,2024-02-19 00:54:17.624153,12,DRN OK
655,1,21.0,2024-02-19 01:25:06.062079,15,sin intervencion
656,5,116.0,2024-02-19 02:01:08.181968,14,
657,3,64.0,2024-02-19 04:52:16.944075,13,ok.
658,3,70.0,2024-02-19 05:16:47.149437,14,purga completa
659,3,,2024-02-19 06:00:00.000000,19,s/n
660,2,,2024-02-19 06:00:00.000000,22,ok
661,2,56.0,2024-02-19 09:52:00.520194,14,
662,2,46.0,2024-02-19 10:49:48.871653,14,purga completa
663,2,,2024-02-19 14:00:00.000000,22,ok
664,5,,2024-02-19 14:00:00.000000,20,s/n
665,5,135.0,2024-02-19 14:15:53.148835,2,ver OT
666,2,54.0,2024-02-19 15:40:56.627454,14,purga completa
667,4,84.0,2024-02-19 17:01:28.884957,12,ok.
668,4,90.0,2024-02-19 17:43:59.207026,1,PARADA POR FALLA
669,2,46.0,2024-02-19 19:06:00.159987,16,sin intervencion
670,4,,2024-02-19 19:40:18.949234,25,aviso proveedor externo
671,3,,2024-02-19 19:40:21.032383,28,ver informe adjunto
672,4,107.0,2024-02-19 20:18:11.342245,10,OK
673,4,90.0,2024-02-19 21:13:47.695013,7,reanuda produccion
674,2,45.0,2024-02-19 21:22:17.255917,12,
675,5,,2024-02-19 22:00:00.000000,22,ok
676,4,,2024-02-19 22:00:00.000000,20,
677,2,,2024-02-19 22:00:00.000000,22,normal
678,1,,2024-02-19 22:00:00.000000,20,ok
679,1,37.0,2024-02-20 00:14:35.479185,12,purga completa
680,5,142.0,2024-02-20 03:14:10.268883,14,OK
681,5,,2024-02-20 06:00:00.000000,20,
682,1,,2024-02-20 06:00:00.000000,22,s/n
683,2,,2024-02-20 06:00:00.000000,21,
684,4,85.0,2024-02-20 11:27:19.287297,10,ok.
685,2,54.0,2024-02-20 11:43:00.509172,12,purga completa
686,1,31.0,2024-02-20 13:07:23.067021,17,operador reseteo
687,1,,2024-02-20 14:00:00.000000,20,ok
688,5,,2024-02-20 14:00:00.000000,19,
689,4,,2024-02-20 14:00:00.000000,20,normal
690,4,,2024-02-20 17:40:08.218515,23,
691,3,69.0,2024-02-20 18:24:56.829922,14,OK
692,3,,2024-02-20 22:00:00.000000,20,normal
693,1,,2024-02-20 22:00:00.000000,22,s/n
694,2,,2024-02-20 22:00:00.000000,22,normal
695,4,,2024-02-20 22:00:00.000000,19,
696,1,27.0,2024-02-20 22:41:21.949060,2,por mantenimiento
697,4,112.0,2024-02-21 05:09:21.865511,13,
698,4,87.0,2024-02-21 05:27:43.689059,10,
699,4,,2024-02-21 06:00:00.000000,21,normal
700,3,,2024-02-21 06:00:00.000000,21,ok
701,5,,2024-02-21 06:00:00.000000,22,
702,1,32.0,2024-02-21 06:16:53.894464,15,sin intervencion
703,5,135.0,2024-02-21 07:57:13.001543,9,arranque normal
704,4,95.0,2024-02-21 09:35:21.912090,13,purga completa
705,3,,2024-02-21 14:00:00.000000,19,
706,1,,2024-02-21 14:00:00.000000,21,
707,4,,2024-02-21 14:00:00.000000,22,ok
708,2,,2024-02-21 14:00:00.000000,21,ok
709,3,73.0,2024-02-21 16:13:48.844021,18,operador reseteo
710,2,48.0,2024-02-21 17:09:28.725665,10,sin novedad
711,1,27.0,2024-02-21 19:55:03.441054,9,
712,5,,2024-02-21 22:00:00.000000,19,
713,2,,2024-02-21 22:00:00.000000,22,normal
714,1,4.0,2024-02-21 23:17:54.935666,11,ok.
715,1,6.0,2024-02-22 03:14:11.886222,12,sin novedad
716,2,60.0,2024-02-22 04:00:12.030677,14,purga completa
717,4,98.0,2024-02-22 04:19:42.579916,3,por mantenimiento
718,3,,2024-02-22 06:00:00.000000,19,s/n
719,2,48.0,2024-02-22 06:06:13.401280,13,purga completa
720,1,8.0,2024-02-22 08:24:31.919514,11,OK
721,1,19.0,2024-02-22 13:04:01.494537,11,
722,5,,2024-02-22 14:00:00.000000,21,ok
723,4,,2024-02-22 14:00:00.000000,20,ok
724,2,,2024-02-22 14:00:00.000000,21,s/n
725,4,96.0,2024-02-22 17:52:24.273215,16,sin intervencion
726,3,69.0,2024-02-22 18:18:00.673595,17,restablecida sola
727,4,98.0,2024-02-22 19:03:04.111161,9,reanuda produccion
728,1,33.0,2024-02-22 20:37:02.469375,18,sin intervencion
729,5,,2024-02-22 22:00:00.000000,20,
730,1,,2024-02-22 22:00:00.000000,21,
731,2,51.0,2024-02-23 04:26:34.559830,18,operador reseteo
732,4,85.0,2024-02-23 04:39:49.124657,13,sin novedad
733,5,144.0,2024-02-23 16:06:25.108428,17,sin intervencion
734,2,39.0,2024-02-23 17:51:02.742383,14,
735,2,51.0,2024-02-23 18:09:58.307588,13,OK
736,3,,2024-02-23 22:00:00.000000,21,
737,5,,2024-02-23 22:00:00.000000,19,normal
738,2,,2024-02-23 22:00:00.000000,19,s/n
739,4,,2024-02-23 22:00:00.000000,21,ok
740,2,39.0,2024-02-24 03:33:56.959724,10,sin novedad
741,4,91.0,2024-02-24 05:45:25.151954,10,sin novedad
742,4,,2024-02-24 06:00:00.000000,21,
743,1,,2024-02-24 06:00:00.000000,20,normal
744,2,,2024-02-24 06:00:00.000000,21,
745,4,99.0,2024-02-24 09:04:12.880322,16,sin intervencion
746,2,,2024-02-24 14:00:00.000000,19,
747,4,,2024-02-24 14:00:00.000000,21,normal
748,5,,2024-02-24 14:00:00.000000,19,ok
749,3,73.0,2024-02-24 20:15:04.975068,10,ok.
750,5,126.0,2024-02-24 20:39:45.140588,11,OK
751,4,,2024-02-24 22:00:00.000000,19,s/n
752,2,,2024-02-24 22:00:00.000000,19,
753,1,30.0,2024-02-25 02:39:06.890252,14,sin novedad
754,4,,2024-02-25 06:00:00.000000,21,normal
755,2,,2024-02-25 06:00:00.000000,21,
756,1,,2024-02-25 06:00:00.000000,22,
757,1,,2024-02-25 14:00:00.000000,21,s/n
758,2,,2024-02-25 14:00:00.000000,19,
759,3,,2024-02-25 14:00:00.000000,19,s/n
760,4,105.0,2024-02-25 19:24:33.261891,14,
761,1,10.0,2024-02-25 20:33:50.698782,10,OK
762,2,,2024-02-25 22:00:00.000000,21,s/n
763,1,,2024-02-25 22:00:00.000000,20,
764,4,,2024-02-26 06:00:00.000000,22,s/n
765,3,,2024-02-26 06:00:00.000000,20,ok
766,1,,2024-02-26 14:00:00.000000,19,normal
767,5,,2024-02-26 14:00:00.000000,21,normal
768,4,,2024-02-26 14:00:00.000000,21,ok
769,4,107.0,2024-02-26 19:03:02.351900,10,purga completa
770,4,,2024-02-26 22:00:00.000000,22,normal
771,5,,2024-02-26 22:00:00.000000,22,s/n
772,3,,2024-02-26 22:00:00.000000,20,
773,2,,2024-02-26 22:00:00.000000,21,
774,5,135.0,2024-02-26 22:10:21.511989,2,
775,1,3.0,2024-02-26 23:10:00.270133,14,
776,3,69.0,2024-02-27 05:04:58.287263,10,OK
777,5,,2024-02-27 06:00:00.000000,19,
778,2,,2024-02-27 06:00:00.000000,22,
779,3,,2024-02-27 06:00:00.000000,21,s/n
780,1,,2024-02-27 06:00:00.000000,22,
781,4,,2024-02-27 06:00:00.000000,19,ok
782,4,104.0,2024-02-27 10:26:33.766263,10,
783,1,12.0,2024-02-27 12:40:08.052723,11,ok.
784,2,,2024-02-27 14:00:00.000000,21,normal
785,4,,2024-02-27 14:00:00.000000,21,
786,3,,2024-02-27 14:00:00.000000,20,
787,5,,2024-02-27 14:00:00.000000,22,ok
788,1,,2024-02-27 14:00:00.000000,21,
789,5,135.0,2024-02-27 16:12:22.556855,8,OK
790,2,44.0,2024-02-27 20:25:52.257373,15,operador reseteo
791,2,,2024-02-27 22:00:00.000000,22,normal
792,3,,2024-02-27 22:00:00.000000,21,s/n
793,4,,2024-02-27 22:00:00.000000,22,s/n
794,1,7.0,2024-02-28 04:12:08.574217,10,DRN OK
795,5,130.0,2024-02-28 04:29:23.203785,13,OK
796,5,,2024-02-28 06:00:00.000000,20,s/n
797,3,,2024-02-28 06:00:00.000000,19,
798,4,,2024-02-28 06:00:00.000000,21,
799,5,130.0,2024-02-28 10:06:29.993537,13,ok.
800,5,118.0,2024-02-28 13:01:12.699553,10,
801,5,,2024-02-28 14:00:00.000000,21,ok
802,2,,2024-02-28 14:00:00.000000,22,
803,3,,2024-02-28 14:00:00.000000,19,normal
804,2,39.0,2024-02-28 17:06:25.228760,14,ok.
805,4,,2024-02-28 22:00:00.000000,20,s/n
806,5,,2024-02-28 22:00:00.000000,19,s/n
807,3,,2024-02-28 22:00:00.000000,21,normal
808,1,5.0,2024-02-29 03:24:07.911874,17,operador reseteo
809,1,8.0,2024-02-29 04:07:41.492172,12,OK
810,1,18.0,2024-02-29 04:26:35.951443,12,
811,3,,2024-02-29 06:00:00.000000,21,s/n
812,3,64.0,2024-02-29 08:42:21.421934,11,DRN OK
813,2,55.0,2024-02-29 09:49:21.070882,16,sin intervencion
814,5,,2024-02-29 14:00:00.000000,19,
815,1,14.0,2024-02-29 19:24:24.817889,16,restablecida sola
816,5,,2024-02-29 22:00:00.000000,19,
817,4,,2024-02-29 22:00:00.000000,19,s/n
818,2,53.0,2024-03-01 03:16:13.302512,10,DRN OK
819,1,21.0,2024-03-01 03:47:15.011535,11,DRN OK
820,4,,2024-03-01 06:00:00.000000,20,
821,1,,2024-03-01 06:00:00.000000,21,normal
822,5,,2024-03-01 10:14:26.954389,25,
823,3,,2024-03-01 14:00:00.000000,21,ok
824,1,37.0,2024-03-01 16:05:45.618013,11,
825,2,44.0,2024-03-01 16:10:11.189409,10,
826,1,31.0,2024-03-01 17:47:01.339813,13,DRN OK
827,2,49.0,2024-03-01 20:01:59.410245,11,sin novedad
828,5,,2024-03-01 22:00:00.000000,22,s/n
829,2,,2024-03-02 06:00:00.000000,19,s/n
830,5,,2024-03-02 06:00:00.000000,20,
831,1,,2024-03-02 06:00:00.000000,20,ok
832,5,138.0,2024-03-02 09:28:31.571949,18,sin intervencion
833,4,89.0,2024-03-02 09:31:13.126760,12,
834,3,72.0,2024-03-02 10:15:37.210769,13,purga completa
835,3,70.0,2024-03-02 12:08:21.320465,12,sin novedad
836,2,,2024-03-02 14:00:00.000000,22,ok
837,1,,2024-03-02 14:00:00.000000,19,ok
838,4,,2024-03-02 14:00:00.000000,19,s/n
839,5,131.0,2024-03-02 14:18:10.784459,12,OK
840,3,66.0,2024-03-02 17:35:18.391364,14,sin novedad
841,5,,2024-03-02 22:00:00.000000,22,
842,3,,2024-03-02 22:00:00.000000,19,
843,2,,2024-03-02 22:00:00.000000,21,normal
844,2,56.0,2024-03-03 00:56:42.531298,12,OK
845,5,,2024-03-03 06:00:00.000000,22,s/n
846,1,15.0,2024-03-03 06:21:53.536923,10,
847,4,85.0,2024-03-03 08:51:09.325831,14,DRN OK
848,4,,2024-03-03 14:00:00.000000,22,normal
849,2,,2024-03-03 14:00:00.000000,22,ok
850,2,54.0,2024-03-03 16:53:52.321701,11,sin novedad
851,1,12.0,2024-03-03 17:53:13.764167,11,
852,3,79.0,2024-03-03 21:50:54.804205,14,ok.
853,2,,2024-03-03 22:00:00.000000,21,normal
854,1,,2024-03-03 22:00:00.000000,19,ok
855,5,114.0,2024-03-04 00:31:51.070897,14,ok.
856,5,,2024-03-04 01:53:51.230507,28,aviso proveedor externo
857,1,,2024-03-04 06:00:00.000000,21,s/n
858,2,,2024-03-04 06:00:00.000000,20,normal
859,5,,2024-03-04 06:00:00.000000,21,s/n
860,3,,2024-03-04 06:00:00.000000,19,ok
861,4,,2024-03-04 06:00:00.000000,21,ok
862,4,95.0,2024-03-04 07:26:22.679933,10,ok.
863,2,39.0,2024-03-04 09:54:18.640144,17,operador reseteo
864,5,123.0,2024-03-04 11:34:21.000207,12,purga completa
865,3,,2024-03-04 14:00:00.000000,19,s/n
866,1,,2024-03-04 14:00:00.000000,20,
867,3,,2024-03-04 16:13:45.930472,29,
868,5,117.0,2024-03-04 17:12:36.622347,17,sin intervencion
869,3,,2024-03-04 19:37:21.591166,28,aviso proveedor externo
870,5,132.0,2024-03-04 20:25:49.752054,16,restablecida sola
871,5,,2024-03-04 22:00:00.000000,22,normal
872,1,,2024-03-04 22:00:00.000000,21,ok
873,2,55.0,2024-03-05 00:48:41.769136,10,OK
874,5,,2024-03-05 06:00:00.000000,19,normal
875,4,100.0,2024-03-05 11:01:40.147655,11,sin novedad
876,5,140.0,2024-03-05 13:27:11.488118,14,sin novedad
877,5,,2024-03-05 14:00:00.000000,19,normal
878,1,,2024-03-05 14:00:00.000000,21,normal
879,4,,2024-03-05 14:00:00.000000,21,s/n
880,5,117.0,2024-03-05 14:39:55.549510,12,ok.
881,5,130.0,2024-03-05 17:39:35.106475,13,OK
882,1,,2024-03-05 22:00:00.000000,20,ok
883,2,,2024-03-05 22:00:00.000000,19,
884,5,,2024-03-05 22:00:00.000000,19,
885,5,135.0,2024-03-05 23:46:19.543750,12,ok.
886,1,19.0,2024-03-06 03:33:53.363933,14,ok.
887,4,,2024-03-06 06:00:00.000000,20,s/n
888,2,,2024-03-06 06:00:00.000000,22,normal
889,3,,2024-03-06 06:00:00.000000,20,ok
890,5,,2024-03-06 06:00:00.000000,21,
891,4,110.0,2024-03-06 07:51:49.511656,13,ok.
892,5,117.0,2024-03-06 08:46:19.470097,15,restablecida sola
893,5,138.0,2024-03-06 10:26:10.537782,15,sin intervencion
894,3,,2024-03-06 14:00:00.000000,21,
895,4,,2024-03-06 14:00:00.000000,21,ok
896,5,,2024-03-06 14:00:00.000000,21,s/n
897,2,,2024-03-06 14:00:00.000000,19,s/n
898,1,24.0,2024-03-07 02:12:49.733560,13,purga completa
899,5,,2024-03-07 06:00:00.000000,22,s/n
900,2,,2024-03-07 06:00:00.000000,22,
901,3,,2024-03-07 06:00:00.000000,19,s/n
902,3,70.0,2024-03-07 12:14:03.852211,11,
903,4,89.0,2024-03-07 12:54:21.814210,11,DRN OK
904,4,,2024-03-07 14:00:00.000000,21,normal
905,1,,2024-03-07 14:00:00.000000,22,
906,2,,2024-03-07 14:00:00.000000,22,s/n
907,5,136.0,2024-03-07 14:35:39.151895,14,sin novedad
908,4,,2024-03-07 22:00:00.000000,21,
909,5,,2024-03-07 22:00:00.000000,22,
910,2,47.0,2024-03-08 03:16:17.023182,12,DRN OK
911,2,45.0,2024-03-08 03:53:45.804469,12,
912,3,66.0,2024-03-08 04:39:38.194976,16,restablecida sola
913,3,66.0,2024-03-08 05:17:09.643853,12,DRN OK
914,5,132.0,2024-03-08 06:13:13.775211,16,restablecida sola
915,2,52.0,2024-03-08 13:05:34.111480,18,restablecida sola
916,3,,2024-03-08 14:00:00.000000,19,s/n
917,1,,2024-03-08 14:00:00.000000,22,normal
918,2,,2024-03-08 14:00:00.000000,19,ok
919,5,,2024-03-08 14:00:00.000000,22,
920,2,60.0,2024-03-08 14:01:25.191649,13,sin novedad
921,5,124.0,2024-03-08 14:33:14.604147,14,ok.
922,2,48.0,2024-03-08 20:02:31.205777,14,sin novedad
923,2,54.0,2024-03-08 21:08:56.810357,14,sin novedad
924,1,,2024-03-08 22:00:00.000000,20,ok
925,2,,2024-03-08 22:00:00.000000,20,normal
926,3,,2024-03-08 22:00:00.000000,19,ok
927,2,,2024-03-09 06:00:00.000000,22,normal
928,4,,2024-03-09 06:00:00.000000,21,s/n
929,3,,2024-03-09 14:00:00.000000,21,
930,4,,2024-03-09 14:00:00.000000,19,normal
931,5,,2024-03-09 14:00:00.000000,20,ok
932,1,3.0,2024-03-09 16:32:05.067459,14,ok.
933,2,56.0,2024-03-09 16:33:34.552582,16,sin intervencion
934,5,,2024-03-09 22:00:00.000000,22,ok
935,3,,2024-03-09 22:00:00.000000,19,s/n
936,5,,2024-03-10 06:00:00.000000,20,normal
937,3,66.0,2024-03-10 08:36:49.864466,14,DRN OK
938,2,41.0,2024-03-10 09:48:14.849677,17,operador reseteo
939,5,124.0,2024-03-10 12:01:55.264065,10,purga completa
940,3,,2024-03-10 14:00:00.000000,21,ok
941,1,,2024-03-10 14:00:00.000000,20,
942,5,,2024-03-10 14:00:00.000000,22,s/n
943,2,,2024-03-10 14:00:00.000000,22,ok
944,3,75.0,2024-03-10 15:40:41.358685,10,ok.
945,1,32.0,2024-03-10 16:12:08.112863,14,
946,1,5.0,2024-03-10 17:14:36.695505,17,operador reseteo
947,2,56.0,2024-03-10 18:29:26.720116,13,OK
948,4,,2024-03-10 22:00:00.000000,19,normal
949,5,,2024-03-10 22:00:00.000000,20,s/n
950,5,133.0,2024-03-11 03:53:54.364984,11,
951,3,,2024-03-11 06:00:00.000000,21,ok
952,4,110.0,2024-03-11 12:42:45.011160,10,sin novedad
953,5,145.0,2024-03-11 12:57:23.997708,10,
954,4,,2024-03-11 14:00:00.000000,20,ok
955,3,76.0,2024-03-11 15:02:42.193102,12,DRN OK
956,2,47.0,2024-03-11 21:24:27.768058,14,ok.
957,4,,2024-03-11 22:00:00.000000,20,ok
958,4,83.0,2024-03-12 00:54:24.505935,13,OK
959,1,17.0,2024-03-12 02:29:36.520311,12,ok.
960,2,39.0,2024-03-12 03:48:54.968672,10,ok.
961,4,103.0,2024-03-12 05:43:24.136599,2,ver OT
962,3,,2024-03-12 06:00:00.000000,19,ok
963,4,,2024-03-12 06:00:00.000000,21,
964,5,144.0,2024-03-12 10:22:27.925842,12,DRN OK
965,4,103.0,2024-03-12 10:25:20.550350,7,
966,3,,2024-03-12 14:00:00.000000,22,s/n
967,5,,2024-03-12 14:00:00.000000,20,s/n
968,1,,2024-03-12 14:00:00.000000,22,
969,5,122.0,2024-03-12 14:46:22.895967,13,purga completa
970,2,,2024-03-12 15:30:29.348820,23,aviso proveedor externo
971,3,79.0,2024-03-12 16:59:27.615438,10,
972,3,,2024-03-12 19:11:39.321490,24,aviso proveedor externo
973,3,65.0,2024-03-12 19:17:28.215461,12,ok.
974,4,,2024-03-12 22:00:00.000000,20,
975,4,103.0,2024-03-12 22:58:15.493652,16,operador reseteo
976,1,7.0,2024-03-13 05:33:23.812777,3,por mantenimiento
977,1,,2024-03-13 06:00:00.000000,20,normal
978,5,,2024-03-13 06:00:00.000000,19,normal
979,1,11.0,2024-03-13 07:08:38.782270,12,purga completa
980,4,107.0,2024-03-13 09:40:51.296986,15,operador reseteo
981,5,,2024-03-13 14:00:00.000000,19,s/n
982,4,108.0,2024-03-13 16:19:19.624382,10,sin novedad
983,2,57.0,2024-03-13 19:01:52.119062,16,sin intervencion
984,4,102.0,2024-03-13 19:57:24.259210,10,purga completa
985,1,,2024-03-13 22:00:00.000000,21,
986,2,,2024-03-13 22:00:00.000000,22,s/n
987,4,103.0,2024-03-13 22:33:22.760183,14,OK
988,2,47.0,2024-03-13 23:41:09.829550,18,restablecida sola
989,4,99.0,2024-03-14 05:38:46.106049,13,ok.
990,5,,2024-03-14 06:00:00.000000,20,s/n
991,1,,2024-03-14 06:00:00.000000,21,
992,2,,2024-03-14 06:00:00.000000,21,s/n
993,3,,2024-03-14 06:00:00.000000,20,s/n
994,4,,2024-03-14 14:00:00.000000,19,s/n
995,2,,2024-03-14 14:00:00.000000,20,s/n
996,1,7.0,2024-03-14 15:29:33.006060,6,reanuda produccion
997,3,76.0,2024-03-14 21:09:00.079843,11,sin novedad
998,4,,2024-03-14 22:00:00.000000,21,normal
999,2,56.0,2024-03-15 02:33:07.505839,14,sin novedad
1000,4,99.0,2024-03-15 03:41:59.322700,12,OK
1001,4,,2024-03-15 06:00:00.000000,22,ok
1002,5,,2024-03-15 06:00:00.000000,19,s/n
1003,2,,2024-03-15 06:00:00.000000,22,s/n
1004,4,,2024-03-15 06:54:56.439099,24,
1005,1,37.0,2024-03-15 07:01:51.937572,12,sin novedad
1006,2,52.0,2024-03-15 09:23:21.150767,13,sin novedad
1007,3,76.0,2024-03-15 12:51:49.968292,18,operador reseteo
1008,1,12.0,2024-03-15 13:48:55.038688,15,operador reseteo
1009,4,,2024-03-15 14:00:00.000000,21,normal
1010,3,,2024-03-15 14:00:00.000000,20,s/n
1011,5,115.0,2024-03-15 17:46:47.082235,15,restablecida sola
1012,5,,2024-03-15 22:00:00.000000,20,ok
1013,4,,2024-03-15 22:00:00.000000,22,ok
1014,3,79.0,2024-03-16 01:02:24.022767,11,OK
1015,2,,2024-03-16 06:00:00.000000,20,
1016,1,,2024-03-16 06:00:00.000000,19,s/n
1017,4,,2024-03-16 06:00:00.000000,19,normal
1018,4,112.0,2024-03-16 07:44:06.215510,13,purga completa
1019,4,97.0,2024-03-16 07:55:42.087665,18,sin intervencion
1020,1,14.0,2024-03-16 09:34:12.940407,18,restablecida sola
1021,3,81.0,2024-03-16 10:53:48.163454,10,DRN OK
1022,1,,2024-03-16 14:00:00.000000,20,
1023,4,,2024-03-16 14:00:00.000000,19,ok
1024,3,,2024-03-16 14:00:00.000000,21,s/n
1025,2,48.0,2024-03-16 15:11:08.732806,16,sin intervencion
1026,1,31.0,2024-03-16 18:35:05.184179,11,ok.
1027,3,,2024-03-16 22:00:00.000000,21,ok
1028,1,,2024-03-16 22:00:00.000000,20,
1029,4,,2024-03-16 22:00:00.000000,22,s/n
1030,5,,2024-03-17 06:00:00.000000,21,ok
1031,2,,2024-03-17 06:00:00.000000,20,ok
1032,5,,2024-03-17 14:00:00.000000,19,
1033,2,,2024-03-17 14:00:00.000000,19,ok
1034,1,,2024-03-17 14:00:00.000000,20,
1035,5,135.0,2024-03-17 21:48:42.204119,17,sin intervencion
1036,4,,2024-03-17 22:00:00.000000,20,normal
1037,5,141.0,2024-03-17 23:13:16.129585,16,restablecida sola
1038,4,92.0,2024-03-18 00:26:10.441001,12,DRN OK
1039,2,51.0,2024-03-18 00:52:36.828591,12,
1040,5,,2024-03-18 06:00:00.000000,19,normal
1041,3,,2024-03-18 06:00:00.000000,20,
1042,2,48.0,2024-03-18 08:49:17.013493,17,operador reseteo
1043,5,130.0,2024-03-18 11:39:58.856457,12,DRN OK
1044,5,131.0,2024-03-18 11:47:03.341079,14,purga completa
1045,1,,2024-03-18 14:00:00.000000,20,ok
1046,5,,2024-03-18 14:00:00.000000,22,normal
1047,3,,2024-03-18 14:00:00.000000,22,s/n
1048,5,,2024-03-18 22:00:00.000000,19,ok
1049,3,,2024-03-18 22:00:00.000000,21,normal
1050,4,97.0,2024-03-18 22:19:47.241814,14,ok.
1051,2,59.0,2024-03-18 22:26:24.398059,12,DRN OK
1052,3,,2024-03-19 01:13:01.125434,27,
1053,1,,2024-03-19 06:00:00.000000,20,s/n
1054,2,,2024-03-19 06:00:00.000000,20,s/n
1055,5,,2024-03-19 06:00:00.000000,19,normal
1056,4,,2024-03-19 06:00:00.000000,19,ok
1057,5,123.0,2024-03-19 13:18:26.412697,14,purga completa
1058,3,,2024-03-19 14:00:00.000000,20,ok
1059,1,,2024-03-19 14:00:00.000000,22,
1060,5,138.0,2024-03-19 15:20:47.896712,13,ok.
1061,3,71.0,2024-03-19 19:45:16.240806,12,
1062,3,,2024-03-19 22:00:00.000000,21,ok
1063,2,,2024-03-19 22:00:00.000000,21,
1064,1,,2024-03-19 22:00:00.000000,21,s/n
1065,5,,2024-03-19 22:00:00.000000,20,ok
1066,3,65.0,2024-03-19 23:39:23.440896,13,purga completa
1067,5,123.0,2024-03-20 01:04:34.267540,10,OK
1068,2,,2024-03-20 06:00:00.000000,19,
1069,3,,2024-03-20 06:00:00.000000,21,
1070,5,,2024-03-20 06:00:00.000000,19,normal
1071,5,136.0,2024-03-20 10:58:51.811544,17,operador reseteo
1072,2,,2024-03-20 14:00:00.000000,21,s/n
1073,3,,2024-03-20 14:00:00.000000,21,s/n
1074,3,,2024-03-20 22:00:00.000000,22,
1075,1,,2024-03-20 22:00:00.000000,21,normal
1076,5,125.0,2024-03-20 23:33:37.790850,13,purga completa
1077,4,111.0,2024-03-21 00:34:05.289176,11,sin novedad
1078,3,,2024-03-21 06:00:00.000000,19,
1079,2,,2024-03-21 06:00:00.000000,20,ok
1080,3,76.0,2024-03-21 08:05:01.565784,3,
1081,3,79.0,2024-03-21 12:44:00.420253,13,DRN OK
1082,3,81.0,2024-03-21 13:44:23.758665,3,por mantenimiento
1083,5,,2024-03-21 14:00:00.000000,21,normal
1084,4,,2024-03-21 14:00:00.000000,22,normal
1085,3,76.0,2024-03-21 14:47:27.639648,6,arranque normal
1086,3,81.0,2024-03-21 16:16:43.510845,7,arranque normal
1087,4,111.0,2024-03-21 16:54:18.111061,3,ver OT
1088,1,21.0,2024-03-21 18:42:47.162015,11,DRN OK
1089,2,,2024-03-21 22:00:00.000000,22,normal
1090,4,90.0,2024-03-21 23:31:02.945853,12,purga completa
1091,4,111.0,2024-03-22 04:54:59.546174,9,arranque normal
1092,4,,2024-03-22 06:00:00.000000,20,s/n
1093,1,2.0,2024-03-22 10:22:34.877446,14,OK
1094,3,,2024-03-22 14:00:00.000000,22,ok
1095,2,61.0,2024-03-22 17:59:54.085913,3,por mantenimiento
1096,2,,2024-03-22 22:00:00.000000,21,s/n
1097,1,,2024-03-22 22:00:00.000000,22,s/n
1098,2,61.0,2024-03-22 23:24:06.859842,6,arranque normal
1099,2,54.0,2024-03-23 00:19:15.725152,14,sin novedad
1100,2,,2024-03-23 00:27:33.583833,27,aviso proveedor externo
1101,4,98.0,2024-03-23 02:22:34.090056,11,sin novedad
1102,4,85.0,2024-03-23 05:04:52.966356,13,sin novedad
1103,3,70.0,2024-03-23 05:22:24.981967,10,
1104,3,,2024-03-23 06:00:00.000000,21,ok
1105,4,,2024-03-23 06:00:00.000000,22,s/n
1106,1,20.0,2024-03-23 10:05:23.469396,17,sin intervencion
1107,1,,2024-03-23 14:00:00.000000,22,normal
1108,5,115.0,2024-03-23 16:23:24.246520,11,OK
1109,1,18.0,2024-03-23 16:49:11.516132,11,purga completa
1110,2,40.0,2024-03-23 17:09:33.233180,12,
1111,4,88.0,2024-03-23 20:18:15.531990,12,DRN OK
1112,5,,2024-03-23 22:00:00.000000,21,s/n
1113,2,,2024-03-23 22:00:00.000000,22,s/n
1114,4,95.0,2024-03-23 22:16:54.051526,13,OK
1115,4,105.0,2024-03-24 00:08:04.218568,11,sin novedad
1116,2,54.0,2024-03-24 02:17:06.197747,17,restablecida sola
1117,4,91.0,2024-03-24 03:47:20.485722,14,DRN OK
1118,4,,2024-03-24 06:00:00.000000,19,normal
1119,2,,2024-03-24 06:00:00.000000,22,normal
1120,3,,2024-03-24 06:00:00.000000,21,ok
1121,5,,2024-03-24 06:00:00.000000,20,
1122,2,39.0,2024-03-24 06:28:59.990518,18,restablecida sola
1123,1,8.0,2024-03-24 10:24:20.700738,11,
1124,4,91.0,2024-03-24 12:01:37.563411,10,OK
1125,2,,2024-03-24 13:00:54.250035,27,aviso proveedor externo
1126,3,,2024-03-24 14:00:00.000000,19,
1127,1,,2024-03-24 14:00:00.000000,20,ok
1128,2,,2024-03-24 14:00:00.000000,22,ok
1129,4,,2024-03-24 14:00:00.000000,22,s/n
1130,4,83.0,2024-03-24 14:12:05.836822,14,sin novedad
1131,2,44.0,2024-03-24 15:18:11.565105,5,
1132,2,44.0,2024-03-24 18:54:20.235085,8,reanuda produccion
1133,2,,2024-03-24 22:00:00.000000,22,ok
1134,3,,2024-03-24 22:00:00.000000,22,s/n
1135,1,,2024-03-25 06:00:00.000000,20,normal
1136,4,,2024-03-25 06:00:00.000000,20,normal
1137,3,69.0,2024-03-25 06:00:39.792297,13,purga completa
1138,1,,2024-03-25 14:00:00.000000,19,normal
1139,3,,2024-03-25 14:00:00.000000,22,s/n
1140,4,88.0,2024-03-25 15:15:50.753996,12,DRN OK
1141,2,41.0,2024-03-25 16:21:29.016565,5,por mantenimiento
1142,2,44.0,2024-03-25 16:36:38.207174,12,sin novedad
1143,4,95.0,2024-03-25 16:38:23.871474,14,sin novedad
1144,2,41.0,2024-03-25 18:54:59.904707,7,OK
1145,2,,2024-03-25 22:00:00.000000,20,ok
1146,1,,2024-03-25 22:00:00.000000,21,
1147,4,107.0,2024-03-25 23:58:07.758012,11,DRN OK
1148,1,,2024-03-26 06:00:00.000000,19,ok
1149,1,12.0,2024-03-26 07:47:56.908448,12,sin novedad
1150,4,92.0,2024-03-26 10:44:05.303602,14,ok.
1151,3,70.0,2024-03-26 13:26:24.029767,11,ok.
1152,5,,2024-03-26 14:00:00.000000,22,
1153,2,,2024-03-26 14:00:00.000000,21,normal
1154,4,,2024-03-26 14:00:00.000000,19,s/n
1155,1,,2024-03-26 14:00:00.000000,20,ok
1156,3,72.0,2024-03-26 16:48:25.313977,12,OK
1157,5,141.0,2024-03-26 19:40:06.211268,11,DRN OK
1158,1,13.0,2024-03-26 21:15:40.707555,16,restablecida sola
1159,5,,2024-03-26 22:00:00.000000,19,ok
1160,3,,2024-03-26 22:00:00.000000,19,normal
1161,1,,2024-03-26 22:00:00.000000,21,normal
1162,5,116.0,2024-03-26 22:35:01.838606,18,restablecida sola
1163,3,77.0,2024-03-26 22:58:41.099642,17,operador reseteo
1164,5,,2024-03-27 00:19:20.826091,25,ver informe adjunto
1165,5,123.0,2024-03-27 05:40:33.444151,11,OK
1166,1,,2024-03-27 06:00:00.000000,21,s/n
1167,3,,2024-03-27 06:00:00.000000,19,normal
1168,4,,2024-03-27 06:00:00.000000,21,ok
1169,2,,2024-03-27 06:00:00.000000,22,s/n
1170,5,145.0,2024-03-27 07:01:47.360247,12,ok.
1171,5,145.0,2024-03-27 07:38:27.066606,16,operador reseteo
1172,4,95.0,2024-03-27 11:49:02.056703,13,
1173,5,,2024-03-27 13:53:37.475875,24,ver informe adjunto
1174,4,,2024-03-27 14:00:00.000000,19,normal
1175,5,124.0,2024-03-27 15:43:18.607139,17,operador reseteo
1176,3,77.0,2024-03-28 00:53:06.782479,18,operador reseteo
1177,1,17.0,2024-03-28 00:56:51.992274,11,sin novedad
1178,5,124.0,2024-03-28 10:39:41.573823,2,
1179,5,122.0,2024-03-28 11:02:27.994596,15,restablecida sola
1180,4,105.0,2024-03-28 11:58:06.448357,16,operador reseteo
1181,3,,2024-03-28 14:00:00.000000,20,ok
1182,5,124.0,2024-03-28 15:07:51.458517,9,OK
1183,5,127.0,2024-03-28 15:11:57.333811,17,sin intervencion
1184,5,126.0,2024-03-28 16:51:49.170591,17,restablecida sola
1185,2,53.0,2024-03-28 20:20:17.754178,12,DRN OK
1186,3,,2024-03-28 22:00:00.000000,21,normal
1187,5,,2024-03-28 22:00:00.000000,19,normal
1188,1,22.0,2024-03-28 23:56:45.357762,14,sin novedad
1189,1,7.0,2024-03-29 01:43:43.325517,11,DRN OK
1190,5,126.0,2024-03-29 02:00:12.691493,12,DRN OK
1191,3,72.0,2024-03-29 03:53:11.213681,11,DRN OK
1192,3,,2024-03-29 06:00:00.000000,22,normal
1193,2,,2024-03-29 06:00:00.000000,22,
1194,4,,2024-03-29 06:00:00.000000,22,normal
1195,2,,2024-03-29 14:00:00.000000,22,
1196,5,,2024-03-29 14:00:00.000000,21,s/n
1197,4,,2024-03-29 14:00:00.000000,20,normal
1198,3,,2024-03-29 14:00:00.000000,19,ok
1199,2,51.0,2024-03-29 14:32:53.052007,18,operador reseteo
1200,2,45.0,2024-03-29 17:05:25.538931,12,sin novedad
1201,4,,2024-03-29 22:00:00.000000,21,ok
1202,2,,2024-03-29 22:00:00.000000,21,s/n
1203,3,,2024-03-29 22:00:00.000000,19,ok
1204,5,,2024-03-29 22:00:00.000000,21,s/n
1205,4,108.0,2024-03-29 23:46:53.937854,10,DRN OK
1206,5,140.0,2024-03-30 00:30:57.746642,11,sin novedad
1207,4,,2024-03-30 06:00:00.000000,21,normal
1208,2,,2024-03-30 06:00:00.000000,22,
1209,2,55.0,2024-03-30 06:09:06.210577,2,ver OT
1210,2,54.0,2024-03-30 09:13:35.783670,14,ok.
1211,4,88.0,2024-03-30 09:20:55.048619,13,ok.
1212,2,55.0,2024-03-30 10:25:51.909613,9,OK
1213,4,,2024-03-30 14:00:00.000000,19,
1214,2,,2024-03-30 14:00:00.000000,22,s/n
1215,3,,2024-03-30 14:00:00.000000,20,ok
1216,1,37.0,2024-03-30 15:07:46.407902,11,
1217,4,83.0,2024-03-30 17:28:00.291050,11,purga completa
1218,1,,2024-03-30 22:00:00.000000,20,ok
1219,3,,2024-03-30 22:00:00.000000,22,normal
1220,3,75.0,2024-03-30 23:55:40.260875,16,sin intervencion
1221,5,144.0,2024-03-31 02:33:08.113021,13,sin novedad
1222,2,54.0,2024-03-31 04:31:28.190852,18,sin intervencion
1223,1,,2024-03-31 06:00:00.000000,22,
1224,4,,2024-03-31 06:00:00.000000,20,
1225,2,,2024-03-31 06:00:00.000000,19,
1226,5,,2024-03-31 06:00:00.000000,22,normal
1227,3,,2024-03-31 06:00:00.000000,19,s/n
1228,1,27.0,2024-03-31 07:35:15.995466,3,por mantenimiento
1229,3,66.0,2024-03-31 08:33:49.361257,10,ok.
1230,1,30.0,2024-03-31 12:30:55.871120,18,restablecida sola
1231,3,,2024-03-31 14:00:00.000000,20,normal
1232,2,,2024-03-31 14:00:00.000000,21,s/n
1233,4,,2024-03-31 14:00:00.000000,21,normal
1234,1,,2024-03-31 14:00:00.000000,20,ok
1235,1,25.0,2024-03-31 15:17:36.927152,5,
1236,4,83.0,2024-03-31 16:42:47.510750,11,purga completa
1237,1,25.0,2024-03-31 21:03:06.730446,6,
1238,3,,2024-03-31 22:00:00.000000,21,
1239,2,53.0,2024-04-01 03:23:29.865749,12,OK
1240,1,,2024-04-01 06:00:00.000000,21,normal
1241,1,22.0,2024-04-01 10:56:55.309821,17,sin intervencion
1242,4,96.0,2024-04-01 12:31:17.193026,18,operador reseteo
1243,1,,2024-04-01 14:00:00.000000,20,normal
1244,3,73.0,2024-04-01 16:34:23.322156,10,sin novedad
1245,1,27.0,2024-04-01 17:23:16.226621,6,OK
1246,1,24.0,2024-04-01 17:30:15.225416,18,sin intervencion
1247,1,,2024-04-01 20:26:02.384827,23,aviso proveedor externo
1248,2,,2024-04-01 22:00:00.000000,22,normal
1249,3,,2024-04-01 22:00:00.000000,21,s/n
1250,4,,2024-04-02 06:00:00.000000,22,normal
1251,3,71.0,2024-04-02 06:09:07.414593,18,operador reseteo
1252,2,55.0,2024-04-02 08:55:18.144547,16,sin intervencion
1253,4,,2024-04-02 13:14:42.228389,29,aviso proveedor externo
1254,5,,2024-04-02 14:00:00.000000,21,
1255,4,,2024-04-02 14:00:00.000000,20,normal
1256,5,,2024-04-02 22:00:00.000000,21,normal
1257,4,,2024-04-02 22:00:00.000000,21,ok
1258,2,61.0,2024-04-02 22:10:52.603445,12,
1259,4,,2024-04-02 22:33:42.307302,25,aviso proveedor externo
1260,4,108.0,2024-04-02 23:08:13.414552,17,sin intervencion
1261,3,71.0,2024-04-02 23:26:03.526138,15,sin intervencion
1262,5,136.0,2024-04-03 00:02:04.497696,10,purga completa
1263,2,57.0,2024-04-03 02:12:12.773422,10,ok.
1264,1,22.0,2024-04-03 05:24:48.106128,18,operador reseteo
1265,3,,2024-04-03 06:00:00.000000,21,s/n
1266,2,48.0,2024-04-03 07:36:36.577418,13,
1267,1,33.0,2024-04-03 08:25:11.031186,15,restablecida sola
1268,2,,2024-04-03 14:00:00.000000,21,ok
1269,1,,2024-04-03 14:00:00.000000,21,ok
1270,4,,2024-04-03 14:00:00.000000,22,normal
1271,1,6.0,2024-04-03 14:09:31.293121,15,operador reseteo
1272,1,13.0,2024-04-03 14:22:31.372353,18,restablecida sola
1273,3,76.0,2024-04-03 15:34:06.269475,10,sin novedad
1274,2,39.0,2024-04-03 20:19:13.550556,17,operador reseteo
1275,1,,2024-04-03 22:00:00.000000,20,normal
1276,5,132.0,2024-04-03 23:19:45.910544,15,operador reseteo
1277,5,144.0,2024-04-04 02:42:50.738428,10,ok.
1278,4,97.0,2024-04-04 05:43:15.606584,10,
1279,2,,2024-04-04 06:00:00.000000,22,s/n
1280,3,,2024-04-04 06:00:00.000000,20,s/n
1281,5,,2024-04-04 06:00:00.000000,20,normal
1282,4,,2024-04-04 06:00:00.000000,21,normal
1283,2,,2024-04-04 14:00:00.000000,20,ok
1284,1,,2024-04-04 14:00:00.000000,20,normal
1285,5,123.0,2024-04-04 20:50:21.564257,18,sin intervencion
1286,5,133.0,2024-04-05 04:19:42.368094,18,operador reseteo
1287,5,,2024-04-05 06:00:00.000000,19,s/n
1288,1,,2024-04-05 06:00:00.000000,19,s/n
1289,1,22.0,2024-04-05 06:56:47.819980,14,purga completa
1290,4,97.0,2024-04-05 10:26:53.941733,4,ver OT
1291,2,47.0,2024-04-05 12:02:42.250802,16,restablecida sola
1292,5,142.0,2024-04-05 12:16:28.055582,13,ok.
1293,4,,2024-04-05 14:00:00.000000,22,ok
1294,5,,2024-04-05 14:00:00.000000,22,s/n
1295,1,,2024-04-05 14:00:00.000000,22,ok
1296,4,97.0,2024-04-05 16:05:54.298623,6,
1297,2,47.0,2024-04-05 19:56:04.628370,17,operador reseteo
1298,1,,2024-04-05 22:00:00.000000,21,s/n
1299,5,,2024-04-05 22:00:00.000000,20,s/n
1300,3,,2024-04-05 22:00:00.000000,21,
1301,1,,2024-04-06 03:04:13.727121,29,aviso proveedor externo
1302,2,,2024-04-06 06:00:00.000000,21,s/n
1303,1,,2024-04-06 06:00:00.000000,20,normal
1304,5,,2024-04-06 06:00:00.000000,20,normal
1305,4,110.0,2024-04-06 10:01:14.817665,12,OK
1306,2,40.0,2024-04-06 10:26:53.532149,16,operador reseteo
1307,2,59.0,2024-04-06 12:31:40.982453,13,purga completa
1308,2,,2024-04-06 14:00:00.000000,19,normal
1309,3,,2024-04-06 14:00:00.000000,21,normal
1310,1,,2024-04-06 14:00:00.000000,22,ok
1311,5,,2024-04-06 14:00:00.000000,22,
1312,4,,2024-04-06 14:00:00.000000,20,normal
1313,1,3.0,2024-04-06 17:02:12.663185,12,purga completa
1314,4,102.0,2024-04-06 17:22:00.845637,17,sin intervencion
1315,3,63.0,2024-04-06 22:13:31.690516,12,sin novedad
1316,5,126.0,2024-04-06 23:10:22.370503,10,
1317,3,68.0,2024-04-07 00:45:16.035466,14,purga completa
1318,2,47.0,2024-04-07 01:36:36.736904,14,OK
1319,4,99.0,2024-04-07 01:42:44.284097,15,operador reseteo
1320,2,53.0,2024-04-07 02:21:48.496312,16,operador reseteo
1321,2,,2024-04-07 02:28:50.653183,29,
1322,3,80.0,2024-04-07 04:40:15.196720,13,purga completa
1323,1,,2024-04-07 06:00:00.000000,22,normal
1324,2,,2024-04-07 06:00:00.000000,19,normal
1325,4,103.0,2024-04-07 06:47:47.707579,13,
1326,1,29.0,2024-04-07 10:08:48.555847,14,purga completa
1327,1,,2024-04-07 14:00:00.000000,22,normal
1328,3,,2024-04-07 14:00:00.000000,22,ok
1329,5,,2024-04-07 14:00:00.000000,19,
1330,2,,2024-04-07 22:00:00.000000,21,normal
1331,5,,2024-04-07 22:00:00.000000,19,normal
1332,3,69.0,2024-04-07 22:47:03.289837,18,operador reseteo
1333,1,6.0,2024-04-08 03:34:44.442402,11,purga completa
1334,2,,2024-04-08 06:00:00.000000,19,normal
1335,4,,2024-04-08 06:00:00.000000,20,normal
1336,3,,2024-04-08 06:00:00.000000,21,s/n
1337,2,,2024-04-08 14:00:00.000000,21,normal
1338,4,,2024-04-08 14:00:00.000000,22,ok
1339,4,99.0,2024-04-08 15:28:18.891865,4,ver OT
1340,3,79.0,2024-04-08 19:01:38.481489,12,sin novedad
1341,2,59.0,2024-04-08 20:53:17.214375,15,sin intervencion
1342,2,,2024-04-08 22:00:00.000000,19,s/n
1343,3,,2024-04-08 22:00:00.000000,19,ok
1344,3,70.0,2024-04-08 22:26:37.187398,13,sin novedad
1345,3,66.0,2024-04-08 22:35:10.222503,13,DRN OK
1346,4,96.0,2024-04-08 22:53:51.891076,16,restablecida sola
1347,5,135.0,2024-04-09 02:13:47.534552,13,OK
1348,3,,2024-04-09 06:00:00.000000,22,
1349,4,,2024-04-09 06:00:00.000000,22,ok
1350,4,111.0,2024-04-09 06:40:40.430937,11,sin novedad
1351,2,42.0,2024-04-09 07:19:59.208157,3,PARADA POR FALLA
1352,2,48.0,2024-04-09 07:44:22.017661,1,ver OT
1353,2,48.0,2024-04-09 10:55:00.870704,7,reanuda produccion
1354,2,42.0,2024-04-09 13:11:13.506049,9,arranque normal
1355,1,27.0,2024-04-09 13:31:21.122888,3,PARADA POR FALLA
1356,5,,2024-04-09 14:00:00.000000,22,
1357,3,,2024-04-09 14:00:00.000000,20,s/n
1358,1,,2024-04-09 14:00:00.000000,22,ok
1359,1,27.0,2024-04-09 19:04:01.514163,7,reanuda produccion
1360,1,32.0,2024-04-09 23:34:28.887846,4,por mantenimiento
1361,5,119.0,2024-04-09 23:40:52.899301,17,restablecida sola
1362,3,81.0,2024-04-10 00:51:50.163140,11,ok.
1363,2,,2024-04-10 06:00:00.000000,19,s/n
1364,3,,2024-04-10 06:00:00.000000,21,
1365,1,,2024-04-10 06:00:00.000000,19,
1366,4,105.0,2024-04-10 06:02:29.928925,13,DRN OK
1367,4,110.0,2024-04-10 10:09:42.014800,4,
1368,4,110.0,2024-04-10 11:28:17.434484,9,
1369,4,99.0,2024-04-10 12:38:20.917592,6,arranque normal
1370,3,,2024-04-10 14:00:00.000000,19,ok
1371,1,17.0,2024-04-10 14:29:56.633108,1,ver OT
1372,1,,2024-04-10 15:19:11.920897,28,ver informe adjunto
1373,1,17.0,2024-04-10 20:42:47.195313,6,OK
1374,5,132.0,2024-04-10 20:46:41.266464,12,purga completa
1375,3,,2024-04-10 22:00:00.000000,19,normal
1376,4,105.0,2024-04-11 02:30:58.675597,14,
1377,5,,2024-04-11 06:00:00.000000,20,
1378,4,,2024-04-11 06:00:00.000000,21,
1379,2,39.0,2024-04-11 06:22:26.299876,18,sin intervencion
1380,3,81.0,2024-04-11 09:43:03.079426,11,
1381,1,11.0,2024-04-11 10:15:19.127589,14,ok.
1382,3,68.0,2024-04-11 10:39:45.013969,13,DRN OK
1383,2,41.0,2024-04-11 10:53:26.397596,15,restablecida sola
1384,3,,2024-04-11 14:00:00.000000,21,
1385,2,60.0,2024-04-11 17:23:28.201364,10,ok.
1386,1,32.0,2024-04-11 18:48:48.719248,8,OK
1387,5,,2024-04-11 22:00:00.000000,21,s/n
1388,3,,2024-04-11 22:00:00.000000,22,s/n
1389,4,,2024-04-11 22:00:00.000000,19,ok
1390,5,116.0,2024-04-12 02:23:26.062223,13,OK
1391,2,46.0,2024-04-12 02:51:09.383328,11,
1392,2,54.0,2024-04-12 04:09:32.175944,13,OK
1393,2,,2024-04-12 06:00:00.000000,21,normal
1394,4,,2024-04-12 14:00:00.000000,20,
1395,5,,2024-04-12 14:00:00.000000,21,ok
1396,1,,2024-04-12 14:00:00.000000,19,s/n
1397,2,54.0,2024-04-12 17:44:40.052760,11,OK
1398,4,90.0,2024-04-12 20:11:39.365909,14,
1399,5,130.0,2024-04-12 20:23:50.196232,15,operador reseteo
1400,5,,2024-04-12 22:00:00.000000,22,normal
1401,2,,2024-04-12 22:00:00.000000,19,s/n
1402,3,,2024-04-13 06:00:00.000000,20,normal
1403,1,,2024-04-13 06:00:00.000000,22,
1404,5,134.0,2024-04-13 11:18:01.357784,12,OK
1405,3,,2024-04-13 14:00:00.000000,19,
1406,4,,2024-04-13 14:00:00.000000,20,normal
1407,5,,2024-04-13 14:00:00.000000,21,
1408,1,,2024-04-13 14:00:00.000000,20,s/n
1409,3,70.0,2024-04-13 14:08:21.661601,15,restablecida sola
1410,4,108.0,2024-04-13 15:40:04.199450,14,ok.
1411,5,129.0,2024-04-13 19:48:09.949273,10,
1412,4,112.0,2024-04-13 21:13:07.022776,12,purga completa
1413,3,66.0,2024-04-13 21:58:27.186839,10,OK
1414,2,,2024-04-13 22:00:00.000000,20,normal
1415,5,,2024-04-13 22:00:00.000000,20,s/n
1416,3,72.0,2024-04-14 02:02:17.734801,14,ok.
1417,3,72.0,2024-04-14 03:33:21.585256,10,purga completa
1418,5,,2024-04-14 04:22:15.958840,27,
1419,4,110.0,2024-04-14 05:44:24.822995,10,
1420,2,,2024-04-14 06:00:00.000000,20,s/n
1421,4,,2024-04-14 06:00:00.000000,20,s/n
1422,5,,2024-04-14 06:00:00.000000,21,normal
1423,5,139.0,2024-04-14 06:09:59.284992,5,PARADA POR FALLA
1424,3,65.0,2024-04-14 08:08:34.487086,11,ok.
1425,5,139.0,2024-04-14 12:47:47.060881,7,OK
1426,4,109.0,2024-04-14 13:41:27.868625,14,
1427,4,,2024-04-14 14:00:00.000000,22,normal
1428,3,,2024-04-14 14:00:00.000000,19,ok
1429,1,,2024-04-14 14:00:00.000000,22,normal
1430,3,81.0,2024-04-14 16:36:11.726968,12,sin novedad
1431,5,145.0,2024-04-14 19:44:40.514729,18,operador reseteo
1432,4,91.0,2024-04-14 21:16:49.197650,14,OK
1433,4,,2024-04-14 22:00:00.000000,22,
1434,3,,2024-04-14 22:00:00.000000,20,normal
1435,1,36.0,2024-04-15 05:54:15.668960,12,DRN OK
1436,1,,2024-04-15 06:00:00.000000,19,ok
1437,3,,2024-04-15 06:00:00.000000,21,normal
1438,2,,2024-04-15 06:00:00.000000,19,s/n
1439,1,13.0,2024-04-15 13:23:00.673769,11,OK
1440,2,,2024-04-15 14:00:00.000000,19,normal
1441,4,,2024-04-15 14:00:00.000000,20,ok
1442,1,,2024-04-15 14:00:00.000000,19,
1443,3,,2024-04-15 22:00:00.000000,19,s/n
1444,5,,2024-04-15 22:00:00.000000,21,s/n
1445,2,,2024-04-15 22:00:00.000000,21,ok
1446,1,,2024-04-16 06:00:00.000000,22,ok
1447,2,,2024-04-16 06:00:00.000000,20,
1448,3,64.0,2024-04-16 06:57:52.351466,17,sin intervencion
1449,2,61.0,2024-04-16 12:36:10.210576,13,sin novedad
1450,5,,2024-04-16 14:00:00.000000,19,normal
1451,4,,2024-04-16 14:00:00.000000,19,ok
1452,3,68.0,2024-04-16 14:45:05.585823,14,purga completa
1453,1,22.0,2024-04-16 14:48:27.060476,12,purga completa
1454,5,118.0,2024-04-16 18:09:26.030822,13,OK
1455,1,10.0,2024-04-16 19:12:58.560524,10,
1456,4,87.0,2024-04-16 19:37:04.771091,13,DRN OK
1457,1,,2024-04-16 22:00:00.000000,21,normal
1458,4,,2024-04-16 22:00:00.000000,19,
1459,3,,2024-04-16 22:00:00.000000,19,s/n
1460,4,,2024-04-17 06:00:00.000000,22,ok
1461,2,,2024-04-17 06:00:00.000000,21,ok
1462,3,75.0,2024-04-17 08:21:56.073181,17,sin intervencion
1463,1,26.0,2024-04-17 09:47:37.695783,15,operador reseteo
1464,3,,2024-04-17 14:00:00.000000,21,s/n
1465,5,,2024-04-17 14:00:00.000000,22,ok
1466,4,,2024-04-17 14:00:00.000000,22,normal
1467,4,105.0,2024-04-17 19:02:30.968172,10,
1468,3,,2024-04-17 22:00:00.000000,21,ok
1469,4,,2024-04-17 22:00:00.000000,22,ok
1470,5,,2024-04-17 22:00:00.000000,22,normal
1471,2,,2024-04-17 22:00:00.000000,22,normal
1472,1,33.0,2024-04-18 01:57:05.929131,11,ok.
1473,2,,2024-04-18 06:00:00.000000,21,s/n
1474,1,35.0,2024-04-18 06:26:33.116319,2,PARADA POR FALLA
1475,1,24.0,2024-04-18 09:15:21.689918,5,PARADA POR FALLA
1476,3,72.0,2024-04-18 12:47:57.040660,18,operador reseteo
1477,1,35.0,2024-04-18 13:01:18.244763,7,reanuda produccion
1478,1,17.0,2024-04-18 13:24:24.726563,13,OK
1479,2,,2024-04-18 14:00:00.000000,22,s/n
1480,4,,2024-04-18 14:00:00.000000,21,
1481,5,,2024-04-18 14:00:00.000000,19,s/n
1482,1,12.0,2024-04-18 14:55:10.243147,15,restablecida sola
1483,1,4.0,2024-04-18 15:52:47.564518,4,ver OT
1484,4,105.0,2024-04-18 18:00:47.904109,14,OK
1485,1,12.0,2024-04-18 18:01:14.849065,17,restablecida sola
1486,4,,2024-04-18 22:00:00.000000,22,normal
1487,1,,2024-04-18 22:00:00.000000,19,ok
1488,1,4.0,2024-04-18 23:04:15.353256,9,
1489,1,10.0,2024-04-18 23:51:50.185728,13,sin novedad
1490,2,57.0,2024-04-19 00:10:13.985649,10,DRN OK
1491,3,,2024-04-19 06:00:00.000000,19,
1492,1,,2024-04-19 06:00:00.000000,20,ok
1493,3,79.0,2024-04-19 09:23:48.913427,13,
1494,4,,2024-04-19 14:00:00.000000,19,normal
1495,5,,2024-04-19 14:00:00.000000,21,s/n
1496,1,24.0,2024-04-19 17:29:05.096627,7,
1497,4,,2024-04-19 22:00:00.000000,20,
1498,4,91.0,2024-04-20 02:30:52.972137,15,operador reseteo
1499,4,,2024-04-20 06:00:00.000000,20,ok
1500,1,,2024-04-20 06:00:00.000000,21,s/n
1501,3,,2024-04-20 06:00:00.000000,19,ok
1502,4,83.0,2024-04-20 09:18:36.432737,17,sin intervencion
1503,2,60.0,2024-04-20 12:09:00.749906,11,OK
1504,4,,2024-04-20 13:05:13.944192,29,ver informe adjunto
1505,5,,2024-04-20 14:00:00.000000,21,ok
1506,1,,2024-04-20 14:00:00.000000,20,
1507,3,,2024-04-20 14:00:00.000000,22,ok
1508,3,77.0,2024-04-21 05:36:16.040805,10,DRN OK
1509,4,100.0,2024-04-21 05:48:12.415450,13,
1510,4,,2024-04-21 06:00:00.000000,22,s/n
1511,2,,2024-04-21 06:00:00.000000,19,s/n
1512,3,,2024-04-21 14:00:00.000000,20,s/n
1513,4,,2024-04-21 14:00:00.000000,19,ok
1514,4,84.0,2024-04-21 14:36:26.858992,12,sin novedad
1515,2,51.0,2024-04-21 21:36:00.093620,13,
1516,3,,2024-04-21 22:00:00.000000,21,s/n
1517,1,,2024-04-22 04:39:24.839311,24,ver informe adjunto
1518,5,121.0,2024-04-22 05:06:54.019270,15,restablecida sola
1519,5,,2024-04-22 06:00:00.000000,20,normal
1520,1,,2024-04-22 06:00:00.000000,21,
1521,5,127.0,2024-04-22 10:52:58.023437,10,DRN OK
1522,2,56.0,2024-04-22 11:15:24.084893,10,purga completa
1523,5,,2024-04-22 14:00:00.000000,20,s/n
1524,1,24.0,2024-04-22 19:26:16.538436,10,ok.
1525,3,65.0,2024-04-22 21:01:24.321418,14,purga completa
1526,5,141.0,2024-04-23 03:55:56.154782,15,sin intervencion
1527,4,,2024-04-23 06:00:00.000000,19,
1528,2,,2024-04-23 06:00:00.000000,20,s/n
1529,5,,2024-04-23 06:00:00.000000,21,
1530,1,19.0,2024-04-23 10:40:37.769444,10,OK
1531,2,46.0,2024-04-23 11:55:56.638856,11,OK
1532,2,61.0,2024-04-23 13:30:03.234502,14,DRN OK
1533,4,,2024-04-23 14:00:00.000000,19,normal
1534,5,,2024-04-23 14:00:00.000000,21,normal
1535,2,,2024-04-23 14:00:00.000000,19,
1536,3,,2024-04-23 14:00:00.000000,20,
1537,5,135.0,2024-04-23 18:26:07.287857,15,operador reseteo
1538,5,145.0,2024-04-23 20:55:38.264606,13,DRN OK
1539,3,,2024-04-23 22:00:00.000000,19,normal
1540,1,,2024-04-23 22:00:00.000000,21,normal
1541,2,48.0,2024-04-24 02:38:05.540328,10,sin novedad
1542,3,66.0,2024-04-24 05:53:26.056908,14,sin novedad
1543,4,,2024-04-24 06:00:00.000000,21,normal
1544,2,,2024-04-24 06:00:00.000000,20,
1545,1,,2024-04-24 06:00:00.000000,19,normal
1546,5,,2024-04-24 06:00:00.000000,19,
1547,5,,2024-04-24 14:00:00.000000,20,
1548,2,,2024-04-24 14:00:00.000000,21,ok
1549,1,,2024-04-24 14:00:00.000000,20,s/n
1550,3,,2024-04-24 14:00:00.000000,22,normal
1551,1,36.0,2024-04-24 15:31:07.865213,18,operador reseteo
1552,4,92.0,2024-04-24 16:33:36.224730,13,OK
1553,2,,2024-04-24 22:00:00.000000,22,normal
1554,4,,2024-04-24 22:00:00.000000,19,normal
1555,5,144.0,2024-04-24 23:16:10.419590,16,operador reseteo
1556,5,140.0,2024-04-24 23:40:46.564609,14,ok.
1557,3,72.0,2024-04-25 01:26:24.942425,12,sin novedad
1558,1,20.0,2024-04-25 01:52:32.035042,12,
1559,2,39.0,2024-04-25 03:31:19.770915,13,OK
1560,5,,2024-04-25 06:00:00.000000,22,normal
1561,4,,2024-04-25 06:00:00.000000,21,ok
1562,5,135.0,2024-04-25 08:33:26.790098,11,purga completa
1563,2,,2024-04-25 12:40:29.587940,28,
1564,1,,2024-04-25 14:00:00.000000,21,s/n
1565,2,54.0,2024-04-25 15:32:44.137243,16,sin intervencion
1566,1,37.0,2024-04-25 18:29:11.775705,10,ok.
1567,1,37.0,2024-04-25 19:02:33.062606,13,OK
1568,1,5.0,2024-04-25 21:49:42.535826,14,DRN OK
1569,1,,2024-04-25 22:00:00.000000,19,normal
1570,3,,2024-04-25 22:00:00.000000,22,normal
1571,5,,2024-04-25 22:00:00.000000,19,
1572,5,138.0,2024-04-26 05:09:18.201557,13,OK
1573,4,,2024-04-26 06:00:00.000000,22,ok
1574,3,,2024-04-26 06:00:00.000000,22,
1575,5,136.0,2024-04-26 11:55:56.153362,13,
1576,5,,2024-04-26 14:00:00.000000,19,normal
1577,2,,2024-04-26 14:00:00.000000,22,s/n
1578,3,,2024-04-26 14:00:00.000000,20,ok
1579,1,,2024-04-26 14:00:00.000000,21,normal
1580,1,27.0,2024-04-26 17:28:10.226948,11,DRN OK
1581,4,99.0,2024-04-26 18:01:50.622029,15,operador reseteo
1582,5,117.0,2024-04-26 18:11:50.090511,13,ok.
1583,4,,2024-04-26 22:00:00.000000,21,s/n
1584,2,,2024-04-26 22:00:00.000000,20,ok
1585,3,,2024-04-26 22:00:00.000000,22,s/n
1586,5,,2024-04-26 22:00:00.000000,20,normal
1587,4,103.0,2024-04-27 01:16:25.133826,18,operador reseteo
1588,4,107.0,2024-04-27 04:50:11.337750,11,sin novedad
1589,4,95.0,2024-04-27 04:54:13.279822,12,OK
1590,3,,2024-04-27 06:00:00.000000,19,s/n
1591,5,122.0,2024-04-27 08:41:26.987192,15,operador reseteo
1592,4,112.0,2024-04-27 08:49:11.947462,14,sin novedad
1593,4,109.0,2024-04-27 11:20:06.820381,11,
1594,3,65.0,2024-04-27 11:30:26.612264,17,sin intervencion
1595,2,,2024-04-27 14:00:00.000000,22,
1596,1,31.0,2024-04-27 14:38:25.927660,14,
1597,3,66.0,2024-04-28 01:30:49.142995,12,ok.
1598,2,,2024-04-28 06:00:00.000000,19,
1599,1,,2024-04-28 06:00:00.000000,22,normal
1600,3,,2024-04-28 06:00:00.000000,20,
1601,5,136.0,2024-04-28 09:50:35.589883,16,sin intervencion
1602,2,47.0,2024-04-28 11:33:41.263772,12,purga completa
1603,5,,2024-04-28 14:00:00.000000,20,
1604,2,,2024-04-28 14:00:00.000000,22,s/n
1605,3,70.0,2024-04-28 15:24:05.318610,10,sin novedad
1606,1,19.0,2024-04-28 16:48:55.271140,11,sin novedad
1607,1,,2024-04-28 22:00:00.000000,21,ok
1608,4,,2024-04-28 22:00:00.000000,20,s/n
1609,2,,2024-04-28 22:00:00.000000,21,s/n
1610,3,63.0,2024-04-29 01:12:59.927714,12,purga completa
1611,1,,2024-04-29 05:16:11.659123,27,aviso proveedor externo
1612,4,,2024-04-29 06:00:00.000000,20,s/n
1613,1,,2024-04-29 06:00:00.000000,19,
1614,3,,2024-04-29 06:00:00.000000,21,ok
1615,2,40.0,2024-04-29 06:19:37.026027,15,sin intervencion
1616,1,30.0,2024-04-29 06:21:37.594970,12,purga completa
1617,3,77.0,2024-04-29 07:06:57.285470,11,OK
1618,2,52.0,2024-04-29 09:54:01.169130,18,operador reseteo
1619,3,77.0,2024-04-29 13:34:35.481665,10,purga completa
1620,5,,2024-04-29 14:00:00.000000,22,ok
1621,2,53.0,2024-04-29 20:29:14.519212,11,
1622,4,110.0,2024-04-29 21:18:32.559728,16,restablecida sola
1623,1,,2024-04-29 22:00:00.000000,19,s/n
1624,2,,2024-04-29 22:00:00.000000,21,ok
1625,3,71.0,2024-04-30 00:31:31.503483,11,OK
1626,5,,2024-04-30 06:00:00.000000,22,
1627,3,,2024-04-30 06:00:00.000000,20,s/n
1628,1,15.0,2024-04-30 06:19:00.592006,16,operador reseteo
1629,2,,2024-04-30 14:00:00.000000,20,ok
1630,5,,2024-04-30 14:00:00.000000,19,normal
1631,4,,2024-04-30 14:00:00.000000,20,
1632,2,56.0,2024-04-30 17:17:27.173972,14,sin novedad
1633,4,111.0,2024-04-30 19:41:13.133550,15,restablecida sola
1634,5,133.0,2024-04-30 21:31:29.353398,13,sin novedad
1635,2,,2024-04-30 22:00:00.000000,21,ok
1636,1,,2024-04-30 22:00:00.000000,22,normal
1637,4,,2024-04-30 22:00:00.000000,20,ok
1638,3,73.0,2024-05-01 01:18:00.711292,11,sin novedad
1639,4,,2024-05-01 06:00:00.000000,20,
1640,1,,2024-05-01 06:00:00.000000,22,normal
1641,4,93.0,2024-05-01 07:57:09.175043,13,DRN OK
1642,2,60.0,2024-05-01 09:31:44.640183,13,purga completa
1643,1,,2024-05-01 14:00:00.000000,21,
1644,5,,2024-05-01 14:00:00.000000,20,s/n
1645,5,131.0,2024-05-01 17:24:14.837608,15,restablecida sola
1646,2,56.0,2024-05-01 18:08:12.104919,11,OK
1647,2,45.0,2024-05-01 20:07:27.137909,17,restablecida sola
1648,3,,2024-05-01 22:00:00.000000,19,normal
1649,2,,2024-05-01 22:00:00.000000,21,s/n
1650,2,59.0,2024-05-02 01:46:18.188987,14,ok.
1651,1,37.0,2024-05-02 03:36:34.222474,11,DRN OK
1652,1,25.0,2024-05-02 04:20:46.766133,15,sin intervencion
1653,5,145.0,2024-05-02 05:09:07.714021,17,sin intervencion
1654,2,,2024-05-02 06:00:00.000000,22,normal
1655,1,,2024-05-02 06:00:00.000000,22,normal
1656,4,,2024-05-02 06:00:00.000000,21,s/n
1657,5,,2024-05-02 14:00:00.000000,19,normal
1658,2,,2024-05-02 14:00:00.000000,21,s/n
1659,4,104.0,2024-05-02 15:15:40.866387,5,
1660,2,54.0,2024-05-02 16:59:02.534826,10,sin novedad
1661,5,123.0,2024-05-02 18:33:34.552438,13,ok.
1662,5,,2024-05-02 22:00:00.000000,20,
1663,4,,2024-05-02 22:00:00.000000,20,s/n
1664,4,100.0,2024-05-02 22:05:19.041846,14,purga completa
1665,5,142.0,2024-05-02 23:10:10.307843,13,DRN OK
1666,3,,2024-05-03 06:00:00.000000,21,s/n
1667,4,,2024-05-03 06:00:00.000000,21,
1668,4,104.0,2024-05-03 08:36:42.602787,8,arranque normal
1669,3,,2024-05-03 14:00:00.000000,21,ok
1670,5,,2024-05-03 14:00:00.000000,20,
1671,1,11.0,2024-05-03 19:30:33.356277,10,DRN OK
1672,5,139.0,2024-05-03 20:59:49.176795,14,purga completa
1673,1,,2024-05-03 22:00:00.000000,22,s/n
1674,2,,2024-05-03 22:00:00.000000,22,
1675,3,79.0,2024-05-03 23:06:02.383213,15,sin intervencion
1676,3,66.0,2024-05-03 23:18:21.343596,12,sin novedad
1677,2,41.0,2024-05-04 02:29:26.934651,14,purga completa
1678,1,,2024-05-04 06:00:00.000000,22,
1679,4,,2024-05-04 06:00:00.000000,20,normal
1680,5,,2024-05-04 06:00:00.000000,21,s/n
1681,1,17.0,2024-05-04 11:28:27.555083,15,sin intervencion
1682,3,,2024-05-04 14:00:00.000000,19,s/n
1683,5,,2024-05-04 14:00:00.000000,22,s/n
1684,3,63.0,2024-05-04 14:03:35.886612,10,ok.
1685,2,55.0,2024-05-04 17:31:02.867889,10,DRN OK
1686,5,129.0,2024-05-04 18:17:13.014032,12,sin novedad
1687,3,76.0,2024-05-04 18:35:01.388276,10,sin novedad
1688,4,,2024-05-04 22:00:00.000000,21,
1689,2,,2024-05-04 22:00:00.000000,20,
1690,3,,2024-05-04 22:00:00.000000,22,normal
1691,3,68.0,2024-05-04 22:36:15.768294,14,sin novedad
1692,3,70.0,2024-05-04 22:50:43.739331,13,ok.
1693,1,29.0,2024-05-05 01:48:50.492650,10,ok.
1694,3,,2024-05-05 06:00:00.000000,22,
1695,5,,2024-05-05 06:00:00.000000,19,ok
1696,1,32.0,2024-05-05 06:16:58.689022,4,ver OT
1697,1,4.0,2024-05-05 10:39:15.562539,4,por mantenimiento
1698,1,11.0,2024-05-05 11:06:55.460373,12,ok.
1699,5,121.0,2024-05-05 11:59:27.432784,3,ver OT
1700,3,,2024-05-05 14:00:00.000000,22,s/n
1701,1,,2024-05-05 14:00:00.000000,19,
1702,5,,2024-05-05 14:00:00.000000,19,ok
1703,2,,2024-05-05 14:00:00.000000,19,
1704,1,,2024-05-05 14:06:35.654393,27,
1705,2,59.0,2024-05-05 14:42:53.652406,17,sin intervencion
1706,5,121.0,2024-05-05 15:15:36.767088,8,
1707,3,,2024-05-05 22:00:00.000000,22,normal
1708,4,,2024-05-05 22:00:00.000000,22,normal
1709,5,,2024-05-05 22:00:00.000000,21,ok
1710,1,36.0,2024-05-06 03:29:20.143570,11,purga completa
1711,2,49.0,2024-05-06 04:00:26.309359,11,
1712,5,,2024-05-06 06:00:00.000000,20,s/n
1713,3,,2024-05-06 06:00:00.000000,21,ok
1714,2,,2024-05-06 06:00:00.000000,20,s/n
1715,3,81.0,2024-05-06 07:11:06.301475,11,OK
1716,1,30.0,2024-05-06 07:12:53.374042,14,OK
1717,1,4.0,2024-05-06 11:12:12.004553,9,arranque normal
1718,1,36.0,2024-05-06 12:42:38.067563,5,
1719,3,,2024-05-06 14:00:00.000000,22,
1720,1,,2024-05-06 14:00:00.000000,20,
1721,4,,2024-05-06 14:00:00.000000,21,s/n
1722,2,,2024-05-06 14:00:00.000000,21,s/n
1723,1,32.0,2024-05-06 14:13:19.393991,7,OK
1724,1,36.0,2024-05-06 17:08:33.575006,7,OK
1725,2,,2024-05-06 22:00:00.000000,21,ok
1726,5,,2024-05-06 22:00:00.000000,21,s/n
1727,3,71.0,2024-05-07 02:35:07.297359,17,restablecida sola
1728,1,19.0,2024-05-07 03:18:03.425088,10,DRN OK
1729,4,,2024-05-07 06:00:00.000000,20,normal
1730,1,,2024-05-07 06:00:00.000000,19,ok
1731,5,,2024-05-07 06:00:00.000000,22,s/n
1732,2,,2024-05-07 06:00:00.000000,20,
1733,4,87.0,2024-05-07 06:42:40.862237,17,sin intervencion
1734,1,33.0,2024-05-07 08:33:41.991489,14,ok.
1735,4,110.0,2024-05-07 10:56:54.935884,1,PARADA POR FALLA
1736,3,,2024-05-07 11:15:24.145801,27,aviso proveedor externo
1737,2,,2024-05-07 14:00:00.000000,22,ok
1738,4,,2024-05-07 14:00:00.000000,21,
1739,5,,2024-05-07 14:00:00.000000,22,ok
1740,1,8.0,2024-05-07 15:37:54.236862,1,
1741,4,,2024-05-07 22:00:00.000000,20,ok
1742,1,8.0,2024-05-07 23:51:44.257984,7,arranque normal
1743,2,47.0,2024-05-08 03:39:10.284293,14,
1744,2,,2024-05-08 06:00:00.000000,19,
1745,4,110.0,2024-05-08 06:15:26.123785,9,OK
1746,5,,2024-05-08 06:41:31.589281,26,
1747,3,71.0,2024-05-08 11:23:24.652693,14,DRN OK
1748,2,,2024-05-08 14:00:00.000000,20,
1749,4,,2024-05-08 14:00:00.000000,20,ok
1750,4,93.0,2024-05-08 16:31:39.856130,13,sin novedad
1751,2,45.0,2024-05-08 20:20:03.439572,13,sin novedad
1752,2,,2024-05-08 22:00:00.000000,21,normal
1753,4,,2024-05-08 22:00:00.000000,22,
1754,1,24.0,2024-05-09 01:50:24.938836,13,sin novedad
1755,2,59.0,2024-05-09 05:48:54.433168,11,OK
1756,4,,2024-05-09 06:00:00.000000,19,ok
1757,2,,2024-05-09 06:00:00.000000,22,
1758,1,,2024-05-09 06:00:00.000000,22,ok
1759,4,110.0,2024-05-09 07:07:37.602925,17,operador reseteo
1760,4,100.0,2024-05-09 08:48:48.274355,14,DRN OK
1761,2,55.0,2024-05-09 09:07:41.484110,12,
1762,5,,2024-05-09 14:00:00.000000,20,normal
1763,1,,2024-05-09 14:00:00.000000,21,ok
1764,2,,2024-05-09 14:00:00.000000,21,
1765,4,102.0,2024-05-09 18:54:48.831694,12,OK
1766,1,24.0,2024-05-09 19:56:17.874282,15,operador reseteo
1767,1,,2024-05-09 22:00:00.000000,19,normal
1768,3,,2024-05-09 22:00:00.000000,20,
1769,2,,2024-05-09 22:00:00.000000,19,s/n
1770,2,51.0,2024-05-10 04:21:50.567438,13,sin novedad
1771,5,,2024-05-10 05:20:27.536150,29,aviso proveedor externo
1772,1,,2024-05-10 06:00:00.000000,20,
1773,5,,2024-05-10 06:00:00.000000,21,ok
1774,4,,2024-05-10 06:00:00.000000,19,s/n
1775,4,111.0,2024-05-10 08:33:27.992550,10,
1776,4,97.0,2024-05-10 08:39:35.131567,3,ver OT
1777,4,97.0,2024-05-10 10:49:10.542481,9,
1778,2,,2024-05-10 14:00:00.000000,19,normal
1779,4,,2024-05-10 14:00:00.000000,21,s/n
1780,5,,2024-05-10 14:00:00.000000,22,normal
1781,4,85.0,2024-05-10 18:57:13.070663,15,restablecida sola
1782,1,,2024-05-10 22:00:00.000000,19,
1783,5,,2024-05-10 22:00:00.000000,21,ok
1784,2,48.0,2024-05-11 04:02:17.923465,13,ok.
1785,1,,2024-05-11 06:00:00.000000,20,
1786,3,,2024-05-11 06:00:00.000000,21,ok
1787,2,,2024-05-11 06:00:00.000000,21,
1788,2,51.0,2024-05-11 10:00:35.609600,11,OK
1789,1,,2024-05-11 14:00:00.000000,21,
1790,4,,2024-05-11 14:00:00.000000,20,
1791,2,,2024-05-11 14:00:00.000000,22,
1792,4,87.0,2024-05-11 20:48:59.009969,15,operador reseteo
1793,5,,2024-05-11 22:00:00.000000,21,
1794,2,,2024-05-11 22:00:00.000000,19,s/n
1795,1,32.0,2024-05-12 04:12:34.045362,2,PARADA POR FALLA
1796,2,,2024-05-12 06:00:00.000000,21,
1797,4,88.0,2024-05-12 07:21:52.937473,18,operador reseteo
1798,4,,2024-05-12 10:53:49.533158,28,aviso proveedor externo
1799,1,32.0,2024-05-12 12:50:02.457363,18,operador reseteo
1800,2,,2024-05-12 14:00:00.000000,20,ok
1801,5,,2024-05-12 14:00:00.000000,21,s/n
1802,4,,2024-05-12 14:00:00.000000,21,
1803,2,39.0,2024-05-12 14:25:58.725863,18,operador reseteo
1804,5,125.0,2024-05-12 14:52:48.520117,10,ok.
1805,1,32.0,2024-05-12 17:15:36.536548,6,reanuda produccion
1806,1,19.0,2024-05-12 21:15:25.505110,11,sin novedad
1807,3,,2024-05-12 22:00:00.000000,21,ok
1808,1,,2024-05-12 22:00:00.000000,19,normal
1809,2,,2024-05-12 22:00:00.000000,22,normal
1810,5,,2024-05-12 22:00:00.000000,20,s/n
1811,3,72.0,2024-05-12 22:27:02.461512,12,ok.
1812,3,66.0,2024-05-12 23:35:19.933240,11,OK
1813,3,70.0,2024-05-13 00:31:42.072533,11,DRN OK
1814,4,111.0,2024-05-13 01:08:51.119670,17,sin intervencion
1815,3,,2024-05-13 06:00:00.000000,19,normal
1816,1,,2024-05-13 06:00:00.000000,20,ok
1817,2,,2024-05-13 06:00:00.000000,20,ok
1818,2,44.0,2024-05-13 07:36:56.207865,5,por mantenimiento
1819,2,,2024-05-13 14:00:00.000000,22,normal
1820,4,,2024-05-13 14:00:00.000000,19,s/n
1821,1,,2024-05-13 14:00:00.000000,22,s/n
1822,3,,2024-05-13 14:00:00.000000,21,normal
1823,1,21.0,2024-05-13 14:39:04.030793,12,DRN OK
1824,3,69.0,2024-05-13 17:27:20.764172,11,
1825,2,44.0,2024-05-13 21:41:38.810324,7,
1826,4,,2024-05-13 22:00:00.000000,22,
1827,3,68.0,2024-05-13 22:54:44.371082,14,ok.
1828,5,126.0,2024-05-14 00:11:20.190358,11,ok.
1829,5,,2024-05-14 06:00:00.000000,22,s/n
1830,4,,2024-05-14 06:00:00.000000,21,ok
1831,2,,2024-05-14 06:00:00.000000,19,
1832,1,,2024-05-14 06:00:00.000000,19,s/n
1833,1,4.0,2024-05-14 06:15:52.329954,15,operador reseteo
1834,3,63.0,2024-05-14 08:31:12.929627,10,
1835,5,,2024-05-14 14:00:00.000000,20,normal
1836,4,,2024-05-14 14:00:00.000000,22,normal
1837,3,,2024-05-14 14:00:00.000000,22,
1838,1,31.0,2024-05-14 17:54:07.869178,14,ok.
1839,2,49.0,2024-05-14 19:47:59.399531,17,restablecida sola
1840,2,48.0,2024-05-14 20:15:11.493733,12,DRN OK
1841,1,,2024-05-14 22:00:00.000000,22,s/n
1842,3,,2024-05-14 22:00:00.000000,19,ok
1843,5,,2024-05-14 22:00:00.000000,19,s/n
1844,2,,2024-05-14 22:00:00.000000,20,ok
1845,3,80.0,2024-05-14 22:53:51.342752,2,PARADA POR FALLA
1846,3,72.0,2024-05-14 23:22:11.465807,13,DRN OK
1847,1,,2024-05-15 04:22:43.665688,28,aviso proveedor externo
1848,1,,2024-05-15 06:00:00.000000,21,
1849,3,,2024-05-15 06:00:00.000000,19,normal
1850,5,,2024-05-15 06:00:00.000000,22,s/n
1851,4,,2024-05-15 06:00:00.000000,19,ok
1852,2,49.0,2024-05-15 09:59:03.209474,11,OK
1853,4,103.0,2024-05-15 10:29:22.385683,12,ok.
1854,3,80.0,2024-05-15 10:39:56.532173,9,arranque normal
1855,4,95.0,2024-05-15 12:07:41.580988,2,
1856,5,,2024-05-15 14:00:00.000000,19,
1857,2,,2024-05-15 14:00:00.000000,20,
1858,4,105.0,2024-05-15 18:00:11.831400,14,purga completa
1859,5,144.0,2024-05-15 21:17:58.413330,17,restablecida sola
1860,4,,2024-05-15 22:00:00.000000,21,
1861,1,33.0,2024-05-15 22:24:14.162023,14,purga completa
1862,1,26.0,2024-05-16 00:30:59.632333,13,sin novedad
1863,3,70.0,2024-05-16 04:37:07.945347,12,
1864,4,,2024-05-16 06:00:00.000000,22,
1865,2,,2024-05-16 06:00:00.000000,20,ok
1866,4,93.0,2024-05-16 06:53:54.365526,13,sin novedad
1867,1,31.0,2024-05-16 07:43:31.641270,5,ver OT
1868,1,27.0,2024-05-16 08:09:58.357985,12,ok.
1869,1,31.0,2024-05-16 10:19:51.530259,9,arranque normal
1870,1,21.0,2024-05-16 13:20:35.425453,17,restablecida sola
1871,4,95.0,2024-05-16 14:16:09.856203,9,OK
1872,3,,2024-05-16 15:00:52.426639,28,ver informe adjunto
1873,5,134.0,2024-05-16 17:23:11.728429,12,sin novedad
1874,5,142.0,2024-05-16 19:17:49.866261,17,sin intervencion
1875,1,35.0,2024-05-16 20:51:26.296626,11,sin novedad
1876,3,71.0,2024-05-16 21:23:47.822953,14,
1877,2,,2024-05-16 22:00:00.000000,19,s/n
1878,3,,2024-05-16 22:00:00.000000,19,
1879,4,,2024-05-16 22:00:00.000000,19,s/n
1880,5,,2024-05-16 22:00:00.000000,19,ok
1881,5,139.0,2024-05-17 05:44:14.949687,11,
1882,4,,2024-05-17 06:00:00.000000,20,normal
1883,1,27.0,2024-05-17 12:52:23.812945,18,operador reseteo
1884,2,,2024-05-17 14:00:00.000000,21,normal
1885,5,,2024-05-17 14:00:00.000000,21,s/n
1886,2,45.0,2024-05-17 16:32:23.109392,14,OK
1887,1,7.0,2024-05-17 18:59:29.846641,17,restablecida sola
1888,5,119.0,2024-05-17 21:02:11.405536,12,purga completa
1889,4,,2024-05-17 22:00:00.000000,20,s/n
1890,3,,2024-05-17 22:00:00.000000,20,
1891,5,,2024-05-17 22:00:00.000000,20,ok
1892,2,,2024-05-17 22:00:00.000000,20,normal
1893,2,55.0,2024-05-17 23:09:30.529713,4,por mantenimiento
1894,4,104.0,2024-05-18 00:18:18.826783,15,sin intervencion
1895,5,132.0,2024-05-18 01:48:22.911053,15,sin intervencion
1896,5,118.0,2024-05-18 01:53:19.642309,10,purga completa
1897,5,,2024-05-18 06:00:00.000000,20,s/n
1898,1,,2024-05-18 06:00:00.000000,21,s/n
1899,1,4.0,2024-05-18 07:25:56.806851,3,
1900,5,129.0,2024-05-18 12:41:48.568382,11,purga completa
1901,5,123.0,2024-05-18 13:26:40.444803,14,ok.
1902,1,4.0,2024-05-18 13:41:30.967571,9,OK
1903,5,125.0,2024-05-18 13:54:44.639630,15,restablecida sola
1904,4,,2024-05-18 14:00:00.000000,20,normal
1905,4,90.0,2024-05-18 19:34:35.872736,13,purga completa
1906,2,39.0,2024-05-18 20:47:58.381294,13,ok.
1907,1,,2024-05-18 22:00:00.000000,19,ok
1908,3,,2024-05-18 22:00:00.000000,20,normal
1909,5,,2024-05-18 22:00:00.000000,22,s/n
1910,3,79.0,2024-05-18 22:38:36.632145,15,operador reseteo
1911,1,8.0,2024-05-18 23:55:04.677691,15,sin intervencion
1912,1,,2024-05-19 06:00:00.000000,19,normal
1913,3,,2024-05-19 06:00:00.000000,22,normal
1914,5,,2024-05-19 06:00:00.000000,22,s/n
1915,2,55.0,2024-05-19 11:56:50.063298,9,arranque normal
1916,2,,2024-05-19 14:00:00.000000,19,
1917,5,,2024-05-19 14:00:00.000000,22,s/n
1918,3,,2024-05-19 14:00:00.000000,20,ok
1919,5,127.0,2024-05-19 14:46:54.845227,17,restablecida sola
1920,3,80.0,2024-05-19 16:31:08.110618,11,purga completa
1921,5,,2024-05-19 22:00:00.000000,19,ok
1922,3,,2024-05-19 22:00:00.000000,21,ok
1923,1,30.0,2024-05-20 02:25:02.057639,14,OK
1924,1,,2024-05-20 03:52:37.626148,29,
1925,3,,2024-05-20 06:00:00.000000,19,
1926,4,,2024-05-20 06:00:00.000000,20,ok
1927,2,61.0,2024-05-20 13:13:41.997059,14,ok.
1928,1,,2024-05-20 14:00:00.000000,22,ok
1929,4,,2024-05-20 14:00:00.000000,20,ok
1930,2,55.0,2024-05-20 15:19:35.143946,10,ok.
1931,4,104.0,2024-05-20 18:05:33.088567,14,sin novedad
1932,1,,2024-05-20 22:00:00.000000,20,normal
1933,2,,2024-05-20 22:00:00.000000,21,
1934,2,56.0,2024-05-20 22:12:50.406213,12,DRN OK
1935,5,145.0,2024-05-21 04:29:23.058225,12,purga completa
1936,5,,2024-05-21 06:00:00.000000,21,normal
1937,2,,2024-05-21 06:00:00.000000,21,normal
1938,4,109.0,2024-05-21 12:24:03.658029,15,sin intervencion
1939,2,,2024-05-21 14:00:00.000000,20,s/n
1940,4,,2024-05-21 14:00:00.000000,19,normal
1941,1,,2024-05-21 14:00:00.000000,21,
1942,2,,2024-05-21 20:36:47.745333,25,aviso proveedor externo
1943,3,,2024-05-21 22:00:00.000000,20,
1944,5,,2024-05-21 22:00:00.000000,21,
1945,1,20.0,2024-05-21 22:44:13.219274,11,purga completa
1946,1,14.0,2024-05-21 22:49:44.919388,17,restablecida sola
1947,4,103.0,2024-05-22 01:11:07.233479,17,operador reseteo
1948,4,92.0,2024-05-22 01:20:05.838062,10,purga completa
1949,4,91.0,2024-05-22 08:24:48.368489,17,sin intervencion
1950,1,6.0,2024-05-22 12:15:52.156520,12,ok.
1951,2,,2024-05-22 14:00:00.000000,19,s/n
1952,5,,2024-05-22 14:00:00.000000,22,ok
1953,3,,2024-05-22 14:00:00.000000,21,
1954,4,,2024-05-22 14:00:00.000000,21,s/n
1955,3,69.0,2024-05-22 18:30:05.326924,14,ok.
1956,4,111.0,2024-05-22 19:34:49.954322,17,restablecida sola
1957,1,,2024-05-22 22:00:00.000000,19,s/n
1958,4,,2024-05-22 22:00:00.000000,19,ok
1959,5,130.0,2024-05-23 03:02:35.852284,10,
1960,4,84.0,2024-05-23 05:39:38.909032,12,purga completa
1961,3,,2024-05-23 06:00:00.000000,21,ok
1962,5,117.0,2024-05-23 06:54:06.523052,13,sin novedad
1963,4,87.0,2024-05-23 08:34:46.090572,14,OK
1964,1,17.0,2024-05-23 08:44:16.199690,16,operador reseteo
1965,1,36.0,2024-05-23 12:33:48.421376,17,operador reseteo
1966,1,,2024-05-23 14:00:00.000000,22,s/n
1967,5,,2024-05-23 14:00:00.000000,19,normal
1968,4,,2024-05-23 14:00:00.000000,22,normal
1969,5,145.0,2024-05-23 14:38:17.446533,10,OK
1970,5,,2024-05-23 15:42:39.103173,25,aviso proveedor externo
1971,3,,2024-05-23 22:00:00.000000,19,ok
1972,5,141.0,2024-05-24 00:43:04.814358,13,sin novedad
1973,2,,2024-05-24 06:00:00.000000,19,s/n
1974,3,,2024-05-24 06:00:00.000000,21,ok
1975,5,,2024-05-24 06:00:00.000000,20,s/n
1976,5,126.0,2024-05-24 07:06:34.692310,12,OK
1977,5,134.0,2024-05-24 08:57:00.319528,11,ok.
1978,2,44.0,2024-05-24 11:08:03.760248,12,DRN OK
1979,4,,2024-05-24 14:00:00.000000,20,ok
1980,5,,2024-05-24 14:00:00.000000,21,ok
1981,2,,2024-05-24 14:00:00.000000,20,s/n
1982,4,93.0,2024-05-24 14:09:00.983801,10,ok.
1983,1,30.0,2024-05-24 15:15:38.650473,10,
1984,2,46.0,2024-05-24 19:58:12.624121,16,sin intervencion
1985,2,,2024-05-24 22:00:00.000000,19,s/n
1986,4,,2024-05-24 22:00:00.000000,21,s/n
1987,5,138.0,2024-05-25 03:40:19.974086,13,
1988,3,,2024-05-25 06:00:00.000000,22,s/n
1989,2,,2024-05-25 06:00:00.000000,19,
1990,5,127.0,2024-05-25 07:32:44.331933,16,sin intervencion
1991,3,80.0,2024-05-25 07:39:39.275018,15,restablecida sola
1992,5,124.0,2024-05-25 10:39:23.432338,13,purga completa
1993,4,95.0,2024-05-25 11:12:25.572577,12,ok.
1994,3,,2024-05-25 14:00:00.000000,20,
1995,5,,2024-05-25 14:00:00.000000,19,normal
1996,3,76.0,2024-05-25 15:02:29.822597,2,por mantenimiento
1997,5,122.0,2024-05-25 17:46:21.049706,11,OK
1998,3,73.0,2024-05-25 18:57:00.114392,15,operador reseteo
1999,3,76.0,2024-05-25 20:41:12.298599,6,reanuda produccion
2000,5,127.0,2024-05-25 20:58:16.325180,18,sin intervencion
2001,1,33.0,2024-05-25 21:24:33.618053,10,sin novedad
2002,4,,2024-05-25 22:00:00.000000,20,
2003,3,,2024-05-25 22:00:00.000000,20,
2004,2,49.0,2024-05-25 22:28:20.788890,11,purga completa
2005,2,51.0,2024-05-26 00:41:08.760892,14,purga completa
2006,4,,2024-05-26 06:00:00.000000,22,ok
2007,3,,2024-05-26 06:00:00.000000,22,
2008,5,,2024-05-26 14:00:00.000000,19,s/n
2009,3,,2024-05-26 14:00:00.000000,20,ok
2010,2,,2024-05-26 14:00:00.000000,22,
2011,2,61.0,2024-05-26 18:03:54.274952,11,
2012,4,,2024-05-26 22:00:00.000000,19,s/n
2013,3,,2024-05-26 22:00:00.000000,20,
2014,5,,2024-05-26 22:00:00.000000,22,ok
2015,1,,2024-05-26 22:00:00.000000,22,normal
2016,1,24.0,2024-05-27 02:02:16.143088,11,ok.
2017,1,8.0,2024-05-27 03:54:59.611316,11,ok.
2018,1,,2024-05-27 06:00:00.000000,20,
2019,4,,2024-05-27 06:00:00.000000,20,ok
2020,5,,2024-05-27 06:00:00.000000,21,ok
2021,2,,2024-05-27 06:00:00.000000,21,
2022,3,,2024-05-27 06:00:00.000000,19,normal
2023,5,131.0,2024-05-27 07:51:02.711033,14,sin novedad
2024,1,32.0,2024-05-27 08:22:29.512777,1,por mantenimiento
2025,1,8.0,2024-05-27 12:16:15.091967,12,purga completa
2026,1,,2024-05-27 14:00:00.000000,21,ok
2027,3,,2024-05-27 14:00:00.000000,20,ok
2028,5,,2024-05-27 14:00:00.000000,20,ok
2029,1,32.0,2024-05-27 14:52:55.769451,8,arranque normal
2030,1,18.0,2024-05-27 16:09:46.917425,11,ok.
2031,3,72.0,2024-05-27 19:44:47.392685,16,restablecida sola
2032,5,,2024-05-27 22:00:00.000000,20,normal
2033,1,,2024-05-27 22:00:00.000000,22,ok
2034,1,33.0,2024-05-28 05:44:24.240639,5,por mantenimiento
2035,5,,2024-05-28 06:00:00.000000,20,s/n
2036,2,,2024-05-28 06:00:00.000000,21,normal
2037,1,,2024-05-28 06:00:00.000000,22,
2038,4,83.0,2024-05-28 07:12:43.502950,10,
2039,1,33.0,2024-05-28 07:48:56.705901,9,reanuda produccion
2040,2,61.0,2024-05-28 09:51:40.311410,11,OK
2041,3,75.0,2024-05-28 13:30:43.974959,4,PARADA POR FALLA
2042,1,,2024-05-28 14:00:00.000000,22,normal
2043,3,,2024-05-28 14:00:00.000000,19,s/n
2044,3,75.0,2024-05-28 18:47:08.943198,9,reanuda produccion
2045,3,,2024-05-28 22:00:00.000000,19,
2046,2,,2024-05-28 22:00:00.000000,19,s/n
2047,1,,2024-05-28 22:00:00.000000,21,
2048,5,,2024-05-28 22:00:00.000000,20,ok
2049,2,49.0,2024-05-29 00:36:35.921256,15,restablecida sola
2050,3,,2024-05-29 06:00:00.000000,22,
2051,4,,2024-05-29 06:00:00.000000,19,
2052,5,,2024-05-29 06:00:00.000000,19,normal
2053,1,,2024-05-29 06:00:00.000000,20,ok
2054,2,,2024-05-29 06:00:00.000000,19,ok
2055,2,39.0,2024-05-29 10:37:30.826659,13,DRN OK
2056,5,119.0,2024-05-29 11:41:58.533819,5,
2057,2,44.0,2024-05-29 12:26:03.321294,11,
2058,4,,2024-05-29 14:00:00.000000,19,normal
2059,5,119.0,2024-05-29 16:00:24.535416,8,arranque normal
2060,5,,2024-05-29 19:00:29.050586,27,
2061,3,,2024-05-29 22:00:00.000000,21,
2062,1,,2024-05-29 22:00:00.000000,21,s/n
2063,5,,2024-05-29 22:00:00.000000,21,normal
2064,2,53.0,2024-05-29 22:11:27.060166,14,DRN OK
2065,3,70.0,2024-05-29 23:42:00.555085,13,ok.
2066,3,63.0,2024-05-30 01:37:22.019175,16,operador reseteo
2067,4,87.0,2024-05-30 04:06:46.459086,12,sin novedad
2068,3,80.0,2024-05-30 04:23:19.605633,14,purga completa
2069,1,15.0,2024-05-30 05:06:36.744006,10,
2070,4,,2024-05-30 06:00:00.000000,19,s/n
2071,3,,2024-05-30 07:39:23.312313,27,
2072,3,65.0,2024-05-30 13:20:22.475664,14,DRN OK
2073,3,,2024-05-30 14:00:00.000000,22,ok
2074,2,,2024-05-30 14:00:00.000000,22,normal
2075,5,,2024-05-30 14:00:00.000000,20,ok
2076,4,,2024-05-30 14:00:00.000000,21,ok
2077,5,133.0,2024-05-30 17:09:34.576357,2,
2078,5,133.0,2024-05-30 20:59:27.487979,9,
2079,4,,2024-05-30 22:00:00.000000,20,s/n
2080,3,,2024-05-30 22:00:00.000000,21,normal
2081,1,8.0,2024-05-30 23:11:39.916588,11,DRN OK
2082,1,35.0,2024-05-31 01:00:32.361377,12,
2083,5,118.0,2024-05-31 01:34:10.982856,12,sin novedad
2084,2,40.0,2024-05-31 03:31:33.854421,10,sin novedad
2085,3,,2024-05-31 06:00:00.000000,20,ok
2086,2,,2024-05-31 06:00:00.000000,20,
2087,5,,2024-05-31 06:00:00.000000,20,s/n
2088,1,,2024-05-31 06:00:00.000000,22,
2089,1,17.0,2024-05-31 06:07:46.668251,10,OK
2090,1,26.0,2024-05-31 08:55:27.110581,12,OK
2091,3,63.0,2024-05-31 09:10:06.585845,14,ok.
2092,4,105.0,2024-05-31 12:16:14.424391,10,sin novedad
2093,3,,2024-05-31 14:00:00.000000,19,s/n
2094,1,37.0,2024-05-31 14:25:08.336227,16,sin intervencion
2095,3,80.0,2024-05-31 14:47:58.794460,17,sin intervencion
2096,5,,2024-05-31 19:43:55.104716,25,
2097,3,,2024-05-31 22:00:00.000000,22,ok
2098,4,,2024-05-31 22:00:00.000000,20,s/n
2099,5,,2024-05-31 22:00:00.000000,22,ok
2100,1,,2024-05-31 22:00:00.000000,21,s/n
2101,2,,2024-05-31 22:00:00.000000,22,ok
2102,2,54.0,2024-06-01 01:07:03.485168,17,operador reseteo
2103,1,33.0,2024-06-01 03:27:20.005513,18,sin intervencion
2104,5,,2024-06-01 06:00:00.000000,19,s/n
2105,5,135.0,2024-06-01 08:37:28.703824,2,ver OT
2106,4,,2024-06-01 08:43:42.332393,27,aviso proveedor externo
2107,2,42.0,2024-06-01 11:42:23.038758,13,purga completa
2108,1,,2024-06-01 14:00:00.000000,21,ok
2109,5,,2024-06-01 14:00:00.000000,20,normal
2110,1,29.0,2024-06-01 18:41:12.924129,12,purga completa
2111,5,144.0,2024-06-01 21:26:51.337161,12,purga completa
2112,1,,2024-06-01 22:00:00.000000,22,
2113,5,,2024-06-01 22:00:00.000000,20,ok
2114,5,140.0,2024-06-02 02:52:45.782135,12,ok.
2115,1,7.0,2024-06-02 05:59:46.104156,1,ver OT
2116,1,,2024-06-02 06:00:00.000000,21,normal
2117,2,,2024-06-02 06:00:00.000000,20,s/n
2118,1,29.0,2024-06-02 08:24:32.826351,11,ok.
2119,3,65.0,2024-06-02 09:40:33.857395,17,restablecida sola
2120,5,135.0,2024-06-02 12:05:40.075206,7,reanuda produccion
2121,1,7.0,2024-06-02 12:30:44.963742,8,
2122,1,,2024-06-02 14:00:00.000000,20,normal
2123,2,,2024-06-02 14:00:00.000000,20,ok
2124,5,,2024-06-02 14:00:00.000000,19,s/n
2125,4,93.0,2024-06-02 18:52:39.494138,10,
2126,2,39.0,2024-06-02 20:08:47.966615,16,sin intervencion
2127,2,,2024-06-02 22:00:00.000000,22,ok
2128,3,,2024-06-02 22:00:00.000000,19,ok
2129,4,89.0,2024-06-02 23:10:28.719800,12,DRN OK
2130,1,25.0,2024-06-02 23:22:44.730080,12,ok.
2131,1,,2024-06-03 06:00:00.000000,22,normal
2132,4,92.0,2024-06-03 08:51:05.295527,13,OK
2133,2,,2024-06-03 14:00:00.000000,20,ok
2134,1,,2024-06-03 14:00:00.000000,20,s/n
2135,5,,2024-06-03 14:00:00.000000,19,s/n
2136,3,,2024-06-03 14:00:00.000000,20,ok
2137,4,93.0,2024-06-03 17:39:20.384219,11,ok.
2138,5,142.0,2024-06-03 19:36:37.650502,14,sin novedad
2139,1,,2024-06-03 22:00:00.000000,21,normal
2140,2,,2024-06-03 22:00:00.000000,19,normal
2141,5,,2024-06-03 22:00:00.000000,21,
2142,4,,2024-06-03 22:00:00.000000,20,normal
2143,1,14.0,2024-06-04 01:10:44.001566,12,OK
2144,3,66.0,2024-06-04 03:16:24.766437,13,OK
2145,3,,2024-06-04 06:00:00.000000,21,ok
2146,4,,2024-06-04 06:00:00.000000,20,
2147,5,,2024-06-04 06:00:00.000000,20,
2148,4,84.0,2024-06-04 06:10:35.275468,18,operador reseteo
2149,2,47.0,2024-06-04 07:56:42.361836,15,operador reseteo
2150,3,81.0,2024-06-04 09:33:20.759305,13,
2151,5,127.0,2024-06-04 13:04:47.416642,11,
2152,4,,2024-06-04 14:00:00.000000,21,s/n
2153,2,,2024-06-04 14:00:00.000000,21,normal
2154,3,,2024-06-04 14:00:00.000000,19,normal
2155,5,,2024-06-04 14:00:00.000000,19,normal
2156,1,,2024-06-04 14:00:00.000000,20,ok
2157,1,37.0,2024-06-04 15:45:58.334741,5,por mantenimiento
2158,1,37.0,2024-06-04 17:45:42.326233,6,arranque normal
2159,3,71.0,2024-06-04 21:54:38.096160,11,
2160,2,,2024-06-04 22:00:00.000000,21,normal
2161,3,,2024-06-04 22:00:00.000000,19,
2162,5,131.0,2024-06-04 22:02:04.419932,14,DRN OK
2163,2,59.0,2024-06-05 00:23:26.229648,5,PARADA POR FALLA
2164,1,2.0,2024-06-05 03:42:55.281279,11,
2165,3,,2024-06-05 06:00:00.000000,20,s/n
2166,5,,2024-06-05 06:00:00.000000,20,normal
2167,2,,2024-06-05 06:00:00.000000,22,
2168,1,37.0,2024-06-05 11:24:00.277446,13,OK
2169,1,,2024-06-05 14:00:00.000000,19,
2170,3,,2024-06-05 14:00:00.000000,22,normal
2171,4,,2024-06-05 14:00:00.000000,20,
2172,2,47.0,2024-06-05 17:15:14.744622,11,sin novedad
2173,4,85.0,2024-06-05 19:00:51.069744,13,sin novedad
2174,3,70.0,2024-06-05 20:29:34.196441,16,sin intervencion
2175,2,,2024-06-05 22:00:00.000000,20,normal
2176,4,,2024-06-05 22:00:00.000000,20,ok
2177,1,,2024-06-05 22:00:00.000000,21,ok
2178,3,,2024-06-05 22:00:00.000000,22,ok
2179,2,59.0,2024-06-06 00:35:23.719188,6,OK
2180,5,145.0,2024-06-06 01:57:22.963488,12,
2181,2,,2024-06-06 06:00:00.000000,20,normal
2182,1,,2024-06-06 06:00:00.000000,19,s/n
2183,2,,2024-06-06 14:00:00.000000,19,ok
2184,5,,2024-06-06 14:59:21.013683,27,
2185,4,109.0,2024-06-06 17:19:27.880396,14,DRN OK
2186,5,129.0,2024-06-06 17:34:51.425799,4,ver OT
2187,1,,2024-06-06 22:00:00.000000,21,normal
2188,4,,2024-06-07 06:00:00.000000,20,normal
2189,2,,2024-06-07 06:00:00.000000,20,normal
2190,3,,2024-06-07 06:00:00.000000,22,s/n
2191,5,129.0,2024-06-07 07:57:18.282097,7,OK
2192,3,71.0,2024-06-07 10:47:43.201315,13,sin novedad
2193,1,,2024-06-07 14:00:00.000000,19,ok
2194,5,,2024-06-07 14:00:00.000000,19,s/n
2195,2,,2024-06-07 14:00:00.000000,22,normal
2196,3,80.0,2024-06-07 15:26:39.327408,10,sin novedad
2197,4,84.0,2024-06-07 15:43:04.494133,17,sin intervencion
2198,1,,2024-06-07 22:00:00.000000,19,
2199,3,,2024-06-07 22:00:00.000000,22,ok
2200,5,,2024-06-07 22:00:00.000000,22,ok
2201,4,,2024-06-07 22:00:00.000000,22,s/n
2202,3,66.0,2024-06-08 02:23:57.888425,1,
2203,4,,2024-06-08 06:00:00.000000,19,ok
2204,1,,2024-06-08 06:00:00.000000,20,normal
2205,3,76.0,2024-06-08 10:03:34.899827,17,operador reseteo
2206,5,,2024-06-08 15:38:06.662938,23,
2207,1,,2024-06-08 22:00:00.000000,20,ok
2208,2,,2024-06-08 22:00:00.000000,22,ok
2209,4,,2024-06-08 22:00:00.000000,19,ok
2210,3,79.0,2024-06-09 00:05:32.489638,15,sin intervencion
2211,3,81.0,2024-06-09 00:51:56.929821,15,sin intervencion
2212,1,,2024-06-09 06:00:00.000000,21,s/n
2213,3,,2024-06-09 06:00:00.000000,20,normal
2214,4,,2024-06-09 06:00:00.000000,20,
2215,2,,2024-06-09 06:00:00.000000,19,normal
2216,5,,2024-06-09 06:00:00.000000,21,s/n
2217,1,30.0,2024-06-09 09:24:48.261212,16,operador reseteo
2218,5,116.0,2024-06-09 11:37:59.532487,10,
2219,5,136.0,2024-06-09 12:19:25.951416,11,sin novedad
2220,2,,2024-06-09 14:00:00.000000,20,normal
2221,3,66.0,2024-06-09 19:45:11.908238,10,
2222,4,99.0,2024-06-09 21:13:22.788296,10,sin novedad
2223,3,,2024-06-09 22:00:00.000000,19,
2224,2,,2024-06-09 22:00:00.000000,21,
2225,4,107.0,2024-06-09 23:14:22.285765,18,sin intervencion
2226,5,126.0,2024-06-09 23:49:05.403439,11,purga completa
2227,5,,2024-06-10 02:57:27.827874,27,
2228,3,66.0,2024-06-10 03:07:04.435382,8,
2229,3,71.0,2024-06-10 04:24:31.326244,15,operador reseteo
2230,5,,2024-06-10 06:00:00.000000,21,ok
2231,3,,2024-06-10 06:00:00.000000,21,s/n
2232,4,103.0,2024-06-10 07:52:55.345469,5,
2233,3,69.0,2024-06-10 08:49:31.423816,12,
2234,4,87.0,2024-06-10 10:00:20.301037,10,DRN OK
2235,4,96.0,2024-06-10 10:34:17.841248,13,ok.
2236,3,80.0,2024-06-10 11:22:28.682895,15,operador reseteo
2237,4,103.0,2024-06-10 13:10:55.698667,7,arranque normal
2238,4,,2024-06-10 14:00:00.000000,19,
2239,5,,2024-06-10 14:00:00.000000,22,s/n
2240,3,,2024-06-10 14:00:00.000000,19,s/n
2241,5,116.0,2024-06-10 16:19:25.741245,1,PARADA POR FALLA
2242,5,118.0,2024-06-10 18:32:04.297106,15,restablecida sola
2243,5,,2024-06-10 22:00:00.000000,19,
2244,2,,2024-06-10 22:00:00.000000,22,normal
2245,4,,2024-06-10 22:00:00.000000,22,normal
2246,1,,2024-06-10 22:00:00.000000,19,
2247,3,,2024-06-10 22:00:00.000000,21,
2248,3,73.0,2024-06-11 00:17:41.713734,10,
2249,1,33.0,2024-06-11 03:09:07.256518,13,OK
2250,2,,2024-06-11 06:00:00.000000,20,s/n
2251,1,,2024-06-11 06:00:00.000000,21,
2252,5,119.0,2024-06-11 07:55:54.604264,12,purga completa
2253,5,116.0,2024-06-11 09:49:35.955723,9,
2254,4,104.0,2024-06-11 10:30:26.658393,17,operador reseteo
2255,1,7.0,2024-06-11 14:03:29.244998,14,sin novedad
2256,5,142.0,2024-06-11 16:26:20.596070,5,ver OT
2257,4,100.0,2024-06-11 19:08:19.462856,14,DRN OK
2258,4,105.0,2024-06-11 21:07:54.022997,14,sin novedad
2259,4,93.0,2024-06-11 21:12:21.689959,15,operador reseteo
2260,5,142.0,2024-06-11 21:13:55.814840,9,arranque normal
2261,5,122.0,2024-06-11 21:58:42.297282,14,sin novedad
2262,4,,2024-06-11 22:00:00.000000,22,
2263,1,,2024-06-11 22:00:00.000000,19,
2264,3,,2024-06-11 22:00:00.000000,20,s/n
2265,4,91.0,2024-06-12 03:41:37.701310,12,OK
2266,1,,2024-06-12 06:00:00.000000,22,normal
2267,4,,2024-06-12 06:00:00.000000,22,s/n
2268,3,80.0,2024-06-12 07:36:54.004210,16,operador reseteo
2269,3,,2024-06-12 14:00:00.000000,22,normal
2270,5,,2024-06-12 14:00:00.000000,20,s/n
2271,1,,2024-06-12 14:00:00.000000,22,ok
2272,3,66.0,2024-06-12 14:55:31.604326,1,PARADA POR FALLA
2273,3,66.0,2024-06-12 17:46:30.254274,9,OK
2274,2,41.0,2024-06-12 21:33:45.753015,12,ok.
2275,5,,2024-06-12 22:00:00.000000,21,normal
2276,2,,2024-06-12 22:00:00.000000,19,ok
2277,3,66.0,2024-06-13 02:11:18.884411,12,ok.
2278,5,141.0,2024-06-13 03:31:16.472032,11,DRN OK
2279,1,,2024-06-13 06:00:00.000000,22,ok
2280,3,,2024-06-13 06:00:00.000000,20,ok
2281,3,,2024-06-13 14:00:00.000000,21,ok
2282,4,88.0,2024-06-13 16:30:19.477971,12,purga completa
2283,3,80.0,2024-06-13 16:39:53.467428,17,restablecida sola
2284,4,,2024-06-13 22:00:00.000000,20,
2285,5,,2024-06-13 22:00:00.000000,19,s/n
2286,2,,2024-06-13 22:00:00.000000,21,
2287,3,81.0,2024-06-14 04:03:40.710865,14,purga completa
2288,4,,2024-06-14 06:00:00.000000,20,s/n
2289,2,,2024-06-14 06:00:00.000000,20,s/n
2290,1,,2024-06-14 06:00:00.000000,19,s/n
2291,5,146.0,2024-06-14 09:26:39.724338,1,ver OT
2292,1,,2024-06-14 14:00:00.000000,20,normal
2293,4,,2024-06-14 14:00:00.000000,19,ok
2294,1,31.0,2024-06-14 15:56:49.154769,12,sin novedad
2295,4,90.0,2024-06-14 17:39:49.357324,5,PARADA POR FALLA
2296,4,90.0,2024-06-14 20:21:47.563173,8,OK
2297,2,,2024-06-14 22:00:00.000000,21,ok
2298,3,,2024-06-14 22:00:00.000000,22,ok
2299,1,,2024-06-14 22:00:00.000000,20,s/n
2300,4,,2024-06-14 22:00:00.000000,21,s/n
2301,3,72.0,2024-06-14 22:03:11.802746,12,DRN OK
2302,5,124.0,2024-06-14 23:53:40.839686,18,sin intervencion
2303,1,27.0,2024-06-15 04:13:12.811414,5,ver OT
2304,2,42.0,2024-06-15 04:40:16.386576,10,DRN OK
2305,5,,2024-06-15 06:00:00.000000,22,s/n
2306,1,,2024-06-15 06:00:00.000000,21,s/n
2307,3,,2024-06-15 06:00:00.000000,20,
2308,4,,2024-06-15 06:55:48.364099,28,
2309,5,146.0,2024-06-15 07:22:55.268112,7,arranque normal
2310,2,41.0,2024-06-15 11:41:59.827411,17,sin intervencion
2311,3,,2024-06-15 14:00:00.000000,21,
2312,1,,2024-06-15 14:00:00.000000,20,normal
2313,4,,2024-06-15 14:00:00.000000,21,ok
2314,4,83.0,2024-06-15 17:03:31.236213,1,por mantenimiento
2315,4,97.0,2024-06-15 18:34:02.887848,15,restablecida sola
2316,2,,2024-06-15 20:59:03.692470,27,
2317,3,,2024-06-15 22:00:00.000000,19,s/n
2318,2,,2024-06-15 22:00:00.000000,19,ok
2319,1,,2024-06-15 22:00:00.000000,20,ok
2320,4,,2024-06-15 22:00:00.000000,22,s/n
2321,4,83.0,2024-06-15 22:24:02.642769,7,arranque normal
2322,4,108.0,2024-06-16 03:59:44.972440,11,OK
2323,5,141.0,2024-06-16 04:37:09.595355,15,sin intervencion
2324,1,,2024-06-16 06:00:00.000000,19,s/n
2325,2,,2024-06-16 06:00:00.000000,21,normal
2326,5,,2024-06-16 06:00:00.000000,19,ok
2327,3,,2024-06-16 06:00:00.000000,19,normal
2328,2,53.0,2024-06-16 08:13:05.876362,10,DRN OK
2329,1,,2024-06-16 11:33:13.430703,27,aviso proveedor externo
2330,5,136.0,2024-06-16 13:06:02.456854,10,sin novedad
2331,4,,2024-06-16 14:00:00.000000,19,normal
2332,3,,2024-06-16 14:00:00.000000,20,
2333,5,,2024-06-16 14:00:00.000000,20,
2334,5,135.0,2024-06-16 15:07:39.508262,12,purga completa
2335,4,,2024-06-16 22:00:00.000000,19,ok
2336,2,57.0,2024-06-17 00:30:36.947047,12,sin novedad
2337,1,27.0,2024-06-17 01:40:59.002391,6,
2338,1,,2024-06-17 06:00:00.000000,19,ok
2339,3,,2024-06-17 06:00:00.000000,21,
2340,2,54.0,2024-06-17 07:07:58.293007,11,
2341,4,93.0,2024-06-17 08:17:07.047801,13,OK
2342,2,56.0,2024-06-17 10:13:49.773241,10,ok.
2343,1,,2024-06-17 14:00:00.000000,21,ok
2344,2,,2024-06-17 14:00:00.000000,20,ok
2345,4,108.0,2024-06-17 21:32:01.382255,12,ok.
2346,3,79.0,2024-06-17 21:38:34.919101,18,operador reseteo
2347,5,,2024-06-17 22:00:00.000000,22,ok
2348,1,,2024-06-17 22:00:00.000000,19,s/n
2349,1,36.0,2024-06-17 23:13:05.534713,12,OK
2350,5,138.0,2024-06-18 00:33:51.178098,13,DRN OK
2351,3,65.0,2024-06-18 00:47:13.154285,10,purga completa
2352,3,72.0,2024-06-18 05:22:54.543574,15,operador reseteo
2353,4,,2024-06-18 06:00:00.000000,19,normal
2354,1,7.0,2024-06-18 06:44:39.130735,3,ver OT
2355,4,103.0,2024-06-18 10:22:58.076134,11,ok.
2356,2,,2024-06-18 14:00:00.000000,21,
2357,1,,2024-06-18 14:00:00.000000,19,normal
2358,5,,2024-06-18 14:00:00.000000,21,s/n
2359,5,146.0,2024-06-18 16:27:17.098958,14,sin novedad
2360,5,145.0,2024-06-18 16:58:56.666982,11,OK
2361,3,63.0,2024-06-18 20:05:56.227608,13,ok.
2362,1,,2024-06-18 22:00:00.000000,20,s/n
2363,4,,2024-06-18 22:00:00.000000,21,s/n
2364,5,,2024-06-18 22:00:00.000000,20,normal
2365,3,,2024-06-19 00:00:24.060542,24,aviso proveedor externo
2366,3,73.0,2024-06-19 05:40:59.253683,14,purga completa
2367,3,,2024-06-19 06:00:00.000000,19,s/n
2368,2,,2024-06-19 06:00:00.000000,20,ok
2369,5,,2024-06-19 06:00:00.000000,22,s/n
2370,1,,2024-06-19 06:00:00.000000,21,
2371,5,141.0,2024-06-19 08:20:50.417845,14,sin novedad
2372,1,20.0,2024-06-19 10:25:22.454317,15,operador reseteo
2373,5,115.0,2024-06-19 10:58:01.037880,13,purga completa
2374,3,63.0,2024-06-19 11:23:33.944187,10,ok.
2375,5,146.0,2024-06-19 13:18:26.915127,3,por mantenimiento
2376,4,,2024-06-19 14:00:00.000000,19,
2377,4,91.0,2024-06-19 15:23:25.624458,18,sin intervencion
2378,1,7.0,2024-06-19 17:25:12.796464,9,arranque normal
2379,5,146.0,2024-06-19 18:48:49.055419,7,arranque normal
2380,1,,2024-06-19 22:00:00.000000,20,normal
2381,4,,2024-06-19 22:00:00.000000,21,ok
2382,2,,2024-06-19 22:00:00.000000,22,normal
2383,3,,2024-06-19 22:00:00.000000,22,s/n
2384,3,,2024-06-19 23:04:34.983905,29,ver informe adjunto
2385,4,90.0,2024-06-20 05:48:01.830105,12,purga completa
2386,1,,2024-06-20 06:00:00.000000,20,ok
2387,2,,2024-06-20 06:00:00.000000,19,normal
2388,3,,2024-06-20 06:00:00.000000,21,
2389,5,,2024-06-20 06:00:00.000000,22,s/n
2390,4,91.0,2024-06-20 08:33:22.376533,13,DRN OK
2391,2,60.0,2024-06-20 10:55:04.706371,12,DRN OK
2392,1,,2024-06-20 14:00:00.000000,20,ok
2393,2,,2024-06-20 14:00:00.000000,19,normal
2394,5,,2024-06-20 14:00:00.000000,19,
2395,4,88.0,2024-06-20 16:25:41.310305,12,purga completa
2396,1,,2024-06-20 22:00:00.000000,21,
2397,4,,2024-06-20 22:00:00.000000,22,ok
2398,2,,2024-06-20 22:00:00.000000,22,
2399,5,,2024-06-21 02:19:06.793221,27,aviso proveedor externo
2400,5,121.0,2024-06-21 04:21:11.951009,16,operador reseteo
2401,2,,2024-06-21 06:00:00.000000,19,normal
2402,3,,2024-06-21 06:00:00.000000,21,ok
2403,4,99.0,2024-06-21 06:59:09.420305,12,
2404,2,42.0,2024-06-21 08:28:55.076931,11,DRN OK
2405,4,107.0,2024-06-21 10:29:47.097135,14,sin novedad
2406,1,,2024-06-21 14:00:00.000000,21,s/n
2407,2,,2024-06-21 14:00:00.000000,22,s/n
2408,5,,2024-06-21 14:00:00.000000,20,normal
2409,2,51.0,2024-06-21 14:21:46.029266,18,restablecida sola
2410,1,7.0,2024-06-21 20:23:35.873658,11,
2411,1,,2024-06-21 22:00:00.000000,21,
2412,2,,2024-06-21 22:00:00.000000,19,
2413,5,,2024-06-21 22:00:00.000000,19,
2414,2,41.0,2024-06-22 03:12:37.261691,14,OK
2415,1,8.0,2024-06-22 04:20:09.604756,14,sin novedad
2416,4,,2024-06-22 06:00:00.000000,21,ok
2417,5,,2024-06-22 06:00:00.000000,19,ok
2418,5,,2024-06-22 14:00:00.000000,19,ok
2419,4,,2024-06-22 14:00:00.000000,20,normal
2420,1,,2024-06-22 14:00:00.000000,22,s/n
2421,3,,2024-06-22 22:00:00.000000,19,s/n
2422,1,,2024-06-22 22:00:00.000000,20,
2423,5,,2024-06-22 22:00:00.000000,19,s/n
2424,4,,2024-06-22 22:00:00.000000,21,normal
2425,5,117.0,2024-06-22 23:22:07.647367,13,purga completa
2426,2,,2024-06-23 03:54:57.921898,24,aviso proveedor externo
2427,2,55.0,2024-06-23 05:01:15.392103,13,
2428,5,,2024-06-23 06:00:00.000000,22,
2429,2,,2024-06-23 06:00:00.000000,19,s/n
2430,1,,2024-06-23 06:00:00.000000,21,normal
2431,1,17.0,2024-06-23 06:34:41.794732,11,DRN OK
2432,4,,2024-06-23 14:00:00.000000,22,
2433,5,,2024-06-23 14:00:00.000000,22,ok
2434,3,,2024-06-23 14:00:00.000000,21,
2435,5,144.0,2024-06-23 16:33:11.403665,15,sin intervencion
2436,5,,2024-06-23 22:00:00.000000,21,normal
2437,4,,2024-06-23 22:00:00.000000,21,ok
2438,3,,2024-06-23 22:00:00.000000,20,ok
2439,2,,2024-06-23 22:00:00.000000,22,s/n
2440,2,44.0,2024-06-24 00:50:37.097490,12,purga completa
2441,4,105.0,2024-06-24 01:35:27.593407,15,sin intervencion
2442,3,75.0,2024-06-24 05:50:43.419456,11,purga completa
2443,5,,2024-06-24 06:00:00.000000,20,
2444,4,,2024-06-24 06:00:00.000000,21,normal
2445,1,,2024-06-24 06:00:00.000000,22,normal
2446,2,49.0,2024-06-24 08:35:49.666287,17,sin intervencion
2447,2,56.0,2024-06-24 12:17:42.647692,11,purga completa
2448,5,,2024-06-24 14:00:00.000000,21,
2449,4,,2024-06-24 14:00:00.000000,20,normal
2450,1,11.0,2024-06-24 21:39:36.762211,18,restablecida sola
2451,5,,2024-06-24 22:00:00.000000,22,s/n
2452,4,,2024-06-24 22:00:00.000000,21,ok
2453,4,,2024-06-25 05:17:23.647635,26,aviso proveedor externo
2454,1,,2024-06-25 06:00:00.000000,20,
2455,4,,2024-06-25 06:00:00.000000,19,normal
2456,1,15.0,2024-06-25 06:20:29.380940,13,sin novedad
2457,1,24.0,2024-06-25 09:59:16.508770,15,sin intervencion
2458,5,138.0,2024-06-25 10:33:35.747175,13,purga completa
2459,3,,2024-06-25 14:00:00.000000,19,s/n
2460,1,,2024-06-25 14:00:00.000000,21,ok
2461,5,,2024-06-25 14:00:00.000000,20,s/n
2462,4,,2024-06-25 22:00:00.000000,20,
2463,2,,2024-06-25 22:00:00.000000,21,normal
2464,5,122.0,2024-06-26 00:04:37.640162,11,ok.
2465,1,24.0,2024-06-26 00:25:05.321045,18,operador reseteo
2466,5,122.0,2024-06-26 03:28:18.415306,2,
2467,4,90.0,2024-06-26 03:39:36.587843,10,sin novedad
2468,4,,2024-06-26 06:00:00.000000,19,ok
2469,2,,2024-06-26 06:00:00.000000,21,
2470,3,81.0,2024-06-26 11:48:34.514848,14,purga completa
2471,4,,2024-06-26 14:00:00.000000,19,s/n
2472,2,,2024-06-26 14:00:00.000000,21,ok
2473,3,,2024-06-26 14:00:00.000000,19,normal
2474,5,,2024-06-26 14:00:00.000000,20,
2475,5,122.0,2024-06-26 14:03:27.978319,8,arranque normal
2476,4,,2024-06-26 22:00:00.000000,19,normal
2477,3,72.0,2024-06-27 00:23:19.296708,14,purga completa
2478,2,56.0,2024-06-27 05:04:11.461972,14,
2479,5,144.0,2024-06-27 05:18:01.056245,14,
2480,1,5.0,2024-06-27 05:42:47.786863,12,purga completa
2481,2,,2024-06-27 06:00:00.000000,20,normal
2482,1,2.0,2024-06-27 09:40:01.701993,5,por mantenimiento
2483,5,138.0,2024-06-27 10:37:22.673090,13,DRN OK
2484,3,,2024-06-27 12:09:45.010975,24,ver informe adjunto
2485,1,2.0,2024-06-27 12:37:56.398301,7,arranque normal
2486,1,,2024-06-27 14:00:00.000000,21,normal
2487,5,,2024-06-27 14:00:00.000000,22,
2488,2,,2024-06-27 14:00:00.000000,22,s/n
2489,5,132.0,2024-06-27 19:41:06.948832,14,
2490,1,,2024-06-27 22:00:00.000000,19,ok
2491,4,,2024-06-27 22:00:00.000000,21,normal
2492,3,,2024-06-27 22:00:00.000000,20,ok
2493,5,,2024-06-27 22:00:00.000000,22,ok
2494,1,35.0,2024-06-27 23:03:00.048862,14,sin novedad
2495,2,,2024-06-28 06:00:00.000000,21,
2496,5,,2024-06-28 06:00:00.000000,20,s/n
2497,1,,2024-06-28 06:00:00.000000,22,s/n
2498,5,146.0,2024-06-28 06:37:58.361033,12,
2499,2,59.0,2024-06-28 08:52:19.897351,13,
2500,1,,2024-06-28 14:00:00.000000,20,normal
2501,4,,2024-06-28 14:00:00.000000,20,
2502,5,115.0,2024-06-28 14:21:00.963071,12,purga completa
2503,1,12.0,2024-06-28 18:51:31.306668,10,OK
2504,2,,2024-06-28 22:00:00.000000,22,
2505,1,,2024-06-28 22:00:00.000000,20,s/n
2506,5,,2024-06-28 22:00:00.000000,22,
2507,3,,2024-06-28 22:00:00.000000,22,s/n
2508,5,122.0,2024-06-29 03:57:46.748395,12,sin novedad
2509,2,,2024-06-29 06:00:00.000000,20,ok
2510,3,,2024-06-29 06:00:00.000000,22,ok
2511,4,,2024-06-29 06:00:00.000000,20,
2512,5,131.0,2024-06-29 06:07:18.053021,12,DRN OK
2513,1,6.0,2024-06-29 07:39:08.705005,13,OK
2514,3,77.0,2024-06-29 11:20:27.203994,13,OK
2515,2,59.0,2024-06-29 13:49:16.190850,2,
2516,5,,2024-06-29 14:00:00.000000,19,ok
2517,2,,2024-06-29 14:00:00.000000,21,ok
2518,2,59.0,2024-06-29 18:20:17.556081,9,reanuda produccion
2519,3,72.0,2024-06-29 18:22:21.209720,14,OK
2520,5,118.0,2024-06-29 19:53:56.736268,10,sin novedad
2521,1,,2024-06-29 22:00:00.000000,20,s/n
2522,2,,2024-06-29 22:00:00.000000,21,s/n
2523,4,96.0,2024-06-29 22:07:42.433452,11,
2524,4,110.0,2024-06-29 22:09:26.029242,11,
2525,1,17.0,2024-06-29 22:53:53.887780,3,ver OT
2526,1,26.0,2024-06-29 23:51:46.676913,17,sin intervencion
2527,3,72.0,2024-06-30 00:39:52.597471,11,ok.
2528,3,,2024-06-30 06:00:00.000000,22,s/n
2529,5,116.0,2024-06-30 07:46:40.534895,4,por mantenimiento
2530,4,93.0,2024-06-30 08:42:49.042641,11,DRN OK
2531,5,,2024-06-30 09:34:00.471058,27,aviso proveedor externo
2532,5,145.0,2024-06-30 09:57:08.659540,18,restablecida sola
2533,2,54.0,2024-06-30 11:28:37.127744,14,OK
2534,3,63.0,2024-06-30 11:45:52.523416,12,sin novedad
2535,5,,2024-06-30 14:00:00.000000,20,
2536,1,17.0,2024-06-30 20:13:36.687140,6,arranque normal
2537,3,,2024-06-30 22:00:00.000000,20,s/n
2538,2,,2024-06-30 22:00:00.000000,19,
2539,4,105.0,2024-06-30 22:19:21.705276,13,
2540,5,116.0,2024-06-30 22:20:20.962332,6,OK
2541,4,,2024-07-01 06:00:00.000000,19,s/n
2542,1,,2024-07-01 06:00:00.000000,20,s/n
2543,2,,2024-07-01 06:00:00.000000,21,normal
2544,2,57.0,2024-07-01 06:33:50.676584,15,operador reseteo
2545,1,30.0,2024-07-01 11:34:50.611460,5,ver OT
2546,3,,2024-07-01 14:00:00.000000,22,s/n
2547,2,,2024-07-01 14:00:00.000000,21,
2548,3,76.0,2024-07-01 14:11:34.924004,13,
2549,4,91.0,2024-07-01 14:38:53.734666,12,ok.
2550,1,30.0,2024-07-01 18:26:45.693523,6,OK
2551,4,90.0,2024-07-01 20:15:58.444727,15,operador reseteo
2552,1,,2024-07-01 22:00:00.000000,19,ok
2553,2,52.0,2024-07-02 01:48:20.098977,14,
2554,1,30.0,2024-07-02 02:02:33.498576,12,ok.
2555,1,,2024-07-02 06:00:00.000000,20,ok
2556,2,,2024-07-02 06:00:00.000000,19,s/n
2557,5,,2024-07-02 06:00:00.000000,22,ok
2558,4,91.0,2024-07-02 08:08:57.960850,14,ok.
2559,1,,2024-07-02 08:59:38.988952,23,aviso proveedor externo
2560,1,,2024-07-02 14:00:00.000000,22,
2561,4,,2024-07-02 22:00:00.000000,20,ok
2562,1,,2024-07-02 22:00:00.000000,19,ok
2563,5,,2024-07-03 06:00:00.000000,19,s/n
2564,4,,2024-07-03 06:00:00.000000,21,
2565,1,,2024-07-03 06:00:00.000000,22,
2566,1,24.0,2024-07-03 10:18:58.122141,11,purga completa
2567,1,,2024-07-03 14:00:00.000000,21,ok
2568,5,,2024-07-03 14:00:00.000000,22,
2569,4,100.0,2024-07-03 20:12:38.216942,11,purga completa
2570,1,,2024-07-03 22:00:00.000000,22,ok
2571,2,,2024-07-03 22:00:00.000000,20,ok
2572,5,,2024-07-03 22:00:00.000000,21,
2573,2,42.0,2024-07-03 23:00:59.840822,1,PARADA POR FALLA
2574,5,114.0,2024-07-03 23:31:00.457885,14,ok.
2575,5,,2024-07-04 06:00:00.000000,19,normal
2576,2,,2024-07-04 06:00:00.000000,19,s/n
2577,2,44.0,2024-07-04 12:55:07.671764,10,purga completa
2578,1,,2024-07-04 14:00:00.000000,21,
2579,5,,2024-07-04 14:00:00.000000,19,normal
2580,5,115.0,2024-07-04 16:58:59.104281,13,purga completa
2581,4,93.0,2024-07-04 19:45:50.217952,18,operador reseteo
2582,3,80.0,2024-07-04 21:08:45.180177,14,OK
2583,3,,2024-07-04 22:00:00.000000,21,
2584,2,51.0,2024-07-04 23:18:41.269362,16,restablecida sola
2585,5,,2024-07-05 06:00:00.000000,19,ok
2586,4,,2024-07-05 06:00:00.000000,21,
2587,3,71.0,2024-07-05 08:42:41.841239,10,
2588,2,42.0,2024-07-05 09:22:46.707182,14,purga completa
2589,5,,2024-07-05 14:00:00.000000,19,normal
2590,5,135.0,2024-07-05 15:31:36.977188,10,DRN OK
2591,4,,2024-07-05 15:36:17.602958,28,
2592,4,107.0,2024-07-05 19:38:05.702869,12,sin novedad
2593,2,42.0,2024-07-05 19:54:47.636764,6,reanuda produccion
2594,2,53.0,2024-07-05 21:02:42.888675,12,purga completa
2595,5,136.0,2024-07-05 21:18:22.835469,17,restablecida sola
2596,1,,2024-07-05 22:00:00.000000,22,ok
2597,4,,2024-07-05 22:00:00.000000,21,s/n
2598,3,64.0,2024-07-05 23:43:54.442339,15,restablecida sola
2599,1,2.0,2024-07-05 23:49:59.442834,14,
2600,3,75.0,2024-07-06 02:01:58.473717,12,
2601,3,64.0,2024-07-06 02:16:00.737255,12,
2602,5,145.0,2024-07-06 02:42:22.356280,18,sin intervencion
2603,3,76.0,2024-07-06 05:30:51.240370,14,OK
2604,3,66.0,2024-07-06 06:40:16.194730,12,OK
2605,2,53.0,2024-07-06 09:04:45.548418,11,ok.
2606,2,59.0,2024-07-06 11:26:57.710538,13,DRN OK
2607,1,,2024-07-06 14:00:00.000000,20,ok
2608,3,,2024-07-06 14:00:00.000000,20,normal
2609,5,,2024-07-06 14:00:00.000000,20,
2610,2,,2024-07-06 14:00:00.000000,20,ok
2611,4,,2024-07-06 14:00:00.000000,21,s/n
2612,2,56.0,2024-07-06 19:24:37.476956,12,sin novedad
2613,3,72.0,2024-07-06 20:17:05.358676,18,operador reseteo
2614,3,,2024-07-06 22:00:00.000000,22,
2615,5,,2024-07-06 22:00:00.000000,19,s/n
2616,2,44.0,2024-07-06 22:46:12.747003,15,sin intervencion
2617,5,139.0,2024-07-06 23:01:48.594871,12,DRN OK
2618,5,116.0,2024-07-07 01:31:32.742467,12,sin novedad
2619,5,,2024-07-07 06:00:00.000000,19,
2620,2,,2024-07-07 06:00:00.000000,22,normal
2621,1,,2024-07-07 06:00:00.000000,20,
2622,1,25.0,2024-07-07 09:14:36.473984,18,operador reseteo
2623,3,,2024-07-07 10:02:50.777739,25,aviso proveedor externo
2624,3,76.0,2024-07-07 12:42:26.234122,15,sin intervencion
2625,4,,2024-07-07 14:00:00.000000,19,
2626,5,,2024-07-07 14:00:00.000000,20,ok
2627,2,,2024-07-07 14:00:00.000000,20,s/n
2628,1,,2024-07-07 14:00:00.000000,22,s/n
2629,1,,2024-07-07 22:00:00.000000,19,s/n
2630,4,,2024-07-07 22:00:00.000000,21,normal
2631,5,,2024-07-07 22:00:00.000000,22,normal
2632,2,,2024-07-07 22:00:00.000000,19,
2633,5,138.0,2024-07-08 01:20:46.790129,14,OK
2634,4,93.0,2024-07-08 04:48:52.965089,11,sin novedad
2635,4,,2024-07-08 06:00:00.000000,21,
2636,1,,2024-07-08 06:00:00.000000,19,normal
2637,1,20.0,2024-07-08 07:17:41.925003,2,PARADA POR FALLA
2638,1,20.0,2024-07-08 13:50:01.999599,6,
2639,4,,2024-07-08 14:00:00.000000,22,
2640,4,93.0,2024-07-08 16:10:22.769851,14,
2641,1,29.0,2024-07-08 17:06:05.609222,10,sin novedad
2642,1,,2024-07-08 19:37:18.494257,29,ver informe adjunto
2643,5,139.0,2024-07-09 00:42:39.928409,12,purga completa
2644,2,,2024-07-09 01:31:28.480882,27,
2645,3,72.0,2024-07-09 05:02:12.210257,2,PARADA POR FALLA
2646,2,,2024-07-09 06:00:00.000000,19,normal
2647,4,,2024-07-09 06:00:00.000000,22,normal
2648,5,,2024-07-09 06:00:00.000000,21,
2649,3,,2024-07-09 06:00:00.000000,19,s/n
2650,3,79.0,2024-07-09 11:04:05.346498,15,restablecida sola
2651,3,70.0,2024-07-09 12:30:13.663495,16,operador reseteo
2652,4,105.0,2024-07-09 12:37:16.050994,11,sin novedad
2653,3,72.0,2024-07-09 13:25:12.925679,6,OK
2654,1,,2024-07-09 14:00:00.000000,21,
2655,4,,2024-07-09 14:00:00.000000,19,s/n
2656,1,8.0,2024-07-09 15:20:32.808725,11,DRN OK
2657,5,,2024-07-09 22:00:00.000000,20,normal
2658,3,,2024-07-09 22:00:00.000000,22,
2659,4,,2024-07-09 22:00:00.000000,20,s/n
2660,1,,2024-07-09 22:00:00.000000,21,normal
2661,1,29.0,2024-07-09 22:02:13.649377,11,ok.
2662,4,93.0,2024-07-09 22:08:28.671911,11,OK
2663,5,135.0,2024-07-10 00:37:27.650460,10,OK
2664,4,104.0,2024-07-10 03:39:29.406504,11,sin novedad
2665,1,2.0,2024-07-10 04:50:20.181894,16,sin intervencion
2666,5,,2024-07-10 06:00:00.000000,19,ok
2667,2,,2024-07-10 06:00:00.000000,22,s/n
2668,3,,2024-07-10 06:00:00.000000,19,normal
2669,1,,2024-07-10 06:00:00.000000,20,ok
2670,3,,2024-07-10 14:00:00.000000,20,s/n
2671,2,51.0,2024-07-10 20:22:08.435549,16,operador reseteo
2672,3,81.0,2024-07-10 21:49:53.123925,15,restablecida sola
2673,2,,2024-07-10 22:00:00.000000,21,
2674,5,,2024-07-10 22:00:00.000000,22,normal
2675,4,111.0,2024-07-11 04:03:31.041073,17,sin intervencion
2676,2,,2024-07-11 06:00:00.000000,19,s/n
2677,3,,2024-07-11 06:00:00.000000,21,
2678,2,,2024-07-11 06:10:27.623716,27,ver informe adjunto
2679,3,77.0,2024-07-11 10:22:37.236370,16,operador reseteo
2680,3,77.0,2024-07-11 13:47:12.737376,11,DRN OK
2681,1,,2024-07-11 14:00:00.000000,20,s/n
2682,3,,2024-07-11 14:00:00.000000,21,normal
2683,4,,2024-07-11 14:14:25.199041,29,
2684,2,57.0,2024-07-11 16:42:48.709390,13,OK
2685,4,93.0,2024-07-11 17:14:54.674642,2,
2686,5,116.0,2024-07-11 19:40:41.917221,12,purga completa
2687,2,54.0,2024-07-11 20:44:05.856092,14,DRN OK
2688,1,11.0,2024-07-11 20:58:06.632129,5,ver OT
2689,4,,2024-07-11 22:00:00.000000,19,ok
2690,2,,2024-07-11 22:00:00.000000,22,ok
2691,1,,2024-07-11 22:00:00.000000,20,s/n
2692,3,,2024-07-11 22:00:00.000000,19,normal
2693,4,88.0,2024-07-11 22:00:03.423781,11,ok.
2694,2,42.0,2024-07-12 02:48:59.836904,10,ok.
2695,2,,2024-07-12 05:30:52.938025,23,
2696,5,,2024-07-12 06:00:00.000000,22,s/n
2697,4,,2024-07-12 06:00:00.000000,21,ok
2698,1,37.0,2024-07-12 06:23:58.680014,1,
2699,1,37.0,2024-07-12 10:07:15.255222,5,ver OT
2700,4,84.0,2024-07-12 10:33:53.386451,12,
2701,2,39.0,2024-07-12 11:24:55.350875,10,DRN OK
2702,5,122.0,2024-07-12 12:23:30.874432,12,DRN OK
2703,5,,2024-07-12 14:00:00.000000,22,s/n
2704,1,,2024-07-12 14:00:00.000000,21,s/n
2705,3,,2024-07-12 14:00:00.000000,22,s/n
2706,1,11.0,2024-07-12 14:05:01.117206,9,OK
2707,2,52.0,2024-07-12 15:57:12.181477,10,DRN OK
2708,1,37.0,2024-07-12 16:11:24.352935,8,OK
2709,4,103.0,2024-07-12 16:13:56.168522,12,DRN OK
2710,2,39.0,2024-07-12 21:16:52.799698,15,restablecida sola
2711,2,,2024-07-12 22:00:00.000000,20,normal
2712,4,,2024-07-12 22:00:00.000000,21,normal
2713,1,,2024-07-12 22:00:00.000000,20,s/n
2714,5,119.0,2024-07-12 22:52:47.290732,12,
2715,1,37.0,2024-07-12 23:11:13.321587,8,arranque normal
2716,2,61.0,2024-07-13 00:43:20.155710,14,
2717,2,56.0,2024-07-13 00:57:05.866770,18,sin intervencion
2718,1,24.0,2024-07-13 01:10:16.334336,18,operador reseteo
2719,1,,2024-07-13 06:00:00.000000,19,ok
2720,2,,2024-07-13 06:00:00.000000,22,
2721,4,93.0,2024-07-13 07:11:55.559855,7,
2722,3,76.0,2024-07-13 08:54:21.795301,11,DRN OK
2723,3,76.0,2024-07-13 09:35:45.399461,13,ok.
2724,5,124.0,2024-07-13 13:08:07.614735,16,sin intervencion
2725,3,70.0,2024-07-13 13:50:14.009272,15,restablecida sola
2726,5,,2024-07-13 14:00:00.000000,22,normal
2727,1,,2024-07-13 14:00:00.000000,19,
2728,4,112.0,2024-07-13 15:28:00.557514,10,sin novedad
2729,2,48.0,2024-07-13 15:34:33.929238,17,sin intervencion
2730,1,8.0,2024-07-13 17:09:20.637263,14,
2731,3,63.0,2024-07-13 17:11:38.107470,17,restablecida sola
2732,3,80.0,2024-07-13 20:11:01.841315,10,DRN OK
2733,1,31.0,2024-07-13 21:05:38.518126,12,purga completa
2734,1,30.0,2024-07-13 21:23:26.134872,14,OK
2735,3,,2024-07-13 22:00:00.000000,20,normal
2736,4,,2024-07-13 22:00:00.000000,21,
2737,1,,2024-07-13 22:00:00.000000,19,s/n
2738,1,33.0,2024-07-14 01:58:54.202957,13,ok.
2739,4,,2024-07-14 06:00:00.000000,20,
2740,3,,2024-07-14 06:00:00.000000,20,
2741,1,,2024-07-14 06:00:00.000000,20,normal
2742,2,60.0,2024-07-14 08:01:58.502522,12,sin novedad
2743,1,,2024-07-14 11:32:31.297361,28,
2744,5,115.0,2024-07-14 20:03:02.859307,13,
2745,2,,2024-07-14 22:00:00.000000,19,ok
2746,3,,2024-07-14 22:00:00.000000,21,s/n
2747,1,,2024-07-14 22:00:00.000000,20,normal
2748,3,73.0,2024-07-15 03:43:06.561245,15,sin intervencion
2749,3,,2024-07-15 06:00:00.000000,22,
2750,4,,2024-07-15 06:00:00.000000,21,normal
2751,2,,2024-07-15 06:00:00.000000,20,
2752,5,,2024-07-15 06:00:00.000000,21,
2753,3,69.0,2024-07-15 06:51:49.119875,13,sin novedad
2754,2,44.0,2024-07-15 09:20:25.367681,17,sin intervencion
2755,5,,2024-07-15 14:00:00.000000,20,normal
2756,2,,2024-07-15 14:00:00.000000,22,s/n
2757,3,,2024-07-15 14:00:00.000000,21,
2758,1,,2024-07-15 14:00:00.000000,21,ok
2759,1,,2024-07-15 22:00:00.000000,22,normal
2760,3,,2024-07-15 22:00:00.000000,19,s/n
2761,4,,2024-07-15 22:00:00.000000,22,ok
2762,2,,2024-07-15 22:00:00.000000,19,s/n
2763,5,,2024-07-15 22:00:00.000000,20,
2764,4,,2024-07-16 06:00:00.000000,21,
2765,2,59.0,2024-07-16 09:15:11.147691,13,
2766,3,81.0,2024-07-16 13:02:35.773738,16,operador reseteo
2767,2,,2024-07-16 14:00:00.000000,19,
2768,5,122.0,2024-07-16 16:12:59.538086,11,DRN OK
2769,5,132.0,2024-07-16 17:32:23.167190,18,sin intervencion
2770,2,46.0,2024-07-16 18:39:24.059460,17,sin intervencion
2771,1,13.0,2024-07-16 20:12:01.623987,13,
2772,5,,2024-07-16 22:00:00.000000,20,s/n
2773,2,,2024-07-16 22:00:00.000000,19,normal
2774,1,,2024-07-16 22:00:00.000000,19,normal
2775,4,,2024-07-16 22:00:00.000000,22,normal
2776,5,117.0,2024-07-17 02:14:04.842298,14,
2777,1,30.0,2024-07-17 03:37:02.606490,10,
2778,5,,2024-07-17 06:00:00.000000,19,s/n
2779,4,,2024-07-17 06:00:00.000000,20,normal
2780,3,,2024-07-17 06:00:00.000000,20,
2781,5,138.0,2024-07-17 11:20:19.411831,11,DRN OK
2782,2,44.0,2024-07-17 13:54:18.151541,5,ver OT
2783,3,,2024-07-17 14:00:00.000000,22,s/n
2784,2,,2024-07-17 14:00:00.000000,22,normal
2785,1,,2024-07-17 14:00:00.000000,21,normal
2786,5,133.0,2024-07-17 19:22:42.604469,15,restablecida sola
2787,2,44.0,2024-07-17 20:14:20.696584,6,
2788,4,110.0,2024-07-18 01:34:56.155614,17,restablecida sola
2789,3,72.0,2024-07-18 04:11:15.362001,12,DRN OK
2790,5,,2024-07-18 06:00:00.000000,22,ok
2791,4,91.0,2024-07-18 10:39:16.066286,10,purga completa
2792,5,,2024-07-18 14:00:00.000000,20,
2793,4,,2024-07-18 14:00:00.000000,19,ok
2794,3,,2024-07-18 14:00:00.000000,21,ok
2795,2,60.0,2024-07-18 18:36:08.837445,14,sin novedad
2796,5,,2024-07-18 22:00:00.000000,19,ok
2797,4,,2024-07-18 22:00:00.000000,20,normal
2798,2,,2024-07-19 06:00:00.000000,21,s/n
2799,5,125.0,2024-07-19 08:09:10.680177,10,sin novedad
2800,2,,2024-07-19 14:00:00.000000,21,s/n
2801,5,,2024-07-19 14:00:00.000000,21,ok
2802,4,,2024-07-19 14:00:00.000000,20,s/n
2803,1,,2024-07-19 14:00:00.000000,20,normal
2804,4,103.0,2024-07-19 14:27:51.644194,17,restablecida sola
2805,3,,2024-07-19 22:00:00.000000,22,s/n
2806,4,,2024-07-19 22:00:00.000000,21,s/n
2807,2,46.0,2024-07-20 04:43:39.550737,12,
2808,5,134.0,2024-07-20 05:23:48.794237,12,ok.
2809,5,,2024-07-20 06:00:00.000000,21,ok
2810,1,,2024-07-20 06:00:00.000000,19,s/n
2811,2,,2024-07-20 06:00:00.000000,19,ok
2812,5,135.0,2024-07-20 07:19:39.580430,11,sin novedad
2813,5,132.0,2024-07-20 07:36:51.541125,18,sin intervencion
2814,2,61.0,2024-07-20 07:42:38.421614,3,ver OT
2815,5,131.0,2024-07-20 09:46:47.204348,13,sin novedad
2816,2,,2024-07-20 14:00:00.000000,19,
2817,3,,2024-07-20 14:00:00.000000,22,ok
2818,4,,2024-07-20 14:00:00.000000,19,
2819,5,,2024-07-20 14:00:00.000000,19,s/n
2820,1,13.0,2024-07-20 14:01:10.955100,11,OK
2821,3,70.0,2024-07-20 15:09:01.800026,17,sin intervencion
2822,3,69.0,2024-07-20 17:05:41.221283,10,
2823,2,61.0,2024-07-20 19:43:05.018752,6,reanuda produccion
2824,4,105.0,2024-07-20 21:28:33.066250,16,restablecida sola
2825,3,,2024-07-20 22:00:00.000000,20,s/n
2826,5,,2024-07-20 22:00:00.000000,19,
2827,4,89.0,2024-07-20 22:31:19.395147,16,operador reseteo
2828,4,87.0,2024-07-21 01:05:44.628172,14,purga completa
2829,3,73.0,2024-07-21 05:30:24.858971,10,OK
2830,5,144.0,2024-07-21 05:50:46.239284,13,ok.
2831,2,,2024-07-21 06:00:00.000000,20,normal
2832,3,,2024-07-21 06:00:00.000000,19,
2833,1,,2024-07-21 06:00:00.000000,19,
2834,5,121.0,2024-07-21 06:22:35.343975,12,OK
2835,2,49.0,2024-07-21 07:53:28.734504,18,restablecida sola
2836,4,108.0,2024-07-21 08:42:24.748683,14,purga completa
2837,3,63.0,2024-07-21 10:51:33.194364,13,ok.
2838,2,,2024-07-21 14:00:00.000000,21,s/n
2839,1,,2024-07-21 14:00:00.000000,19,ok
2840,5,,2024-07-21 14:00:00.000000,19,ok
2841,5,,2024-07-21 22:00:00.000000,20,normal
2842,3,77.0,2024-07-21 22:32:03.248261,18,sin intervencion
2843,3,65.0,2024-07-22 00:55:18.778998,18,operador reseteo
2844,1,,2024-07-22 06:00:00.000000,19,normal
2845,4,,2024-07-22 06:00:00.000000,19,ok
2846,2,,2024-07-22 06:00:00.000000,19,normal
2847,2,41.0,2024-07-22 08:23:26.643678,13,sin novedad
2848,1,31.0,2024-07-22 10:53:22.509631,13,DRN OK
2849,1,20.0,2024-07-22 13:21:42.406089,14,purga completa
2850,2,,2024-07-22 14:00:00.000000,22,
2851,5,,2024-07-22 14:00:00.000000,19,s/n
2852,1,32.0,2024-07-22 17:28:28.567114,17,sin intervencion
2853,5,142.0,2024-07-22 19:22:16.188152,15,sin intervencion
2854,3,64.0,2024-07-22 19:41:15.151649,14,
2855,2,44.0,2024-07-22 20:50:03.560144,10,ok.
2856,1,25.0,2024-07-23 05:07:44.874988,13,purga completa
2857,5,,2024-07-23 06:00:00.000000,20,
2858,4,,2024-07-23 14:00:00.000000,20,normal
2859,2,57.0,2024-07-23 14:18:26.996297,14,OK
2860,1,,2024-07-23 22:00:00.000000,19,normal
2861,3,68.0,2024-07-24 01:49:23.239752,15,restablecida sola
2862,2,40.0,2024-07-24 01:55:51.995350,14,OK
2863,4,112.0,2024-07-24 05:22:52.638511,5,ver OT
2864,3,,2024-07-24 06:00:00.000000,20,
2865,4,,2024-07-24 06:00:00.000000,19,s/n
2866,5,,2024-07-24 06:00:00.000000,19,
2867,1,,2024-07-24 14:00:00.000000,21,normal
2868,5,,2024-07-24 14:00:00.000000,21,normal
2869,4,96.0,2024-07-24 14:38:16.751365,14,sin novedad
2870,1,13.0,2024-07-24 15:24:02.372487,5,PARADA POR FALLA
2871,3,63.0,2024-07-24 20:20:30.937724,12,purga completa
2872,3,79.0,2024-07-24 21:33:28.053140,12,
2873,3,,2024-07-24 22:00:00.000000,22,s/n
2874,1,,2024-07-24 22:00:00.000000,22,normal
2875,2,,2024-07-24 22:00:00.000000,22,ok
2876,5,,2024-07-24 22:00:00.000000,19,ok
2877,4,98.0,2024-07-25 03:20:24.153938,12,sin novedad
2878,1,,2024-07-25 06:00:00.000000,19,ok
2879,4,,2024-07-25 06:00:00.000000,19,s/n
2880,1,30.0,2024-07-25 07:44:01.244176,13,sin novedad
2881,2,59.0,2024-07-25 07:59:40.902974,11,purga completa
2882,1,13.0,2024-07-25 09:52:38.839607,6,arranque normal
2883,1,37.0,2024-07-25 10:34:26.216235,10,
2884,4,,2024-07-25 14:00:00.000000,19,
2885,2,,2024-07-25 14:00:00.000000,21,
2886,3,,2024-07-25 14:00:00.000000,19,ok
2887,1,36.0,2024-07-25 17:45:50.265237,10,OK
2888,3,,2024-07-25 22:00:00.000000,21,s/n
2889,2,,2024-07-25 22:00:00.000000,19,
2890,4,112.0,2024-07-25 22:38:19.652841,6,arranque normal
2891,4,85.0,2024-07-26 01:11:59.722482,12,sin novedad
2892,4,112.0,2024-07-26 02:13:05.894352,12,OK
2893,1,18.0,2024-07-26 04:03:11.366916,14,
2894,2,41.0,2024-07-26 05:07:29.148810,11,OK
2895,5,126.0,2024-07-26 05:57:38.434918,15,restablecida sola
2896,4,,2024-07-26 06:00:00.000000,19,ok
2897,2,,2024-07-26 14:00:00.000000,19,ok
2898,3,,2024-07-26 14:00:00.000000,21,
2899,5,117.0,2024-07-26 14:27:28.492799,11,
2900,4,90.0,2024-07-26 18:42:29.236280,13,OK
2901,3,64.0,2024-07-26 20:03:19.798362,13,sin novedad
2902,1,14.0,2024-07-26 21:02:11.489380,3,
2903,2,,2024-07-26 22:00:00.000000,19,ok
2904,2,,2024-07-27 06:00:00.000000,19,s/n
2905,4,,2024-07-27 06:00:00.000000,19,ok
2906,5,,2024-07-27 06:00:00.000000,19,s/n
2907,1,14.0,2024-07-27 10:29:19.323459,6,reanuda produccion
2908,1,,2024-07-27 14:00:00.000000,21,normal
2909,5,,2024-07-27 14:00:00.000000,20,normal
2910,3,,2024-07-27 14:00:00.000000,19,
2911,3,69.0,2024-07-27 18:43:18.138476,13,
2912,5,,2024-07-27 22:00:00.000000,21,normal
2913,1,,2024-07-27 22:00:00.000000,20,s/n
2914,3,,2024-07-27 22:00:00.000000,21,s/n
2915,4,107.0,2024-07-28 01:51:56.655945,15,restablecida sola
2916,1,17.0,2024-07-28 03:23:54.885803,13,DRN OK
2917,4,98.0,2024-07-28 03:25:58.335163,13,OK
2918,2,,2024-07-28 03:58:33.000260,26,aviso proveedor externo
2919,3,,2024-07-28 06:00:00.000000,21,
2920,3,64.0,2024-07-28 08:37:36.167855,2,PARADA POR FALLA
2921,3,64.0,2024-07-28 10:58:18.920565,8,reanuda produccion
2922,1,25.0,2024-07-28 11:36:41.075541,11,OK
2923,4,111.0,2024-07-28 14:28:48.994875,17,sin intervencion
2924,2,40.0,2024-07-28 14:40:39.210026,13,ok.
2925,1,19.0,2024-07-28 15:01:47.910903,14,purga completa
2926,2,57.0,2024-07-28 15:51:04.901520,3,
2927,4,104.0,2024-07-28 18:05:39.561122,14,sin novedad
2928,1,3.0,2024-07-28 19:00:17.075998,17,restablecida sola
2929,5,,2024-07-28 22:00:00.000000,21,s/n
2930,4,,2024-07-28 22:00:00.000000,21,s/n
2931,3,,2024-07-28 22:00:00.000000,21,
2932,4,92.0,2024-07-29 00:14:42.572837,12,DRN OK
2933,2,57.0,2024-07-29 01:25:19.941460,9,OK
2934,1,27.0,2024-07-29 02:29:09.915115,16,sin intervencion
2935,5,135.0,2024-07-29 04:25:30.888093,17,operador reseteo
2936,3,,2024-07-29 06:00:00.000000,21,ok
2937,5,,2024-07-29 06:00:00.000000,22,s/n
2938,1,,2024-07-29 06:00:00.000000,19,s/n
2939,1,,2024-07-29 07:42:37.022232,23,ver informe adjunto
2940,2,39.0,2024-07-29 09:09:17.941062,12,DRN OK
2941,4,87.0,2024-07-29 09:58:30.929193,11,sin novedad
2942,3,73.0,2024-07-29 12:16:23.690413,13,sin novedad
2943,5,144.0,2024-07-29 12:56:48.496885,10,DRN OK
2944,3,,2024-07-29 14:00:00.000000,22,
2945,4,,2024-07-29 14:00:00.000000,22,ok
2946,5,,2024-07-29 14:00:00.000000,21,s/n
2947,4,105.0,2024-07-29 16:05:02.591789,11,
2948,1,31.0,2024-07-29 18:30:00.123106,10,
2949,3,76.0,2024-07-29 18:44:21.494237,18,sin intervencion
2950,5,134.0,2024-07-29 19:20:44.380519,11,DRN OK
2951,4,103.0,2024-07-29 21:23:50.305677,13,
2952,3,66.0,2024-07-29 21:25:31.418860,11,ok.
2953,4,,2024-07-29 22:00:00.000000,21,normal
2954,1,,2024-07-29 22:00:00.000000,21,ok
2955,3,,2024-07-29 22:00:00.000000,19,ok
2956,4,90.0,2024-07-30 00:30:21.933862,16,operador reseteo
2957,1,30.0,2024-07-30 01:32:00.371189,12,sin novedad
2958,4,,2024-07-30 06:00:00.000000,22,s/n
2959,2,,2024-07-30 06:00:00.000000,22,normal
2960,4,,2024-07-30 14:00:00.000000,20,s/n
2961,1,,2024-07-30 14:00:00.000000,21,
2962,5,,2024-07-30 18:12:54.402255,28,
2963,5,,2024-07-30 22:00:00.000000,22,normal
2964,3,,2024-07-30 22:00:00.000000,21,s/n
2965,1,,2024-07-30 22:00:00.000000,22,s/n
2966,4,,2024-07-30 22:00:00.000000,22,
2967,1,11.0,2024-07-31 01:51:13.638137,10,purga completa
2968,3,75.0,2024-07-31 02:23:07.178198,16,operador reseteo
2969,4,89.0,2024-07-31 02:26:30.677157,11,sin novedad
2970,2,54.0,2024-07-31 03:07:42.059653,11,
2971,4,98.0,2024-07-31 04:32:18.759054,10,sin novedad
2972,3,,2024-07-31 05:55:32.913018,29,aviso proveedor externo
2973,2,,2024-07-31 06:00:00.000000,21,normal
2974,3,71.0,2024-07-31 06:31:01.597337,18,operador reseteo
2975,2,56.0,2024-07-31 07:52:06.960812,15,restablecida sola
2976,5,125.0,2024-07-31 11:45:41.509009,5,PARADA POR FALLA
2977,4,,2024-07-31 14:00:00.000000,21,s/n
2978,2,,2024-07-31 14:00:00.000000,22,s/n
2979,3,,2024-07-31 14:00:00.000000,21,s/n
2980,5,125.0,2024-07-31 17:03:06.856450,6,reanuda produccion
2981,1,,2024-07-31 22:00:00.000000,20,normal
2982,2,,2024-07-31 22:00:00.000000,21,normal
2983,4,,2024-07-31 22:00:00.000000,20,
2984,3,,2024-07-31 22:00:00.000000,19,s/n
2985,5,,2024-07-31 22:00:00.000000,19,
2986,1,24.0,2024-07-31 23:49:36.982123,10,ok.
2987,4,90.0,2024-08-01 00:46:57.154993,12,DRN OK
2988,4,84.0,2024-08-01 01:38:21.597976,18,restablecida sola
2989,5,138.0,2024-08-01 05:16:34.705700,10,DRN OK
2990,2,,2024-08-01 06:00:00.000000,20,normal
2991,3,,2024-08-01 06:00:00.000000,20,ok
2992,2,61.0,2024-08-01 08:08:17.412237,15,operador reseteo
2993,1,,2024-08-01 10:56:57.514707,29,ver informe adjunto
2994,4,,2024-08-01 14:00:00.000000,20,ok
2995,3,,2024-08-01 14:00:00.000000,22,normal
2996,1,,2024-08-01 14:00:00.000000,19,s/n
2997,5,,2024-08-01 14:00:00.000000,22,s/n
2998,3,69.0,2024-08-01 15:26:53.580043,10,purga completa
2999,2,,2024-08-01 22:00:00.000000,20,ok
3000,3,,2024-08-01 22:00:00.000000,20,
3001,2,57.0,2024-08-01 23:45:28.066385,13,ok.
3002,1,35.0,2024-08-02 03:43:43.800279,12,ok.
3003,4,100.0,2024-08-02 03:54:37.584993,11,OK
3004,3,66.0,2024-08-02 04:58:06.478719,11,sin novedad
3005,2,,2024-08-02 06:00:00.000000,21,normal
3006,5,,2024-08-02 06:00:00.000000,20,normal
3007,1,,2024-08-02 06:00:00.000000,19,normal
3008,4,,2024-08-02 10:06:38.733175,27,
3009,4,,2024-08-02 14:00:00.000000,19,
3010,2,,2024-08-02 14:00:00.000000,19,normal
3011,2,47.0,2024-08-02 18:12:43.377579,17,sin intervencion
3012,3,69.0,2024-08-02 19:14:29.579566,10,purga completa
3013,3,,2024-08-02 22:00:00.000000,22,ok
3014,5,,2024-08-02 22:00:00.000000,21,normal
3015,4,,2024-08-02 22:00:00.000000,21,ok
3016,3,80.0,2024-08-03 00:03:11.254732,18,restablecida sola
3017,1,17.0,2024-08-03 02:25:15.897415,16,operador reseteo
3018,4,105.0,2024-08-03 02:55:48.489567,13,purga completa
3019,1,22.0,2024-08-03 03:06:43.198820,11,DRN OK
3020,1,,2024-08-03 06:00:00.000000,22,ok
3021,4,107.0,2024-08-03 07:24:43.659791,13,DRN OK
3022,4,,2024-08-03 14:00:00.000000,20,normal
3023,5,,2024-08-03 14:00:00.000000,22,ok
3024,1,,2024-08-03 22:00:00.000000,21,
3025,4,,2024-08-03 22:00:00.000000,20,normal
3026,3,,2024-08-03 22:00:00.000000,22,normal
3027,5,,2024-08-03 22:00:00.000000,21,s/n
3028,3,65.0,2024-08-04 00:34:24.795998,14,OK
3029,2,,2024-08-04 06:00:00.000000,22,
3030,3,,2024-08-04 06:00:00.000000,22,ok
3031,5,,2024-08-04 06:00:00.000000,19,
3032,1,20.0,2024-08-04 06:18:07.643497,3,PARADA POR FALLA
3033,1,20.0,2024-08-04 09:52:46.477644,7,arranque normal
3034,3,,2024-08-04 14:00:00.000000,19,
3035,2,,2024-08-04 14:00:00.000000,22,s/n
3036,5,,2024-08-04 14:00:00.000000,20,
3037,1,,2024-08-04 14:00:00.000000,19,ok
3038,2,56.0,2024-08-04 15:21:14.322456,18,restablecida sola
3039,5,119.0,2024-08-04 17:50:18.360233,4,ver OT
3040,1,7.0,2024-08-04 17:53:44.567931,11,sin novedad
3041,4,97.0,2024-08-04 20:03:39.515956,17,sin intervencion
3042,5,119.0,2024-08-04 21:55:20.302731,7,arranque normal
3043,4,,2024-08-04 22:00:00.000000,22,normal
3044,3,,2024-08-04 22:00:00.000000,22,
3045,1,,2024-08-04 22:00:00.000000,20,s/n
3046,1,,2024-08-05 06:00:00.000000,21,s/n
3047,4,,2024-08-05 06:00:00.000000,19,normal
3048,4,111.0,2024-08-05 07:56:10.915115,14,ok.
3049,3,,2024-08-05 13:07:55.640864,27,
3050,2,,2024-08-05 14:00:00.000000,22,
3051,5,,2024-08-05 14:00:00.000000,20,s/n
3052,4,,2024-08-05 14:00:00.000000,22,ok
3053,4,107.0,2024-08-05 14:19:29.036968,11,purga completa
3054,4,89.0,2024-08-05 15:34:09.979034,10,ok.
3055,4,,2024-08-05 16:16:34.972502,29,aviso proveedor externo
3056,5,129.0,2024-08-05 21:34:53.517479,14,sin novedad
3057,1,,2024-08-05 22:00:00.000000,20,normal
3058,4,,2024-08-05 22:00:00.000000,21,ok
3059,2,49.0,2024-08-06 04:17:48.954048,14,OK
3060,2,,2024-08-06 06:00:00.000000,21,s/n
3061,1,13.0,2024-08-06 08:55:41.251516,11,purga completa
3062,1,33.0,2024-08-06 10:11:21.846237,2,PARADA POR FALLA
3063,4,,2024-08-06 14:00:00.000000,19,
3064,3,,2024-08-06 14:00:00.000000,22,normal
3065,2,,2024-08-06 14:00:00.000000,19,
3066,1,33.0,2024-08-06 15:12:18.509354,7,OK
3067,2,,2024-08-06 17:32:33.986255,28,aviso proveedor externo
3068,2,51.0,2024-08-06 18:56:47.172917,10,sin novedad
3069,1,14.0,2024-08-06 21:09:37.172676,13,DRN OK
3070,4,,2024-08-06 22:00:00.000000,19,ok
3071,2,,2024-08-06 22:00:00.000000,20,normal
3072,2,46.0,2024-08-07 04:07:30.183566,15,sin intervencion
3073,4,90.0,2024-08-07 08:09:32.673901,17,sin intervencion
3074,3,71.0,2024-08-07 10:56:35.670140,14,DRN OK
3075,4,110.0,2024-08-07 12:39:19.771014,5,por mantenimiento
3076,1,,2024-08-07 14:00:00.000000,22,normal
3077,2,,2024-08-07 14:00:00.000000,20,
3078,5,,2024-08-07 14:00:00.000000,20,s/n
3079,1,6.0,2024-08-07 17:20:37.541883,14,
3080,4,110.0,2024-08-07 18:02:39.246428,8,arranque normal
3081,4,83.0,2024-08-07 20:59:52.524555,12,sin novedad
3082,1,12.0,2024-08-07 21:32:59.594489,2,
3083,1,,2024-08-07 22:00:00.000000,21,
3084,5,,2024-08-07 22:00:00.000000,20,s/n
3085,1,19.0,2024-08-07 23:04:52.356129,12,purga completa
3086,3,77.0,2024-08-07 23:35:25.595061,11,sin novedad
3087,2,47.0,2024-08-08 00:00:05.368321,11,ok.
3088,3,73.0,2024-08-08 00:38:02.429017,10,OK
3089,3,69.0,2024-08-08 01:48:39.028019,10,
3090,4,83.0,2024-08-08 02:44:17.158809,12,DRN OK
3091,4,102.0,2024-08-08 03:22:33.528026,14,ok.
3092,1,18.0,2024-08-08 05:45:53.229050,11,DRN OK
3093,5,,2024-08-08 06:00:00.000000,22,s/n
3094,3,,2024-08-08 06:00:00.000000,21,ok
3095,4,,2024-08-08 06:00:00.000000,20,s/n
3096,1,,2024-08-08 06:00:00.000000,22,
3097,2,,2024-08-08 06:00:00.000000,19,
3098,2,48.0,2024-08-08 06:58:19.849091,13,DRN OK
3099,1,12.0,2024-08-08 08:37:07.861385,7,OK
3100,3,,2024-08-08 14:00:00.000000,20,ok
3101,2,,2024-08-08 14:00:00.000000,20,s/n
3102,1,8.0,2024-08-08 15:04:24.131355,13,ok.
3103,4,92.0,2024-08-08 16:21:30.811906,17,operador reseteo
3104,3,,2024-08-08 22:00:00.000000,22,s/n
3105,1,,2024-08-08 22:00:00.000000,22,normal
3106,5,,2024-08-08 22:00:00.000000,21,ok
3107,1,4.0,2024-08-08 22:11:33.597578,10,DRN OK
3108,3,64.0,2024-08-09 01:14:37.800843,10,DRN OK
3109,1,31.0,2024-08-09 02:17:31.727901,13,sin novedad
3110,1,20.0,2024-08-09 04:04:32.631844,16,operador reseteo
3111,4,,2024-08-09 06:00:00.000000,21,normal
3112,2,,2024-08-09 06:00:00.000000,20,normal
3113,3,,2024-08-09 06:00:00.000000,20,
3114,5,,2024-08-09 06:00:00.000000,22,ok
3115,4,,2024-08-09 14:00:00.000000,19,ok
3116,3,,2024-08-09 14:00:00.000000,20,
3117,1,,2024-08-09 14:00:00.000000,19,ok
3118,5,134.0,2024-08-09 14:42:49.935620,17,sin intervencion
3119,4,97.0,2024-08-09 19:42:58.912275,14,
3120,2,,2024-08-09 22:00:00.000000,21,s/n
3121,3,,2024-08-09 22:00:00.000000,19,ok
3122,1,,2024-08-09 22:00:00.000000,22,ok
3123,4,105.0,2024-08-09 22:00:28.272504,16,restablecida sola
3124,1,11.0,2024-08-10 01:58:20.902255,15,restablecida sola
3125,3,76.0,2024-08-10 03:47:09.721686,13,purga completa
3126,3,77.0,2024-08-10 04:30:44.913733,13,DRN OK
3127,4,,2024-08-10 06:00:00.000000,20,normal
3128,5,,2024-08-10 06:00:00.000000,19,normal
3129,1,,2024-08-10 06:00:00.000000,21,
3130,2,48.0,2024-08-10 09:47:16.854201,11,ok.
3131,5,140.0,2024-08-10 10:46:14.998262,14,OK
3132,2,,2024-08-10 14:00:00.000000,21,normal
3133,3,,2024-08-10 14:00:00.000000,22,ok
3134,4,,2024-08-10 14:00:00.000000,20,ok
3135,1,29.0,2024-08-10 14:00:47.095518,16,sin intervencion
3136,1,33.0,2024-08-10 15:06:38.478862,10,DRN OK
3137,2,53.0,2024-08-10 15:45:04.268639,13,ok.
3138,2,44.0,2024-08-10 17:38:40.143479,13,OK
3139,5,135.0,2024-08-10 21:13:53.908218,18,restablecida sola
3140,1,37.0,2024-08-10 21:27:04.910413,11,ok.
3141,1,,2024-08-10 22:00:00.000000,19,s/n
3142,5,,2024-08-10 22:00:00.000000,20,s/n
3143,2,57.0,2024-08-10 22:43:04.555198,10,OK
3144,3,65.0,2024-08-11 03:35:44.002404,12,
3145,3,,2024-08-11 06:00:00.000000,22,s/n
3146,4,,2024-08-11 06:00:00.000000,22,ok
3147,4,,2024-08-11 14:00:00.000000,21,s/n
3148,3,,2024-08-11 14:00:00.000000,22,
3149,5,,2024-08-11 14:00:00.000000,19,
3150,5,135.0,2024-08-11 18:46:16.423587,11,sin novedad
3151,5,121.0,2024-08-11 20:07:41.492297,18,sin intervencion
3152,1,,2024-08-11 22:00:00.000000,21,
3153,4,,2024-08-11 22:00:00.000000,22,normal
3154,5,139.0,2024-08-11 22:03:23.962404,16,operador reseteo
3155,4,95.0,2024-08-12 04:16:01.975913,10,DRN OK
3156,4,105.0,2024-08-12 05:00:31.940580,12,sin novedad
3157,2,,2024-08-12 06:00:00.000000,20,ok
3158,4,,2024-08-12 06:00:00.000000,21,s/n
3159,4,,2024-08-12 10:40:09.845285,28,
3160,1,11.0,2024-08-12 10:46:29.584561,10,OK
3161,2,,2024-08-12 14:00:00.000000,22,normal
3162,5,,2024-08-12 14:00:00.000000,22,s/n
3163,3,,2024-08-12 14:00:00.000000,20,s/n
3164,4,98.0,2024-08-12 15:30:09.646717,11,sin novedad
3165,4,100.0,2024-08-12 16:31:55.483125,11,
3166,4,100.0,2024-08-12 20:49:56.591644,13,sin novedad
3167,2,,2024-08-12 22:00:00.000000,21,normal
3168,5,,2024-08-12 22:00:00.000000,19,ok
3169,3,64.0,2024-08-13 05:57:01.148108,10,ok.
3170,1,,2024-08-13 06:00:00.000000,22,normal
3171,3,,2024-08-13 06:00:00.000000,22,ok
3172,2,,2024-08-13 06:00:00.000000,20,s/n
3173,4,,2024-08-13 14:00:00.000000,20,
3174,2,,2024-08-13 14:00:00.000000,22,s/n
3175,5,129.0,2024-08-13 15:13:07.079478,16,sin intervencion
3176,4,,2024-08-13 15:45:06.810519,29,ver informe adjunto
3177,5,142.0,2024-08-13 17:42:22.320757,10,purga completa
3178,3,66.0,2024-08-13 18:06:11.026546,11,sin novedad
3179,2,,2024-08-13 22:00:00.000000,22,normal
3180,2,44.0,2024-08-14 03:53:03.867054,10,ok.
3181,4,,2024-08-14 06:00:00.000000,19,s/n
3182,2,,2024-08-14 06:00:00.000000,20,ok
3183,3,,2024-08-14 06:00:00.000000,19,
3184,4,97.0,2024-08-14 07:49:15.253731,5,por mantenimiento
3185,3,80.0,2024-08-14 10:04:00.489853,12,ok.
3186,4,97.0,2024-08-14 11:24:27.906909,6,
3187,5,119.0,2024-08-14 13:00:23.987766,14,sin novedad
3188,3,,2024-08-14 14:00:00.000000,21,
3189,5,,2024-08-14 14:00:00.000000,21,ok
3190,2,,2024-08-14 14:00:00.000000,21,
3191,4,,2024-08-14 14:00:00.000000,19,normal
3192,3,70.0,2024-08-14 19:33:02.738892,12,purga completa
3193,5,122.0,2024-08-14 19:42:05.912864,15,restablecida sola
3194,5,127.0,2024-08-14 20:20:15.300220,10,sin novedad
3195,3,,2024-08-14 22:00:00.000000,19,
3196,4,,2024-08-14 22:00:00.000000,19,ok
3197,5,,2024-08-14 22:00:00.000000,22,s/n
3198,1,,2024-08-14 22:00:00.000000,22,
3199,4,84.0,2024-08-15 00:16:00.438045,11,OK
3200,4,97.0,2024-08-15 00:46:46.837902,14,
3201,1,30.0,2024-08-15 03:10:16.662853,1,por mantenimiento
3202,2,44.0,2024-08-15 03:28:51.555208,16,restablecida sola
3203,5,141.0,2024-08-15 09:51:55.113142,16,operador reseteo
3204,4,104.0,2024-08-15 10:25:00.413334,11,sin novedad
3205,1,,2024-08-15 14:00:00.000000,19,normal
3206,3,,2024-08-15 14:00:00.000000,19,ok
3207,5,,2024-08-15 14:00:00.000000,19,ok
3208,1,30.0,2024-08-15 20:54:36.835867,6,OK
3209,1,,2024-08-15 22:00:00.000000,19,s/n
3210,5,,2024-08-15 22:00:00.000000,22,ok
3211,4,,2024-08-16 06:00:00.000000,22,normal
3212,3,,2024-08-16 06:00:00.000000,22,s/n
3213,4,110.0,2024-08-16 06:39:08.001610,13,ok.
3214,5,116.0,2024-08-16 09:55:26.217956,12,DRN OK
3215,1,,2024-08-16 14:00:00.000000,20,ok
3216,2,,2024-08-16 14:00:00.000000,19,
3217,4,,2024-08-16 14:00:00.000000,21,s/n
3218,3,,2024-08-16 14:00:00.000000,20,
3219,1,32.0,2024-08-16 18:30:35.293359,10,DRN OK
3220,4,107.0,2024-08-16 20:19:50.713402,15,restablecida sola
3221,2,,2024-08-16 22:00:00.000000,21,s/n
3222,5,,2024-08-16 22:00:00.000000,21,ok
3223,1,,2024-08-16 22:00:00.000000,19,
3224,4,,2024-08-16 22:00:00.000000,21,s/n
3225,2,57.0,2024-08-16 22:20:20.746752,12,OK
3226,2,60.0,2024-08-16 22:44:18.852115,10,ok.
3227,2,47.0,2024-08-17 00:39:38.888877,10,purga completa
3228,2,40.0,2024-08-17 00:59:50.466540,11,sin novedad
3229,2,47.0,2024-08-17 03:05:37.110276,11,purga completa
3230,2,44.0,2024-08-17 04:06:09.939708,13,sin novedad
3231,1,27.0,2024-08-17 04:41:04.290669,10,
3232,1,,2024-08-17 06:00:00.000000,20,s/n
3233,4,,2024-08-17 06:00:00.000000,22,s/n
3234,2,,2024-08-17 06:00:00.000000,20,
3235,3,77.0,2024-08-17 06:28:26.028955,13,DRN OK
3236,4,87.0,2024-08-17 08:44:35.576687,15,restablecida sola
3237,4,,2024-08-17 08:45:44.386512,23,aviso proveedor externo
3238,3,,2024-08-17 14:00:00.000000,19,normal
3239,1,,2024-08-17 14:00:00.000000,22,s/n
3240,5,,2024-08-17 21:25:27.576216,26,aviso proveedor externo
3241,3,,2024-08-17 22:00:00.000000,19,s/n
3242,5,,2024-08-17 22:00:00.000000,21,s/n
3243,2,46.0,2024-08-18 01:48:19.246657,13,sin novedad
3244,4,97.0,2024-08-18 02:37:30.007777,11,
3245,1,15.0,2024-08-18 03:27:16.529463,12,
3246,5,,2024-08-18 06:00:00.000000,19,ok
3247,3,,2024-08-18 06:00:00.000000,22,normal
3248,2,,2024-08-18 14:00:00.000000,19,s/n
3249,4,,2024-08-18 14:00:00.000000,20,s/n
3250,3,,2024-08-18 14:00:00.000000,20,
3251,2,60.0,2024-08-18 17:38:14.222361,12,ok.
3252,5,129.0,2024-08-18 20:14:21.766249,13,
3253,4,,2024-08-18 22:00:00.000000,22,ok
3254,5,,2024-08-18 22:00:00.000000,20,s/n
3255,2,,2024-08-18 22:00:00.000000,21,
3256,2,42.0,2024-08-18 22:39:25.411158,14,OK
3257,3,79.0,2024-08-19 01:23:48.761804,10,sin novedad
3258,4,,2024-08-19 06:00:00.000000,19,ok
3259,1,,2024-08-19 06:00:00.000000,21,s/n
3260,5,,2024-08-19 06:00:00.000000,22,s/n
3261,2,57.0,2024-08-19 09:01:29.006029,4,ver OT
3262,4,89.0,2024-08-19 11:37:45.917301,11,
3263,3,69.0,2024-08-19 13:42:08.131910,16,operador reseteo
3264,1,,2024-08-19 14:00:00.000000,21,ok
3265,5,,2024-08-19 14:00:00.000000,21,s/n
3266,2,,2024-08-19 14:00:00.000000,19,
3267,5,123.0,2024-08-19 16:07:53.220304,14,OK
3268,1,,2024-08-19 22:00:00.000000,19,normal
3269,5,,2024-08-19 22:00:00.000000,21,
3270,3,,2024-08-19 22:00:00.000000,19,
3271,4,,2024-08-19 22:00:00.000000,19,s/n
3272,4,99.0,2024-08-19 22:02:30.534956,14,OK
3273,3,,2024-08-19 22:13:26.197771,27,
3274,2,40.0,2024-08-19 22:20:39.279070,16,operador reseteo
3275,5,125.0,2024-08-20 01:06:46.601960,13,
3276,2,49.0,2024-08-20 05:16:28.677765,13,purga completa
3277,2,,2024-08-20 06:00:00.000000,20,
3278,4,,2024-08-20 06:00:00.000000,21,normal
3279,2,41.0,2024-08-20 07:36:38.444826,13,DRN OK
3280,4,,2024-08-20 14:00:00.000000,20,normal
3281,2,,2024-08-20 14:00:00.000000,19,s/n
3282,5,,2024-08-20 14:00:00.000000,21,ok
3283,2,51.0,2024-08-20 14:55:35.629302,13,ok.
3284,5,,2024-08-20 22:00:00.000000,22,
3285,1,,2024-08-20 22:00:00.000000,22,
3286,2,57.0,2024-08-21 01:14:58.109325,7,arranque normal
3287,4,102.0,2024-08-21 04:40:46.448819,12,DRN OK
3288,5,,2024-08-21 06:00:00.000000,20,s/n
3289,3,,2024-08-21 06:00:00.000000,22,normal
3290,2,,2024-08-21 06:00:00.000000,20,ok
3291,4,,2024-08-21 06:00:00.000000,19,ok
3292,3,80.0,2024-08-21 07:00:52.340880,3,
3293,3,80.0,2024-08-21 11:33:28.623776,9,
3294,1,14.0,2024-08-21 12:13:47.860750,18,sin intervencion
3295,1,2.0,2024-08-21 13:13:41.422385,11,ok.
3296,3,66.0,2024-08-21 13:41:28.238958,10,
3297,2,,2024-08-21 14:00:00.000000,20,ok
3298,5,,2024-08-21 14:00:00.000000,19,normal
3299,5,135.0,2024-08-21 17:50:53.826902,14,
3300,4,107.0,2024-08-21 19:45:46.797844,15,sin intervencion
3301,2,,2024-08-21 22:00:00.000000,20,ok
3302,1,,2024-08-21 22:00:00.000000,22,s/n
3303,3,,2024-08-21 22:00:00.000000,19,ok
3304,4,,2024-08-22 02:43:17.303449,28,ver informe adjunto
3305,4,112.0,2024-08-22 03:08:29.932702,18,restablecida sola
3306,1,,2024-08-22 06:00:00.000000,21,normal
3307,5,,2024-08-22 06:00:00.000000,21,
3308,4,111.0,2024-08-22 12:44:39.834938,10,OK
3309,1,,2024-08-22 14:00:00.000000,20,s/n
3310,5,,2024-08-22 14:00:00.000000,19,
3311,2,,2024-08-22 14:00:00.000000,20,ok
3312,4,,2024-08-22 14:00:00.000000,22,ok
3313,3,79.0,2024-08-22 14:12:31.765698,18,restablecida sola
3314,2,42.0,2024-08-22 17:49:09.111692,10,DRN OK
3315,4,,2024-08-22 22:00:00.000000,20,ok
3316,5,,2024-08-22 22:00:00.000000,19,
3317,2,47.0,2024-08-22 22:50:22.947742,10,purga completa
3318,5,130.0,2024-08-22 23:16:37.569439,12,DRN OK
3319,5,139.0,2024-08-22 23:16:43.447225,12,OK
3320,3,,2024-08-23 06:00:00.000000,21,ok
3321,4,,2024-08-23 06:00:00.000000,22,
3322,1,,2024-08-23 06:00:00.000000,19,s/n
3323,2,,2024-08-23 06:00:00.000000,22,ok
3324,5,,2024-08-23 06:00:00.000000,20,s/n
3325,2,52.0,2024-08-23 06:18:22.293309,12,sin novedad
3326,3,80.0,2024-08-23 12:13:28.528177,14,purga completa
3327,1,8.0,2024-08-23 13:47:43.716398,5,
3328,1,35.0,2024-08-23 16:57:47.614046,5,ver OT
3329,1,8.0,2024-08-23 19:17:07.857201,9,OK
3330,1,35.0,2024-08-23 20:02:27.575138,8,arranque normal
3331,3,68.0,2024-08-23 21:17:41.583148,10,
3332,4,,2024-08-23 22:00:00.000000,21,s/n
3333,4,96.0,2024-08-24 00:04:12.104578,14,ok.
3334,5,121.0,2024-08-24 00:23:41.759396,14,
3335,1,12.0,2024-08-24 04:51:52.209978,16,sin intervencion
3336,4,,2024-08-24 06:00:00.000000,20,normal
3337,5,,2024-08-24 06:00:00.000000,22,normal
3338,3,,2024-08-24 06:00:00.000000,20,
3339,2,,2024-08-24 06:00:00.000000,19,ok
3340,5,,2024-08-24 09:09:15.610470,27,aviso proveedor externo
3341,1,2.0,2024-08-24 11:30:51.917512,12,OK
3342,4,97.0,2024-08-24 12:05:16.317463,1,por mantenimiento
3343,4,92.0,2024-08-24 12:25:22.612509,10,OK
3344,3,70.0,2024-08-24 13:44:19.181893,18,restablecida sola
3345,4,,2024-08-24 14:00:00.000000,19,normal
3346,3,,2024-08-24 14:00:00.000000,19,
3347,4,97.0,2024-08-24 14:03:02.984856,8,reanuda produccion
3348,4,108.0,2024-08-24 21:43:47.982588,10,
3349,5,,2024-08-24 22:00:00.000000,22,
3350,4,,2024-08-24 22:00:00.000000,20,s/n
3351,3,,2024-08-25 01:12:56.592297,28,aviso proveedor externo
3352,5,,2024-08-25 02:40:35.530281,27,
3353,1,,2024-08-25 06:00:00.000000,20,s/n
3354,4,,2024-08-25 06:00:00.000000,21,normal
3355,3,,2024-08-25 06:00:00.000000,19,ok
3356,2,,2024-08-25 06:00:00.000000,19,
3357,5,141.0,2024-08-25 06:01:29.353796,14,sin novedad
3358,4,,2024-08-25 14:00:00.000000,20,s/n
3359,1,,2024-08-25 14:00:00.000000,20,normal
3360,5,127.0,2024-08-25 16:32:43.719181,5,por mantenimiento
3361,5,127.0,2024-08-25 20:15:17.029579,6,reanuda produccion
3362,1,,2024-08-25 21:05:02.854804,29,
3363,4,100.0,2024-08-25 21:35:35.371893,11,purga completa
3364,3,,2024-08-25 22:00:00.000000,21,s/n
3365,2,,2024-08-25 22:00:00.000000,22,
3366,4,,2024-08-25 22:00:00.000000,22,
3367,1,,2024-08-26 06:00:00.000000,21,
3368,2,,2024-08-26 06:00:00.000000,21,
3369,3,,2024-08-26 06:00:00.000000,21,normal
3370,4,,2024-08-26 06:00:00.000000,21,s/n
3371,3,68.0,2024-08-26 13:37:52.549043,13,OK
3372,5,,2024-08-26 14:00:00.000000,21,s/n
3373,4,,2024-08-26 14:00:00.000000,19,s/n
3374,2,,2024-08-26 14:00:00.000000,19,
3375,5,114.0,2024-08-26 18:26:34.133195,18,sin intervencion
3376,4,102.0,2024-08-26 21:34:54.704730,18,sin intervencion
3377,4,83.0,2024-08-26 21:36:22.566455,18,operador reseteo
3378,2,,2024-08-26 22:00:00.000000,19,normal
3379,1,,2024-08-26 22:00:00.000000,19,ok
3380,4,,2024-08-26 22:00:00.000000,21,
3381,4,90.0,2024-08-27 01:05:43.146613,15,sin intervencion
3382,4,109.0,2024-08-27 07:28:31.191857,17,sin intervencion
3383,3,80.0,2024-08-27 10:46:21.960147,13,ok.
3384,5,,2024-08-27 14:00:00.000000,22,ok
3385,1,,2024-08-27 14:00:00.000000,19,normal
3386,3,,2024-08-27 14:00:00.000000,20,normal
3387,2,39.0,2024-08-27 18:07:23.417816,12,sin novedad
3388,5,135.0,2024-08-27 21:01:26.508029,14,ok.
3389,1,,2024-08-27 22:00:00.000000,20,
3390,3,,2024-08-27 22:00:00.000000,20,s/n
3391,1,25.0,2024-08-27 22:52:48.242066,5,por mantenimiento
3392,1,30.0,2024-08-27 23:46:05.469244,13,purga completa
3393,2,61.0,2024-08-28 00:25:31.410216,1,por mantenimiento
3394,4,89.0,2024-08-28 02:12:37.322473,14,sin novedad
3395,1,31.0,2024-08-28 02:17:12.225999,14,purga completa
3396,1,,2024-08-28 06:00:00.000000,21,s/n
3397,4,,2024-08-28 06:00:00.000000,20,
3398,3,,2024-08-28 06:00:00.000000,20,s/n
3399,2,53.0,2024-08-28 08:49:48.900912,12,
3400,5,,2024-08-28 10:07:37.284559,26,ver informe adjunto
3401,2,56.0,2024-08-28 10:30:01.554219,11,
3402,3,,2024-08-28 14:00:00.000000,20,normal
3403,5,123.0,2024-08-28 21:08:48.105604,12,sin novedad
3404,5,131.0,2024-08-28 21:18:11.123003,13,DRN OK
3405,1,,2024-08-28 22:00:00.000000,22,s/n
3406,4,,2024-08-28 22:00:00.000000,21,normal
3407,5,,2024-08-28 22:00:00.000000,19,
3408,2,,2024-08-28 22:00:00.000000,22,s/n
3409,3,,2024-08-28 22:00:00.000000,21,s/n
3410,2,60.0,2024-08-29 00:23:50.760440,10,sin novedad
3411,3,76.0,2024-08-29 00:59:24.363704,12,sin novedad
3412,1,25.0,2024-08-29 10:40:10.888734,6,reanuda produccion
3413,1,,2024-08-29 14:00:00.000000,19,normal
3414,5,119.0,2024-08-29 15:33:54.992864,13,
3415,3,71.0,2024-08-29 17:26:33.269586,13,
3416,1,25.0,2024-08-29 17:44:23.588333,18,restablecida sola
3417,4,104.0,2024-08-29 21:14:30.454119,11,OK
3418,4,,2024-08-29 22:00:00.000000,20,s/n
3419,3,,2024-08-29 22:00:00.000000,21,
3420,2,61.0,2024-08-29 22:06:35.981514,7,reanuda produccion
3421,2,55.0,2024-08-29 22:34:39.726963,11,
3422,3,70.0,2024-08-30 01:25:20.769503,12,ok.
3423,5,122.0,2024-08-30 01:33:15.317069,14,DRN OK
3424,4,,2024-08-30 06:00:00.000000,22,
3425,3,,2024-08-30 06:00:00.000000,22,normal
3426,5,,2024-08-30 06:00:00.000000,21,normal
3427,2,49.0,2024-08-30 08:47:00.075885,16,operador reseteo
3428,1,11.0,2024-08-30 12:36:25.192238,18,sin intervencion
3429,3,,2024-08-30 14:00:00.000000,19,
3430,2,,2024-08-30 14:00:00.000000,22,ok
3431,4,,2024-08-30 14:00:00.000000,19,
3432,5,,2024-08-30 14:00:00.000000,22,normal
3433,2,54.0,2024-08-30 21:03:23.750015,13,ok.
3434,3,,2024-08-30 22:00:00.000000,22,ok
3435,5,,2024-08-30 22:00:00.000000,22,ok
3436,5,116.0,2024-08-30 22:25:21.831691,16,sin intervencion
3437,2,40.0,2024-08-31 02:27:44.788778,18,operador reseteo
3438,5,135.0,2024-08-31 03:55:35.409482,14,sin novedad
3439,5,,2024-08-31 06:00:00.000000,21,s/n
3440,3,,2024-08-31 06:00:00.000000,20,
3441,3,,2024-08-31 14:00:00.000000,19,
3442,2,,2024-08-31 14:00:00.000000,20,s/n
3443,1,,2024-08-31 14:00:00.000000,22,s/n
3444,1,15.0,2024-08-31 18:20:56.456870,13,ok.
3445,1,,2024-08-31 22:00:00.000000,20,normal
3446,3,,2024-08-31 22:00:00.000000,21,ok
3447,5,,2024-08-31 22:00:00.000000,19,ok
3448,2,57.0,2024-09-01 00:38:15.712234,17,sin intervencion
3449,4,97.0,2024-09-01 03:28:22.447206,18,sin intervencion
3450,3,,2024-09-01 06:00:00.000000,22,normal
3451,4,,2024-09-01 06:00:00.000000,19,normal
3452,2,,2024-09-01 06:00:00.000000,19,s/n
3453,1,30.0,2024-09-01 07:48:57.263300,10,purga completa
3454,1,31.0,2024-09-01 08:34:06.256842,13,OK
3455,3,65.0,2024-09-01 13:06:31.822131,12,purga completa
3456,1,,2024-09-01 14:00:00.000000,22,
3457,2,,2024-09-01 14:00:00.000000,20,normal
3458,5,,2024-09-01 14:00:00.000000,20,
3459,1,12.0,2024-09-01 14:38:55.092228,12,OK
3460,3,79.0,2024-09-01 17:19:58.767471,10,OK
3461,4,97.0,2024-09-01 18:20:00.266227,13,
3462,1,,2024-09-01 22:00:00.000000,20,s/n
3463,2,,2024-09-01 22:00:00.000000,19,normal
3464,5,,2024-09-02 06:00:00.000000,21,ok
3465,2,,2024-09-02 06:00:00.000000,20,normal
3466,3,,2024-09-02 06:00:00.000000,20,
3467,1,26.0,2024-09-02 09:54:29.352892,3,ver OT
3468,1,26.0,2024-09-02 13:02:30.181914,6,arranque normal
3469,1,,2024-09-02 14:00:00.000000,21,s/n
3470,5,,2024-09-02 14:00:00.000000,21,normal
3471,2,,2024-09-02 14:00:00.000000,22,
3472,1,8.0,2024-09-02 14:19:24.578262,16,restablecida sola
3473,3,70.0,2024-09-02 16:56:50.516035,13,
3474,1,31.0,2024-09-02 20:09:46.598808,14,ok.
3475,1,,2024-09-02 22:00:00.000000,21,ok
3476,5,,2024-09-02 22:00:00.000000,22,normal
3477,2,,2024-09-02 22:00:00.000000,22,ok
3478,4,,2024-09-02 22:00:00.000000,22,ok
3479,1,32.0,2024-09-03 04:12:45.259764,13,sin novedad
3480,1,6.0,2024-09-03 04:37:57.261309,14,sin novedad
3481,3,,2024-09-03 06:00:00.000000,21,ok
3482,5,124.0,2024-09-03 08:01:43.033087,12,sin novedad
3483,5,138.0,2024-09-03 08:33:17.945285,18,sin intervencion
3484,5,132.0,2024-09-03 09:05:39.669839,3,por mantenimiento
3485,3,69.0,2024-09-03 12:35:05.564062,10,
3486,5,132.0,2024-09-03 13:26:13.748370,8,reanuda produccion
3487,1,,2024-09-03 14:00:00.000000,19,s/n
3488,5,131.0,2024-09-03 14:26:33.577078,13,
3489,1,,2024-09-04 06:00:00.000000,19,
3490,4,,2024-09-04 06:00:00.000000,20,ok
3491,3,,2024-09-04 14:00:00.000000,19,normal
3492,1,,2024-09-04 14:00:00.000000,19,s/n
3493,2,,2024-09-04 14:00:00.000000,19,normal
3494,2,46.0,2024-09-04 21:58:53.649754,15,sin intervencion
3495,3,,2024-09-04 22:00:00.000000,22,normal
3496,2,,2024-09-04 22:00:00.000000,21,s/n
3497,4,,2024-09-04 22:00:00.000000,22,normal
3498,5,,2024-09-04 22:00:00.000000,21,
3499,4,88.0,2024-09-05 02:23:48.512388,12,DRN OK
3500,1,,2024-09-05 06:00:00.000000,21,
3501,4,,2024-09-05 06:00:00.000000,20,
3502,2,,2024-09-05 06:00:00.000000,22,
3503,1,8.0,2024-09-05 06:09:52.592790,10,ok.
3504,1,5.0,2024-09-05 08:37:16.227893,14,purga completa
3505,3,,2024-09-05 14:00:00.000000,19,
3506,5,,2024-09-05 14:00:00.000000,22,normal
3507,2,56.0,2024-09-05 18:08:12.243447,16,sin intervencion
3508,4,,2024-09-05 22:00:00.000000,19,ok
3509,4,,2024-09-06 06:00:00.000000,22,normal
3510,1,,2024-09-06 09:31:43.251615,28,aviso proveedor externo
3511,2,,2024-09-06 14:00:00.000000,19,s/n
3512,4,,2024-09-06 14:00:00.000000,22,
3513,1,,2024-09-06 14:00:00.000000,21,ok
3514,2,53.0,2024-09-06 15:17:57.333021,4,ver OT
3515,2,53.0,2024-09-06 18:34:28.110115,6,reanuda produccion
3516,5,121.0,2024-09-06 21:13:30.421378,14,purga completa
3517,4,,2024-09-06 22:00:00.000000,22,s/n
3518,2,,2024-09-06 22:00:00.000000,21,ok
3519,3,,2024-09-06 22:00:00.000000,21,
3520,1,,2024-09-06 22:00:00.000000,20,ok
3521,5,,2024-09-06 22:00:00.000000,21,
3522,4,87.0,2024-09-06 22:07:41.368362,14,DRN OK
3523,1,19.0,2024-09-06 23:41:53.560026,11,sin novedad
3524,2,55.0,2024-09-07 01:20:36.404950,15,sin intervencion
3525,4,,2024-09-07 06:00:00.000000,20,ok
3526,2,,2024-09-07 06:00:00.000000,21,s/n
3527,3,,2024-09-07 06:00:00.000000,20,s/n
3528,3,81.0,2024-09-07 06:03:43.581333,10,sin novedad
3529,3,63.0,2024-09-07 13:39:02.549367,16,operador reseteo
3530,4,,2024-09-07 14:00:00.000000,22,normal
3531,2,,2024-09-07 14:00:00.000000,22,s/n
3532,5,,2024-09-07 14:00:00.000000,21,s/n
3533,1,,2024-09-07 14:00:00.000000,21,
3534,3,,2024-09-07 14:00:00.000000,20,normal
3535,1,29.0,2024-09-07 16:24:54.880220,11,ok.
3536,5,146.0,2024-09-07 17:37:28.441740,10,ok.
3537,1,,2024-09-07 22:00:00.000000,19,normal
3538,3,,2024-09-07 22:00:00.000000,19,ok
3539,4,,2024-09-07 22:00:00.000000,21,
3540,5,144.0,2024-09-08 03:58:55.162722,11,purga completa
3541,1,,2024-09-08 06:00:00.000000,19,
3542,5,,2024-09-08 06:00:00.000000,20,
3543,4,,2024-09-08 06:00:00.000000,21,s/n
3544,5,146.0,2024-09-08 08:57:11.077850,18,restablecida sola
3545,4,93.0,2024-09-08 09:40:34.631370,12,OK
3546,5,122.0,2024-09-08 11:24:31.044742,13,DRN OK
3547,5,,2024-09-08 14:00:00.000000,19,ok
3548,1,,2024-09-08 14:00:00.000000,21,ok
3549,4,89.0,2024-09-08 20:26:27.203756,11,purga completa
3550,5,,2024-09-08 22:00:00.000000,19,ok
3551,1,8.0,2024-09-08 23:10:05.900248,11,OK
3552,5,,2024-09-09 06:00:00.000000,22,normal
3553,3,,2024-09-09 06:00:00.000000,22,s/n
3554,2,,2024-09-09 06:00:00.000000,20,s/n
3555,3,72.0,2024-09-09 06:37:57.437666,4,PARADA POR FALLA
3556,1,18.0,2024-09-09 12:43:18.526026,13,
3557,4,103.0,2024-09-09 13:11:40.686592,12,purga completa
3558,2,,2024-09-09 14:00:00.000000,20,ok
3559,3,77.0,2024-09-09 20:13:09.252078,13,purga completa
3560,4,110.0,2024-09-09 20:38:53.546938,14,sin novedad
3561,2,,2024-09-09 22:00:00.000000,20,
3562,3,,2024-09-09 22:00:00.000000,21,ok
3563,1,,2024-09-09 22:00:00.000000,19,normal
3564,3,71.0,2024-09-10 04:13:45.935812,18,operador reseteo
3565,2,40.0,2024-09-10 04:15:16.942044,14,purga completa
3566,4,,2024-09-10 06:00:00.000000,22,normal
3567,2,,2024-09-10 06:00:00.000000,19,
3568,5,,2024-09-10 06:00:00.000000,22,ok
3569,2,57.0,2024-09-10 13:31:09.182375,11,ok.
3570,4,,2024-09-10 14:00:00.000000,20,s/n
3571,3,,2024-09-10 14:00:00.000000,20,s/n
3572,5,127.0,2024-09-10 15:16:16.432908,11,sin novedad
3573,1,21.0,2024-09-10 20:24:21.796048,15,restablecida sola
3574,1,8.0,2024-09-10 20:43:40.308304,18,operador reseteo
3575,4,,2024-09-10 22:00:00.000000,19,s/n
3576,5,,2024-09-10 22:00:00.000000,22,
3577,3,,2024-09-11 06:00:00.000000,22,ok
3578,4,,2024-09-11 06:00:00.000000,21,normal
3579,3,72.0,2024-09-11 06:24:45.743061,9,OK
3580,1,13.0,2024-09-11 10:59:35.545787,1,por mantenimiento
3581,4,102.0,2024-09-11 12:04:00.745893,15,sin intervencion
3582,2,,2024-09-11 14:00:00.000000,19,ok
3583,3,,2024-09-11 14:00:00.000000,20,s/n
3584,4,84.0,2024-09-11 14:03:01.303227,14,ok.
3585,3,76.0,2024-09-11 16:51:29.450006,10,ok.
3586,1,13.0,2024-09-11 17:00:59.597741,9,OK
3587,5,122.0,2024-09-11 18:28:08.592581,17,restablecida sola
3588,5,117.0,2024-09-11 18:38:30.766115,14,sin novedad
3589,4,107.0,2024-09-11 21:07:23.431638,14,DRN OK
3590,5,,2024-09-11 22:00:00.000000,22,s/n
3591,2,,2024-09-11 22:00:00.000000,22,ok
3592,4,,2024-09-11 22:00:00.000000,22,normal
3593,1,37.0,2024-09-11 23:15:48.695765,17,sin intervencion
3594,1,21.0,2024-09-12 05:41:04.925782,14,OK
3595,4,,2024-09-12 06:00:00.000000,19,s/n
3596,5,,2024-09-12 06:00:00.000000,20,ok
3597,3,,2024-09-12 06:00:00.000000,21,ok
3598,2,55.0,2024-09-12 11:41:57.891773,13,OK
3599,5,,2024-09-12 14:00:00.000000,22,ok
3600,3,,2024-09-12 14:00:00.000000,19,
3601,2,,2024-09-12 14:00:00.000000,20,normal
3602,1,,2024-09-12 14:00:00.000000,21,normal
3603,1,14.0,2024-09-12 14:27:45.613327,12,
3604,2,44.0,2024-09-12 17:12:03.353044,14,DRN OK
3605,4,99.0,2024-09-12 21:33:16.468180,17,restablecida sola
3606,5,,2024-09-12 22:00:00.000000,22,normal
3607,5,129.0,2024-09-12 23:13:17.180730,14,sin novedad
3608,4,,2024-09-13 06:00:00.000000,20,normal
3609,5,,2024-09-13 06:00:00.000000,22,ok
3610,2,,2024-09-13 06:00:00.000000,20,s/n
3611,1,,2024-09-13 06:00:00.000000,21,ok
3612,3,,2024-09-13 06:00:00.000000,22,
3613,2,,2024-09-13 14:00:00.000000,19,s/n
3614,5,,2024-09-13 14:00:00.000000,19,
3615,2,56.0,2024-09-13 14:59:17.346409,17,sin intervencion
3616,5,136.0,2024-09-13 19:10:21.282600,10,ok.
3617,5,130.0,2024-09-13 20:09:13.641023,10,purga completa
3618,1,20.0,2024-09-13 21:18:38.496402,12,OK
3619,1,,2024-09-13 22:00:00.000000,20,normal
3620,2,,2024-09-13 22:00:00.000000,20,
3621,4,,2024-09-14 06:00:00.000000,19,normal
3622,3,,2024-09-14 06:00:00.000000,21,normal
3623,1,,2024-09-14 06:00:00.000000,20,ok
3624,5,123.0,2024-09-14 07:22:32.732906,15,restablecida sola
3625,3,66.0,2024-09-14 10:03:12.716640,14,DRN OK
3626,4,103.0,2024-09-14 10:37:41.030930,1,ver OT
3627,3,65.0,2024-09-14 13:57:04.860168,13,OK
3628,2,,2024-09-14 14:00:00.000000,19,
3629,4,,2024-09-14 14:00:00.000000,19,normal
3630,1,,2024-09-14 14:00:00.000000,21,ok
3631,3,,2024-09-14 15:50:01.313741,24,ver informe adjunto
3632,1,18.0,2024-09-14 17:28:56.368126,11,purga completa
3633,3,,2024-09-14 22:00:00.000000,22,ok
3634,4,,2024-09-14 22:00:00.000000,22,normal
3635,1,,2024-09-14 22:00:00.000000,19,ok
3636,4,109.0,2024-09-15 04:40:48.980628,11,ok.
3637,3,,2024-09-15 06:00:00.000000,19,ok
3638,4,,2024-09-15 06:00:00.000000,22,ok
3639,4,108.0,2024-09-15 09:37:44.433404,12,
3640,1,35.0,2024-09-15 12:18:56.196562,1,ver OT
3641,2,61.0,2024-09-15 13:20:57.495625,11,DRN OK
3642,3,,2024-09-15 14:00:00.000000,19,normal
3643,5,,2024-09-15 14:00:00.000000,21,s/n
3644,1,35.0,2024-09-15 18:29:28.422911,9,
3645,5,,2024-09-15 22:00:00.000000,19,normal
3646,3,75.0,2024-09-15 23:16:14.723481,14,
3647,5,142.0,2024-09-16 02:52:25.696926,11,purga completa
3648,3,64.0,2024-09-16 05:57:03.363117,10,purga completa
3649,4,,2024-09-16 06:00:00.000000,22,
3650,3,,2024-09-16 06:00:00.000000,21,ok
3651,2,,2024-09-16 06:00:00.000000,19,s/n
3652,4,103.0,2024-09-16 08:11:36.778236,9,
3653,5,136.0,2024-09-16 11:55:16.969374,11,purga completa
3654,5,,2024-09-16 14:00:00.000000,22,s/n
3655,4,,2024-09-16 14:00:00.000000,21,normal
3656,2,,2024-09-16 16:06:13.149984,28,
3657,1,36.0,2024-09-16 17:52:17.644653,11,OK
3658,2,,2024-09-16 20:17:48.913451,28,aviso proveedor externo
3659,4,104.0,2024-09-16 21:00:13.080544,13,OK
3660,2,,2024-09-16 22:00:00.000000,19,s/n
3661,3,,2024-09-16 22:00:00.000000,22,ok
3662,5,,2024-09-16 22:00:00.000000,19,ok
3663,1,,2024-09-16 22:00:00.000000,19,
3664,2,54.0,2024-09-16 23:27:39.362678,11,
3665,2,47.0,2024-09-17 00:10:37.794329,16,restablecida sola
3666,3,77.0,2024-09-17 00:13:34.775925,10,sin novedad
3667,2,61.0,2024-09-17 01:18:10.516257,11,OK
3668,3,80.0,2024-09-17 03:51:25.877531,14,sin novedad
3669,5,,2024-09-17 06:00:00.000000,20,normal
3670,4,103.0,2024-09-17 07:02:48.311556,18,operador reseteo
3671,5,133.0,2024-09-17 07:06:11.077091,10,OK
3672,4,110.0,2024-09-17 08:15:31.502406,15,operador reseteo
3673,1,31.0,2024-09-17 11:45:12.712902,12,sin novedad
3674,5,,2024-09-17 14:00:00.000000,22,ok
3675,4,,2024-09-17 14:00:00.000000,19,s/n
3676,1,,2024-09-17 14:00:00.000000,19,ok
3677,5,,2024-09-17 22:00:00.000000,19,
3678,2,44.0,2024-09-17 23:48:40.391243,12,DRN OK
3679,4,,2024-09-18 03:21:48.106172,23,ver informe adjunto
3680,1,,2024-09-18 04:30:22.553436,29,
3681,2,,2024-09-18 06:00:00.000000,21,s/n
3682,1,,2024-09-18 06:00:00.000000,19,s/n
3683,5,135.0,2024-09-18 08:24:38.400604,11,
3684,1,31.0,2024-09-18 11:06:17.172975,10,purga completa
3685,3,70.0,2024-09-18 12:50:24.805252,13,purga completa
3686,4,,2024-09-18 14:00:00.000000,20,
3687,3,,2024-09-18 14:00:00.000000,19,ok
3688,1,,2024-09-18 14:00:00.000000,19,
3689,3,72.0,2024-09-18 21:20:45.440190,12,purga completa
3690,4,,2024-09-18 22:00:00.000000,22,
3691,5,,2024-09-18 22:00:00.000000,19,s/n
3692,2,,2024-09-18 22:00:00.000000,19,
3693,3,79.0,2024-09-19 00:51:55.178547,11,sin novedad
3694,4,,2024-09-19 05:19:49.531312,29,aviso proveedor externo
3695,2,,2024-09-19 06:00:00.000000,22,normal
3696,1,,2024-09-19 06:00:00.000000,21,
3697,5,,2024-09-19 06:00:00.000000,21,ok
3698,1,26.0,2024-09-19 06:18:38.884760,12,
3699,4,,2024-09-19 09:18:35.933680,27,ver informe adjunto
3700,2,61.0,2024-09-19 09:43:09.591756,17,restablecida sola
3701,1,10.0,2024-09-19 11:13:04.599248,14,
3702,1,32.0,2024-09-19 13:04:41.694518,4,por mantenimiento
3703,2,,2024-09-19 14:00:00.000000,19,normal
3704,5,,2024-09-19 14:00:00.000000,21,ok
3705,4,,2024-09-19 14:00:00.000000,21,normal
3706,1,32.0,2024-09-19 15:44:04.503527,7,
3707,5,121.0,2024-09-19 16:32:39.620325,14,sin novedad
3708,3,64.0,2024-09-19 21:41:12.584030,17,sin intervencion
3709,2,,2024-09-19 22:00:00.000000,22,normal
3710,4,,2024-09-19 22:00:00.000000,20,ok
3711,3,75.0,2024-09-19 22:11:12.200755,13,DRN OK
3712,2,39.0,2024-09-19 22:14:11.203097,10,OK
3713,1,2.0,2024-09-19 23:29:11.802269,11,DRN OK
3714,4,,2024-09-20 00:22:16.899618,29,aviso proveedor externo
3715,3,77.0,2024-09-20 00:38:26.659940,11,
3716,2,48.0,2024-09-20 04:57:43.643694,17,restablecida sola
3717,3,,2024-09-20 06:00:00.000000,19,ok
3718,4,,2024-09-20 06:00:00.000000,21,
3719,2,,2024-09-20 06:00:00.000000,21,ok
3720,5,145.0,2024-09-20 11:15:06.263348,17,operador reseteo
3721,2,46.0,2024-09-20 11:36:07.137975,10,purga completa
3722,1,,2024-09-20 14:00:00.000000,22,normal
3723,2,,2024-09-20 14:00:00.000000,21,normal
3724,4,,2024-09-20 14:00:00.000000,20,
3725,3,75.0,2024-09-20 14:38:25.949851,16,operador reseteo
3726,3,75.0,2024-09-20 15:29:13.874793,13,purga completa
3727,4,88.0,2024-09-20 21:28:04.757750,13,sin novedad
3728,5,,2024-09-20 22:00:00.000000,19,s/n
3729,2,,2024-09-20 22:00:00.000000,22,normal
3730,1,,2024-09-20 22:00:00.000000,21,
3731,1,20.0,2024-09-21 03:10:24.552789,13,ok.
3732,5,122.0,2024-09-21 03:44:50.890972,13,ok.
3733,4,,2024-09-21 06:00:00.000000,21,normal
3734,2,,2024-09-21 06:00:00.000000,21,ok
3735,3,,2024-09-21 06:00:00.000000,21,
3736,5,124.0,2024-09-21 06:16:53.762373,5,
3737,5,124.0,2024-09-21 10:14:42.623676,6,OK
3738,4,,2024-09-21 12:52:48.321544,26,aviso proveedor externo
3739,4,85.0,2024-09-21 13:14:13.763574,10,DRN OK
3740,2,40.0,2024-09-21 13:59:31.243241,12,OK
3741,4,,2024-09-21 14:00:00.000000,20,s/n
3742,2,59.0,2024-09-21 15:48:18.647096,10,OK
3743,1,17.0,2024-09-21 16:05:30.390406,14,
3744,3,75.0,2024-09-21 18:53:16.863040,14,purga completa
3745,1,21.0,2024-09-21 21:43:57.315102,13,OK
3746,3,,2024-09-21 22:00:00.000000,21,ok
3747,4,,2024-09-21 22:00:00.000000,20,normal
3748,2,,2024-09-21 22:00:00.000000,21,normal
3749,2,47.0,2024-09-22 01:56:14.605664,11,OK
3750,3,69.0,2024-09-22 03:06:07.149323,12,purga completa
3751,5,115.0,2024-09-22 03:39:25.548945,14,
3752,1,,2024-09-22 06:00:00.000000,21,s/n
3753,1,7.0,2024-09-22 07:18:29.357893,4,
3754,2,51.0,2024-09-22 09:07:28.939389,13,sin novedad
3755,3,81.0,2024-09-22 09:08:04.975764,13,sin novedad
3756,1,3.0,2024-09-22 09:18:15.069697,12,purga completa
3757,2,,2024-09-22 11:56:08.375482,23,ver informe adjunto
3758,4,83.0,2024-09-22 13:24:24.997321,10,sin novedad
3759,1,7.0,2024-09-22 13:30:56.345955,8,arranque normal
3760,5,,2024-09-22 14:00:00.000000,20,ok
3761,4,,2024-09-22 14:00:00.000000,22,
3762,3,,2024-09-22 14:00:00.000000,22,ok
3763,5,,2024-09-22 18:23:28.571454,26,aviso proveedor externo
3764,5,,2024-09-22 22:00:00.000000,22,
3765,2,,2024-09-22 22:00:00.000000,21,ok
3766,1,,2024-09-22 22:00:00.000000,21,
3767,1,7.0,2024-09-22 23:48:37.522292,11,sin novedad
3768,2,57.0,2024-09-23 00:33:23.831649,10,sin novedad
3769,2,51.0,2024-09-23 00:58:36.480642,11,DRN OK
3770,2,60.0,2024-09-23 02:39:13.130901,10,DRN OK
3771,3,,2024-09-23 06:00:00.000000,21,normal
3772,2,,2024-09-23 06:00:00.000000,21,normal
3773,5,,2024-09-23 06:00:00.000000,19,normal
3774,4,,2024-09-23 06:00:00.000000,21,ok
3775,1,14.0,2024-09-23 12:12:47.621792,17,restablecida sola
3776,4,,2024-09-23 14:00:00.000000,22,
3777,2,,2024-09-23 14:00:00.000000,19,ok
3778,5,,2024-09-23 14:00:00.000000,21,s/n
3779,2,56.0,2024-09-23 15:49:50.832421,17,operador reseteo
3780,4,87.0,2024-09-23 17:59:47.500178,16,sin intervencion
3781,4,83.0,2024-09-23 20:31:26.666474,11,ok.
3782,3,,2024-09-23 22:00:00.000000,22,s/n
3783,2,,2024-09-23 22:00:00.000000,22,ok
3784,4,,2024-09-23 22:00:00.000000,22,normal
3785,3,73.0,2024-09-23 22:14:17.623663,16,restablecida sola
3786,5,,2024-09-24 06:00:00.000000,20,s/n
3787,4,,2024-09-24 06:00:00.000000,21,s/n
3788,2,,2024-09-24 06:00:00.000000,19,
3789,1,2.0,2024-09-24 07:26:53.721937,11,
3790,5,140.0,2024-09-24 12:57:42.645757,13,
3791,1,,2024-09-24 14:00:00.000000,22,ok
3792,2,,2024-09-24 14:00:00.000000,20,s/n
3793,4,,2024-09-24 14:00:00.000000,20,s/n
3794,3,80.0,2024-09-24 15:17:44.140569,10,DRN OK
3795,2,61.0,2024-09-24 15:33:52.686963,10,DRN OK
3796,4,,2024-09-24 22:00:00.000000,22,
3797,2,,2024-09-24 22:00:00.000000,20,normal
3798,4,110.0,2024-09-25 01:13:52.582381,12,DRN OK
3799,4,88.0,2024-09-25 02:32:21.671453,13,DRN OK
3800,1,,2024-09-25 06:00:00.000000,20,normal
3801,3,,2024-09-25 06:00:00.000000,22,normal
3802,4,99.0,2024-09-25 08:01:00.693963,13,OK
3803,5,133.0,2024-09-25 08:30:21.126327,12,
3804,2,39.0,2024-09-25 09:09:50.717603,11,purga completa
3805,2,,2024-09-25 14:00:00.000000,22,normal
3806,3,,2024-09-25 14:00:00.000000,21,ok
3807,1,7.0,2024-09-25 20:27:42.792317,17,sin intervencion
3808,2,,2024-09-25 22:00:00.000000,22,s/n
3809,1,,2024-09-25 22:00:00.000000,19,ok
3810,3,77.0,2024-09-25 22:10:16.258792,18,operador reseteo
3811,2,,2024-09-26 06:00:00.000000,21,ok
3812,3,,2024-09-26 06:00:00.000000,20,
3813,4,100.0,2024-09-26 07:08:55.359230,14,OK
3814,1,35.0,2024-09-26 13:31:40.505054,18,operador reseteo
3815,3,,2024-09-26 14:00:00.000000,20,s/n
3816,5,,2024-09-26 14:00:00.000000,19,
3817,1,,2024-09-26 14:00:00.000000,21,normal
3818,2,56.0,2024-09-26 16:09:21.561068,13,sin novedad
3819,1,17.0,2024-09-26 19:38:38.130249,12,sin novedad
3820,3,,2024-09-26 22:00:00.000000,21,
3821,4,,2024-09-26 22:00:00.000000,20,
3822,4,,2024-09-27 00:01:52.556702,23,
3823,2,47.0,2024-09-27 00:05:43.203058,13,purga completa
3824,1,13.0,2024-09-27 01:06:26.702373,11,DRN OK
3825,2,52.0,2024-09-27 01:16:08.391034,11,ok.
3826,5,,2024-09-27 06:00:00.000000,20,ok
3827,1,,2024-09-27 06:00:00.000000,22,normal
3828,2,45.0,2024-09-27 06:01:53.093629,15,sin intervencion
3829,2,56.0,2024-09-27 10:01:07.749947,10,
3830,4,93.0,2024-09-27 12:22:15.310740,10,DRN OK
3831,1,27.0,2024-09-27 12:33:03.745521,3,por mantenimiento
3832,4,,2024-09-27 14:00:00.000000,19,ok
3833,4,93.0,2024-09-27 20:53:42.700543,13,purga completa
3834,3,,2024-09-27 22:00:00.000000,19,ok
3835,5,,2024-09-27 22:00:00.000000,22,
3836,5,115.0,2024-09-28 01:00:08.574476,17,operador reseteo
3837,4,96.0,2024-09-28 04:46:28.171009,12,
3838,4,,2024-09-28 06:00:00.000000,22,normal
3839,5,,2024-09-28 06:00:00.000000,20,s/n
3840,2,46.0,2024-09-28 08:25:01.657004,12,
3841,4,,2024-09-28 14:00:00.000000,19,
3842,5,,2024-09-28 14:00:00.000000,20,ok
3843,1,27.0,2024-09-28 16:05:00.436102,6,reanuda produccion
3844,2,,2024-09-28 22:00:00.000000,19,s/n
3845,4,104.0,2024-09-28 22:06:25.169226,18,restablecida sola
3846,3,76.0,2024-09-28 23:40:30.941646,13,sin novedad
3847,1,29.0,2024-09-29 02:14:55.507045,12,ok.
3848,4,89.0,2024-09-29 02:45:43.230923,18,sin intervencion
3849,5,,2024-09-29 06:00:00.000000,22,s/n
3850,1,36.0,2024-09-29 06:09:01.478372,11,ok.
3851,2,42.0,2024-09-29 06:17:45.348933,11,
3852,4,84.0,2024-09-29 09:05:35.373227,11,
3853,2,49.0,2024-09-29 13:23:06.642975,16,restablecida sola
3854,1,,2024-09-29 14:00:00.000000,21,ok
3855,1,18.0,2024-09-29 16:44:02.281512,16,operador reseteo
3856,4,84.0,2024-09-29 20:53:21.702297,18,operador reseteo
3857,3,,2024-09-29 22:00:00.000000,19,ok
3858,2,,2024-09-29 22:00:00.000000,21,
3859,1,13.0,2024-09-30 02:11:08.915570,14,DRN OK
3860,2,,2024-09-30 06:00:00.000000,22,normal
3861,1,,2024-09-30 06:00:00.000000,22,ok
3862,4,,2024-09-30 06:00:00.000000,20,s/n
3863,5,126.0,2024-09-30 11:40:31.943390,10,sin novedad
3864,2,53.0,2024-09-30 11:42:16.171917,10,OK
3865,2,,2024-09-30 14:00:00.000000,20,
3866,1,,2024-09-30 14:00:00.000000,19,ok
3867,5,,2024-09-30 14:00:00.000000,19,s/n
3868,1,,2024-09-30 14:00:50.907043,24,aviso proveedor externo
3869,1,7.0,2024-09-30 17:02:43.333343,12,OK
3870,5,,2024-09-30 22:00:00.000000,20,ok
3871,1,,2024-09-30 22:00:00.000000,20,s/n
3872,1,5.0,2024-10-01 03:35:41.527548,12,OK
3873,3,77.0,2024-10-01 04:04:18.244090,16,restablecida sola
3874,5,,2024-10-01 06:00:00.000000,19,
3875,5,139.0,2024-10-01 12:05:43.517043,5,ver OT
3876,4,91.0,2024-10-01 12:34:47.112234,13,
3877,2,,2024-10-01 14:00:00.000000,19,ok
3878,5,,2024-10-01 14:00:00.000000,21,ok
3879,1,,2024-10-01 14:00:00.000000,22,s/n
3880,1,20.0,2024-10-01 14:55:05.806700,13,sin novedad
3881,1,27.0,2024-10-01 17:53:05.353716,11,DRN OK
3882,5,139.0,2024-10-01 18:08:48.666034,7,OK
3883,2,,2024-10-01 22:00:00.000000,20,
3884,5,,2024-10-01 22:00:00.000000,19,ok
3885,3,,2024-10-01 22:00:00.000000,21,normal
3886,3,68.0,2024-10-02 04:21:44.771406,10,DRN OK
3887,5,,2024-10-02 06:00:00.000000,20,normal
3888,4,,2024-10-02 06:00:00.000000,19,normal
3889,1,25.0,2024-10-02 09:50:24.797899,14,purga completa
3890,4,87.0,2024-10-02 13:16:57.927705,11,purga completa
3891,2,46.0,2024-10-02 13:31:57.616320,16,restablecida sola
3892,2,,2024-10-02 14:00:00.000000,20,
3893,3,,2024-10-02 14:00:00.000000,19,ok
3894,5,,2024-10-02 14:00:00.000000,22,
3895,1,22.0,2024-10-02 16:27:12.564733,5,PARADA POR FALLA
3896,5,144.0,2024-10-02 18:06:21.349073,11,DRN OK
3897,2,,2024-10-02 22:00:00.000000,19,ok
3898,1,,2024-10-02 22:00:00.000000,19,ok
3899,4,,2024-10-02 22:00:00.000000,21,ok
3900,1,22.0,2024-10-02 23:15:30.297592,6,arranque normal
3901,3,66.0,2024-10-02 23:43:36.223496,10,DRN OK
3902,1,29.0,2024-10-03 03:21:19.296162,14,sin novedad
3903,3,,2024-10-03 06:00:00.000000,21,normal
3904,2,,2024-10-03 06:00:00.000000,21,
3905,3,70.0,2024-10-03 09:50:48.611786,14,purga completa
3906,4,84.0,2024-10-03 11:42:40.973248,17,operador reseteo
3907,3,,2024-10-03 14:00:00.000000,21,ok
3908,1,,2024-10-03 14:00:00.000000,19,s/n
3909,3,76.0,2024-10-03 15:05:12.488073,14,OK
3910,3,76.0,2024-10-03 16:24:59.032241,3,por mantenimiento
3911,4,,2024-10-03 22:00:00.000000,19,ok
3912,2,,2024-10-03 22:00:00.000000,21,
3913,3,,2024-10-03 22:00:00.000000,19,ok
3914,2,45.0,2024-10-04 04:42:33.160752,15,operador reseteo
3915,2,,2024-10-04 06:00:00.000000,21,normal
3916,4,,2024-10-04 06:00:00.000000,22,s/n
3917,5,,2024-10-04 06:00:00.000000,21,ok
3918,5,141.0,2024-10-04 07:42:35.017965,15,sin intervencion
3919,5,121.0,2024-10-04 11:41:56.417842,13,DRN OK
3920,1,,2024-10-04 14:00:00.000000,21,ok
3921,2,,2024-10-04 14:00:00.000000,21,s/n
3922,3,,2024-10-04 14:00:00.000000,22,
3923,3,76.0,2024-10-04 14:09:46.438293,8,reanuda produccion
3924,1,,2024-10-04 18:59:33.865280,23,aviso proveedor externo
3925,5,,2024-10-04 22:00:00.000000,20,s/n
3926,1,,2024-10-04 22:00:00.000000,21,s/n
3927,4,,2024-10-04 22:00:00.000000,19,normal
3928,3,,2024-10-04 22:00:00.000000,22,normal
3929,2,,2024-10-04 22:00:00.000000,20,ok
3930,4,107.0,2024-10-05 04:11:45.594663,11,DRN OK
3931,5,,2024-10-05 06:00:00.000000,20,
3932,1,,2024-10-05 06:00:00.000000,19,ok
3933,4,,2024-10-05 06:00:00.000000,21,s/n
3934,1,,2024-10-05 07:10:32.407234,27,
3935,3,66.0,2024-10-05 10:41:05.194086,14,purga completa
3936,1,,2024-10-05 14:00:00.000000,22,ok
3937,4,,2024-10-05 14:00:00.000000,19,normal
3938,2,,2024-10-05 14:00:00.000000,21,ok
3939,4,84.0,2024-10-05 14:18:11.079095,5,
3940,4,84.0,2024-10-05 19:13:42.818312,7,reanuda produccion
3941,1,,2024-10-05 22:00:00.000000,19,s/n
3942,3,,2024-10-05 22:00:00.000000,20,normal
3943,4,,2024-10-05 22:00:00.000000,19,ok
3944,3,70.0,2024-10-05 23:46:20.159122,17,sin intervencion
3945,4,,2024-10-06 06:00:00.000000,20,s/n
3946,5,,2024-10-06 06:00:00.000000,19,normal
3947,3,,2024-10-06 06:00:00.000000,21,s/n
3948,2,40.0,2024-10-06 07:59:01.232050,13,ok.
3949,1,32.0,2024-10-06 13:38:32.034161,2,por mantenimiento
3950,4,,2024-10-06 14:00:00.000000,22,ok
3951,3,,2024-10-06 14:00:00.000000,21,ok
3952,1,,2024-10-06 14:00:00.000000,20,ok
3953,5,,2024-10-06 14:00:00.000000,19,ok
3954,5,133.0,2024-10-06 15:41:09.133653,12,OK
3955,4,99.0,2024-10-06 18:15:41.730180,14,
3956,1,32.0,2024-10-06 18:51:42.613862,7,
3957,5,140.0,2024-10-06 21:52:41.104508,17,operador reseteo
3958,3,,2024-10-06 22:00:00.000000,20,s/n
3959,1,,2024-10-06 22:00:00.000000,20,s/n
3960,1,15.0,2024-10-06 22:34:12.729001,16,restablecida sola
3961,5,116.0,2024-10-06 22:43:31.973773,13,DRN OK
3962,2,53.0,2024-10-07 01:02:50.907744,13,OK
3963,2,55.0,2024-10-07 01:50:35.673439,10,DRN OK
3964,3,66.0,2024-10-07 03:32:54.319111,12,sin novedad
3965,4,97.0,2024-10-07 05:56:48.801724,13,purga completa
3966,4,,2024-10-07 06:00:00.000000,21,ok
3967,2,59.0,2024-10-07 06:24:51.684154,10,sin novedad
3968,3,70.0,2024-10-07 07:37:15.939884,10,ok.
3969,1,27.0,2024-10-07 10:32:48.115984,4,
3970,3,66.0,2024-10-07 11:08:41.427914,10,sin novedad
3971,1,,2024-10-07 14:00:00.000000,20,normal
3972,3,,2024-10-07 14:00:00.000000,20,
3973,1,27.0,2024-10-07 15:50:23.906185,6,arranque normal
3974,3,81.0,2024-10-07 18:53:48.807402,10,DRN OK
3975,4,,2024-10-07 22:00:00.000000,19,s/n
3976,5,,2024-10-07 22:00:00.000000,22,s/n
3977,3,80.0,2024-10-08 04:18:52.404488,18,sin intervencion
3978,1,17.0,2024-10-08 05:17:26.890362,14,purga completa
3979,2,,2024-10-08 06:00:00.000000,21,normal
3980,3,,2024-10-08 06:00:00.000000,19,ok
3981,5,132.0,2024-10-08 10:29:25.517572,13,purga completa
3982,5,125.0,2024-10-08 11:29:03.251583,14,sin novedad
3983,3,,2024-10-08 14:00:00.000000,20,s/n
3984,1,,2024-10-08 14:00:00.000000,22,ok
3985,2,,2024-10-08 14:00:00.000000,21,ok
3986,2,60.0,2024-10-08 15:29:08.905218,15,operador reseteo
3987,1,30.0,2024-10-08 18:41:25.801819,13,DRN OK
3988,5,122.0,2024-10-08 19:22:02.750030,12,
3989,3,77.0,2024-10-08 20:48:49.916380,13,purga completa
3990,5,,2024-10-09 06:00:00.000000,20,normal
3991,1,,2024-10-09 06:00:00.000000,19,normal
3992,1,8.0,2024-10-09 06:16:57.059088,10,OK
3993,5,142.0,2024-10-09 12:21:06.280704,13,OK
3994,3,,2024-10-09 14:00:00.000000,20,normal
3995,2,,2024-10-09 14:00:00.000000,20,s/n
3996,4,,2024-10-09 14:00:00.000000,21,
3997,1,,2024-10-09 14:00:00.000000,20,normal
3998,5,,2024-10-09 14:00:00.000000,20,s/n
3999,4,90.0,2024-10-09 18:30:16.312817,10,purga completa
4000,2,40.0,2024-10-09 19:50:08.208017,14,ok.
4001,1,,2024-10-09 22:00:00.000000,19,s/n
4002,4,,2024-10-09 22:00:00.000000,21,normal
4003,2,,2024-10-09 22:00:00.000000,22,normal
4004,3,,2024-10-09 22:00:00.000000,19,normal
4005,5,117.0,2024-10-09 22:28:48.997624,13,purga completa
4006,2,51.0,2024-10-09 23:23:14.097493,11,OK
4007,1,,2024-10-10 06:00:00.000000,19,normal
4008,5,,2024-10-10 06:00:00.000000,22,ok
4009,1,31.0,2024-10-10 09:02:07.192401,12,sin novedad
4010,5,130.0,2024-10-10 09:31:59.915251,13,OK
4011,1,,2024-10-10 14:00:00.000000,20,ok
4012,4,,2024-10-10 14:00:00.000000,21,ok
4013,5,,2024-10-10 14:00:00.000000,19,
4014,3,,2024-10-10 14:00:00.000000,19,s/n
4015,3,75.0,2024-10-10 16:02:16.704869,14,OK
4016,1,2.0,2024-10-10 18:15:27.478987,16,restablecida sola
4017,1,,2024-10-10 22:00:00.000000,21,
4018,3,,2024-10-10 22:00:00.000000,20,
4019,5,,2024-10-10 22:00:00.000000,20,
4020,3,65.0,2024-10-10 22:58:24.786486,1,por mantenimiento
4021,3,,2024-10-11 06:00:00.000000,19,ok
4022,2,,2024-10-11 06:00:00.000000,19,ok
4023,5,,2024-10-11 06:00:00.000000,19,s/n
4024,2,49.0,2024-10-11 06:52:31.333673,11,
4025,2,54.0,2024-10-11 07:45:22.031377,11,DRN OK
4026,4,84.0,2024-10-11 09:57:32.094182,13,ok.
4027,2,57.0,2024-10-11 11:06:19.353389,15,operador reseteo
4028,5,139.0,2024-10-11 13:31:53.369067,10,sin novedad
4029,2,,2024-10-11 14:00:00.000000,19,normal
4030,5,,2024-10-11 14:00:00.000000,20,
4031,3,65.0,2024-10-11 14:57:41.088692,10,ok.
4032,1,15.0,2024-10-11 15:29:31.233879,12,sin novedad
4033,3,71.0,2024-10-11 18:41:58.779892,17,operador reseteo
4034,3,65.0,2024-10-11 19:52:41.335736,9,reanuda produccion
4035,3,,2024-10-11 22:00:00.000000,19,ok
4036,4,,2024-10-11 22:00:00.000000,19,
4037,1,,2024-10-11 22:00:00.000000,21,normal
4038,3,72.0,2024-10-11 22:06:32.763652,12,
4039,4,108.0,2024-10-11 22:20:40.455636,11,
4040,2,55.0,2024-10-11 23:47:31.316900,12,ok.
4041,5,121.0,2024-10-12 05:24:21.543200,10,OK
4042,2,,2024-10-12 06:00:00.000000,19,normal
4043,4,87.0,2024-10-12 07:24:22.513668,11,purga completa
4044,1,,2024-10-12 14:00:00.000000,21,ok
4045,4,,2024-10-12 14:00:00.000000,21,
4046,3,68.0,2024-10-12 14:39:44.655783,10,ok.
4047,1,22.0,2024-10-12 19:21:25.519766,10,
4048,4,,2024-10-12 22:00:00.000000,20,s/n
4049,1,,2024-10-12 22:00:00.000000,21,ok
4050,5,,2024-10-12 23:18:29.703961,27,
4051,2,,2024-10-13 06:00:00.000000,20,s/n
4052,3,,2024-10-13 06:00:00.000000,19,
4053,4,92.0,2024-10-13 08:21:39.307697,10,sin novedad
4054,2,39.0,2024-10-13 09:59:09.717415,12,sin novedad
4055,1,8.0,2024-10-13 12:26:42.678548,15,restablecida sola
4056,1,13.0,2024-10-13 13:34:32.210262,13,OK
4057,2,,2024-10-13 14:00:00.000000,20,ok
4058,1,,2024-10-13 14:00:00.000000,19,ok
4059,5,118.0,2024-10-13 19:32:21.846244,11,
4060,4,93.0,2024-10-13 20:35:25.407374,16,restablecida sola
4061,3,,2024-10-13 22:00:00.000000,20,ok
4062,1,,2024-10-13 22:00:00.000000,20,
4063,5,131.0,2024-10-13 23:07:30.859278,15,restablecida sola
4064,1,25.0,2024-10-13 23:27:28.753093,11,ok.
4065,4,84.0,2024-10-13 23:38:56.224914,10,purga completa
4066,3,79.0,2024-10-14 00:13:39.765494,2,PARADA POR FALLA
4067,1,29.0,2024-10-14 02:38:15.156068,16,operador reseteo
4068,3,71.0,2024-10-14 04:24:23.355863,11,OK
4069,4,100.0,2024-10-14 05:36:24.786649,16,restablecida sola
4070,3,,2024-10-14 06:00:00.000000,20,s/n
4071,4,,2024-10-14 06:00:00.000000,22,s/n
4072,2,,2024-10-14 06:00:00.000000,20,
4073,5,134.0,2024-10-14 09:31:23.104584,15,sin intervencion
4074,3,,2024-10-14 14:00:00.000000,22,s/n
4075,2,,2024-10-14 14:00:00.000000,19,s/n
4076,1,,2024-10-14 14:00:00.000000,21,ok
4077,3,79.0,2024-10-14 16:51:17.207771,6,arranque normal
4078,3,,2024-10-14 22:00:00.000000,22,s/n
4079,3,69.0,2024-10-15 03:25:54.270626,14,OK
4080,1,,2024-10-15 06:00:00.000000,22,
4081,2,,2024-10-15 06:00:00.000000,21,s/n
4082,4,,2024-10-15 06:00:00.000000,20,normal
4083,5,140.0,2024-10-15 12:50:34.597006,12,
4084,5,124.0,2024-10-15 12:57:21.987941,15,operador reseteo
4085,1,,2024-10-15 14:00:00.000000,21,s/n
4086,3,,2024-10-15 14:00:00.000000,20,
4087,3,,2024-10-15 17:47:47.548538,29,aviso proveedor externo
4088,2,44.0,2024-10-15 21:15:43.334079,12,ok.
4089,2,,2024-10-15 22:00:00.000000,19,ok
4090,5,,2024-10-15 22:00:00.000000,21,s/n
4091,4,,2024-10-15 22:00:00.000000,22,normal
4092,3,,2024-10-15 22:00:00.000000,19,normal
4093,2,39.0,2024-10-16 04:48:49.855838,17,operador reseteo
4094,5,,2024-10-16 06:00:00.000000,20,s/n
4095,1,,2024-10-16 06:00:00.000000,19,ok
4096,2,,2024-10-16 06:00:00.000000,19,normal
4097,2,,2024-10-16 06:48:08.498523,28,ver informe adjunto
4098,5,115.0,2024-10-16 09:02:36.699577,14,DRN OK
4099,3,70.0,2024-10-16 11:24:14.104044,11,ok.
4100,3,,2024-10-16 14:00:00.000000,22,s/n
4101,2,,2024-10-16 14:00:00.000000,19,normal
4102,5,,2024-10-16 14:00:00.000000,21,ok
4103,1,,2024-10-16 14:00:00.000000,21,ok
4104,3,,2024-10-16 22:00:00.000000,19,s/n
4105,3,73.0,2024-10-17 02:15:39.701368,12,sin novedad
4106,3,63.0,2024-10-17 03:16:17.152675,13,sin novedad
4107,3,,2024-10-17 05:05:17.219751,26,aviso proveedor externo
4108,1,,2024-10-17 06:00:00.000000,20,s/n
4109,3,,2024-10-17 06:00:00.000000,22,normal
4110,1,18.0,2024-10-17 06:24:42.090554,13,OK
4111,5,123.0,2024-10-17 06:35:34.554744,15,restablecida sola
4112,2,,2024-10-17 07:03:20.702962,25,
4113,3,80.0,2024-10-17 09:42:18.433611,13,ok.
4114,3,65.0,2024-10-17 13:39:14.834185,10,OK
4115,5,,2024-10-17 14:00:00.000000,21,
4116,5,131.0,2024-10-17 16:27:32.016631,10,DRN OK
4117,5,,2024-10-17 22:00:00.000000,19,ok
4118,4,,2024-10-17 22:00:00.000000,21,normal
4119,2,,2024-10-17 22:00:00.000000,19,s/n
4120,5,116.0,2024-10-17 22:56:42.412500,13,sin novedad
4121,3,,2024-10-18 06:00:00.000000,21,normal
4122,4,,2024-10-18 06:00:00.000000,21,normal
4123,5,,2024-10-18 06:00:00.000000,20,ok
4124,4,88.0,2024-10-18 09:59:51.965606,13,purga completa
4125,4,,2024-10-18 14:00:00.000000,20,
4126,5,,2024-10-18 14:00:00.000000,20,normal
4127,3,,2024-10-18 14:00:00.000000,21,ok
4128,1,,2024-10-18 14:00:00.000000,20,normal
4129,5,124.0,2024-10-18 21:09:20.242723,10,
4130,1,,2024-10-18 22:00:00.000000,19,
4131,1,12.0,2024-10-19 01:46:27.970792,12,DRN OK
4132,5,,2024-10-19 06:00:00.000000,22,normal
4133,2,53.0,2024-10-19 08:37:23.922198,11,
4134,2,40.0,2024-10-19 10:56:58.710065,13,DRN OK
4135,2,39.0,2024-10-19 12:01:11.301681,13,sin novedad
4136,2,47.0,2024-10-19 12:15:08.552046,15,operador reseteo
4137,4,,2024-10-19 14:00:00.000000,19,s/n
4138,3,,2024-10-19 14:00:00.000000,19,normal
4139,5,,2024-10-19 14:00:00.000000,19,normal
4140,1,24.0,2024-10-19 14:54:35.885568,1,por mantenimiento
4141,3,,2024-10-19 22:00:00.000000,22,
4142,5,121.0,2024-10-19 22:29:28.598936,15,operador reseteo
4143,1,37.0,2024-10-20 01:20:20.839201,11,OK
4144,1,33.0,2024-10-20 02:36:01.592865,11,
4145,5,130.0,2024-10-20 10:38:31.228201,13,DRN OK
4146,5,115.0,2024-10-20 11:56:11.743479,10,
4147,5,115.0,2024-10-20 11:57:47.512868,11,
4148,3,71.0,2024-10-20 13:19:46.864149,12,purga completa
4149,2,52.0,2024-10-20 13:22:15.348805,14,OK
4150,4,,2024-10-20 14:00:00.000000,19,
4151,2,,2024-10-20 14:00:00.000000,19,
4152,5,,2024-10-20 14:00:00.000000,21,
4153,3,,2024-10-20 14:00:00.000000,22,normal
4154,1,24.0,2024-10-20 14:34:47.487711,8,arranque normal
4155,1,10.0,2024-10-20 20:44:03.220455,13,purga completa
4156,4,,2024-10-20 22:00:00.000000,19,normal
4157,2,,2024-10-20 22:00:00.000000,21,s/n
4158,2,,2024-10-21 06:00:00.000000,22,s/n
4159,3,,2024-10-21 06:00:00.000000,20,s/n
4160,4,,2024-10-21 06:00:00.000000,22,
4161,3,77.0,2024-10-21 09:37:50.732293,14,purga completa
4162,4,92.0,2024-10-21 16:20:38.968507,13,purga completa
4163,5,119.0,2024-10-21 17:18:54.171017,14,purga completa
4164,5,126.0,2024-10-21 17:55:01.908842,14,
4165,4,96.0,2024-10-21 19:08:55.883563,13,OK
4166,2,56.0,2024-10-21 21:12:26.152970,18,operador reseteo
4167,5,122.0,2024-10-21 21:52:21.166663,18,sin intervencion
4168,1,,2024-10-21 22:00:00.000000,19,
4169,5,,2024-10-21 22:00:00.000000,22,normal
4170,3,,2024-10-21 22:00:00.000000,20,s/n
4171,5,141.0,2024-10-22 04:02:54.352326,13,ok.
4172,1,,2024-10-22 06:00:00.000000,20,ok
4173,5,,2024-10-22 06:00:00.000000,22,ok
4174,2,,2024-10-22 06:00:00.000000,19,normal
4175,4,112.0,2024-10-22 07:01:16.742544,13,sin novedad
4176,2,56.0,2024-10-22 08:15:59.057510,15,sin intervencion
4177,3,,2024-10-22 08:23:38.151778,27,ver informe adjunto
4178,5,122.0,2024-10-22 10:47:09.055513,12,
4179,2,,2024-10-22 14:00:00.000000,21,s/n
4180,4,85.0,2024-10-22 16:08:25.500820,14,ok.
4181,3,,2024-10-22 18:22:52.903397,29,aviso proveedor externo
4182,5,,2024-10-22 22:00:00.000000,20,
4183,2,,2024-10-22 22:00:00.000000,22,normal
4184,4,,2024-10-22 22:00:00.000000,20,ok
4185,2,40.0,2024-10-23 04:58:40.437536,13,DRN OK
4186,5,,2024-10-23 06:00:00.000000,21,
4187,4,,2024-10-23 06:00:00.000000,21,
4188,1,11.0,2024-10-23 06:15:19.771364,11,ok.
4189,5,136.0,2024-10-23 11:10:48.800792,13,
4190,5,117.0,2024-10-23 17:13:48.435316,10,OK
4191,3,,2024-10-23 22:00:00.000000,21,
4192,1,32.0,2024-10-23 22:09:48.434905,14,sin novedad
4193,1,24.0,2024-10-23 23:51:59.829918,1,ver OT
4194,2,46.0,2024-10-24 00:02:39.105156,10,purga completa
4195,5,136.0,2024-10-24 01:16:31.173688,10,DRN OK
4196,1,18.0,2024-10-24 03:36:31.327286,14,DRN OK
4197,1,,2024-10-24 06:00:00.000000,21,
4198,4,,2024-10-24 06:00:00.000000,21,normal
4199,4,92.0,2024-10-24 12:29:00.889754,11,OK
4200,3,79.0,2024-10-24 13:29:18.548781,17,restablecida sola
4201,3,,2024-10-24 14:00:00.000000,21,s/n
4202,2,,2024-10-24 14:00:00.000000,21,
4203,1,26.0,2024-10-24 17:02:33.765433,5,PARADA POR FALLA
4204,1,26.0,2024-10-24 20:41:46.011059,7,arranque normal
4205,5,,2024-10-24 22:00:00.000000,20,normal
4206,3,,2024-10-24 22:00:00.000000,19,normal
4207,1,,2024-10-24 22:00:00.000000,19,ok
4208,2,,2024-10-24 22:00:00.000000,22,normal
4209,4,,2024-10-24 22:00:00.000000,19,ok
4210,1,27.0,2024-10-24 22:27:38.091087,16,restablecida sola
4211,2,40.0,2024-10-25 01:05:36.310825,13,
4212,1,29.0,2024-10-25 01:28:00.299138,15,operador reseteo
4213,5,,2024-10-25 06:00:00.000000,21,
4214,2,,2024-10-25 06:00:00.000000,20,ok
4215,3,76.0,2024-10-25 13:04:54.581863,3,por mantenimiento
4216,5,,2024-10-25 14:00:00.000000,21,
4217,1,,2024-10-25 14:00:00.000000,21,ok
4218,4,89.0,2024-10-25 14:06:24.515626,10,ok.
4219,3,76.0,2024-10-25 19:17:09.220981,9,OK
4220,1,24.0,2024-10-25 23:13:23.515496,8,reanuda produccion
4221,3,71.0,2024-10-26 02:19:13.983739,12,sin novedad
4222,3,,2024-10-26 04:36:08.252707,29,aviso proveedor externo
4223,3,,2024-10-26 05:17:41.654568,27,aviso proveedor externo
4224,5,,2024-10-26 06:00:00.000000,22,
4225,4,,2024-10-26 06:00:00.000000,20,
4226,3,,2024-10-26 06:00:00.000000,20,
4227,2,,2024-10-26 06:00:00.000000,22,s/n
4228,3,76.0,2024-10-26 07:38:16.411558,2,ver OT
4229,5,141.0,2024-10-26 07:52:35.148528,10,ok.
4230,5,136.0,2024-10-26 09:35:29.103521,12,OK
4231,5,122.0,2024-10-26 10:31:03.631615,10,purga completa
4232,4,110.0,2024-10-26 11:14:42.525863,18,sin intervencion
4233,1,26.0,2024-10-26 11:27:47.156331,14,purga completa
4234,3,76.0,2024-10-26 12:27:19.719657,9,OK
4235,3,,2024-10-26 14:00:00.000000,22,
4236,1,,2024-10-26 14:00:00.000000,19,normal
4237,4,,2024-10-26 14:00:00.000000,22,normal
4238,1,24.0,2024-10-26 16:10:27.096922,18,sin intervencion
4239,1,13.0,2024-10-26 19:51:18.983665,17,sin intervencion
4240,4,,2024-10-26 22:00:00.000000,20,
4241,1,,2024-10-26 22:00:00.000000,19,s/n
4242,3,,2024-10-26 22:00:00.000000,20,
4243,2,,2024-10-26 22:00:00.000000,20,ok
4244,3,,2024-10-27 06:00:00.000000,22,normal
4245,2,,2024-10-27 06:00:00.000000,22,s/n
4246,4,,2024-10-27 06:00:00.000000,21,s/n
4247,1,,2024-10-27 06:00:00.000000,22,s/n
4248,3,63.0,2024-10-27 08:40:00.927733,13,OK
4249,4,89.0,2024-10-27 10:59:10.970076,15,sin intervencion
4250,4,,2024-10-27 14:00:00.000000,21,normal
4251,3,,2024-10-27 14:00:00.000000,21,s/n
4252,1,,2024-10-27 14:00:00.000000,22,
4253,1,,2024-10-27 22:00:00.000000,19,normal
4254,5,,2024-10-27 22:00:00.000000,22,ok
4255,4,,2024-10-28 02:42:47.853333,23,ver informe adjunto
4256,5,142.0,2024-10-28 03:04:55.089450,18,sin intervencion
4257,4,,2024-10-28 06:00:00.000000,20,ok
4258,3,,2024-10-28 06:00:00.000000,19,normal
4259,1,,2024-10-28 06:05:36.873372,26,ver informe adjunto
4260,3,70.0,2024-10-28 13:50:05.595061,14,sin novedad
4261,5,,2024-10-28 14:00:00.000000,22,ok
4262,1,15.0,2024-10-28 14:05:43.351041,17,sin intervencion
4263,5,138.0,2024-10-28 14:56:32.483732,10,DRN OK
4264,1,33.0,2024-10-28 16:07:59.092305,13,
4265,5,124.0,2024-10-28 16:37:36.838601,14,
4266,4,96.0,2024-10-28 18:53:38.722904,12,OK
4267,2,,2024-10-28 22:00:00.000000,20,s/n
4268,5,,2024-10-28 22:00:00.000000,22,ok
4269,4,,2024-10-28 22:00:00.000000,22,s/n
4270,3,,2024-10-28 22:00:00.000000,21,ok
4271,5,141.0,2024-10-29 03:58:21.863870,17,operador reseteo
4272,4,,2024-10-29 06:00:00.000000,20,s/n
4273,3,,2024-10-29 06:00:00.000000,22,
4274,1,30.0,2024-10-29 12:52:36.184433,12,ok.
4275,3,,2024-10-29 14:00:00.000000,19,ok
4276,1,,2024-10-29 14:00:00.000000,22,s/n
4277,2,,2024-10-29 14:00:00.000000,20,ok
4278,4,,2024-10-29 14:00:00.000000,20,s/n
4279,5,,2024-10-29 14:00:00.000000,22,s/n
4280,4,102.0,2024-10-29 18:21:45.446899,12,DRN OK
4281,1,13.0,2024-10-29 20:44:26.652552,13,OK
4282,3,,2024-10-29 22:00:00.000000,21,
4283,2,,2024-10-29 22:00:00.000000,22,s/n
4284,4,,2024-10-29 22:00:00.000000,21,
4285,5,,2024-10-29 22:00:00.000000,19,ok
4286,5,,2024-10-30 06:00:00.000000,20,normal
4287,2,,2024-10-30 06:00:00.000000,21,normal
4288,4,,2024-10-30 06:00:00.000000,19,ok
4289,1,,2024-10-30 06:00:00.000000,19,normal
4290,4,,2024-10-30 14:00:00.000000,22,ok
4291,4,87.0,2024-10-30 14:50:16.493007,18,sin intervencion
4292,1,12.0,2024-10-30 15:32:40.086293,14,OK
4293,1,22.0,2024-10-30 18:20:20.193372,10,purga completa
4294,1,26.0,2024-10-30 20:21:17.410055,10,sin novedad
4295,1,,2024-10-30 22:00:00.000000,22,normal
4296,2,,2024-10-30 22:00:00.000000,22,normal
4297,1,35.0,2024-10-31 05:57:11.015390,14,
4298,2,,2024-10-31 06:00:00.000000,19,normal
4299,3,64.0,2024-10-31 09:58:36.963968,13,sin novedad
4300,5,135.0,2024-10-31 12:07:39.284106,11,OK
4301,2,,2024-10-31 14:00:00.000000,20,s/n
4302,1,,2024-10-31 14:00:00.000000,22,normal
4303,3,,2024-10-31 14:00:00.000000,20,s/n
4304,4,,2024-10-31 14:00:00.000000,19,normal
4305,5,119.0,2024-10-31 18:05:52.789551,14,
4306,5,129.0,2024-10-31 18:23:25.239376,18,restablecida sola
4307,1,,2024-11-01 06:00:00.000000,20,ok
4308,4,,2024-11-01 06:00:00.000000,22,
4309,3,,2024-11-01 06:00:00.000000,22,normal
4310,4,99.0,2024-11-01 10:11:27.309383,5,PARADA POR FALLA
4311,3,,2024-11-01 14:00:00.000000,21,s/n
4312,2,,2024-11-01 14:00:00.000000,19,s/n
4313,1,,2024-11-01 14:00:00.000000,19,normal
4314,1,26.0,2024-11-01 17:52:25.611852,15,restablecida sola
4315,3,77.0,2024-11-01 19:23:12.479152,14,sin novedad
4316,4,111.0,2024-11-01 20:56:47.537325,10,DRN OK
4317,2,,2024-11-01 22:00:00.000000,22,
4318,5,115.0,2024-11-01 23:54:57.366213,11,sin novedad
4319,4,89.0,2024-11-02 02:14:07.807200,15,sin intervencion
4320,1,21.0,2024-11-02 02:25:55.600838,17,sin intervencion
4321,1,24.0,2024-11-02 03:24:11.301880,12,DRN OK
4322,2,,2024-11-02 06:00:00.000000,19,normal
4323,5,,2024-11-02 06:00:00.000000,20,normal
4324,1,,2024-11-02 06:00:00.000000,21,s/n
4325,5,141.0,2024-11-02 07:48:40.560033,17,operador reseteo
4326,3,69.0,2024-11-02 11:49:04.060337,15,operador reseteo
4327,1,37.0,2024-11-02 11:57:23.966342,17,sin intervencion
4328,5,122.0,2024-11-02 15:28:32.559470,17,sin intervencion
4329,4,99.0,2024-11-02 20:55:04.134125,7,
4330,2,,2024-11-02 22:00:00.000000,20,normal
4331,3,,2024-11-02 22:00:00.000000,21,ok
4332,1,3.0,2024-11-03 04:21:42.597351,10,sin novedad
4333,5,118.0,2024-11-03 05:31:27.692538,14,
4334,1,,2024-11-03 06:00:00.000000,20,s/n
4335,4,,2024-11-03 06:00:00.000000,20,normal
4336,2,,2024-11-03 06:00:00.000000,21,s/n
4337,5,123.0,2024-11-03 11:52:16.125360,17,restablecida sola
4338,3,71.0,2024-11-03 12:20:42.776063,12,DRN OK
4339,2,,2024-11-03 14:00:00.000000,22,
4340,1,,2024-11-03 14:00:00.000000,21,ok
4341,5,,2024-11-03 14:00:00.000000,21,s/n
4342,3,,2024-11-03 14:00:00.000000,22,s/n
4343,3,,2024-11-03 19:13:52.708300,26,aviso proveedor externo
4344,2,48.0,2024-11-03 20:48:15.229230,12,ok.
4345,2,,2024-11-03 22:00:00.000000,22,
4346,1,,2024-11-03 22:00:00.000000,21,
4347,3,76.0,2024-11-03 23:15:02.513939,17,sin intervencion
4348,1,10.0,2024-11-04 03:13:27.228442,10,purga completa
4349,2,44.0,2024-11-04 04:19:11.756049,18,restablecida sola
4350,4,,2024-11-04 06:00:00.000000,22,ok
4351,3,,2024-11-04 06:00:00.000000,19,
4352,2,,2024-11-04 06:00:00.000000,21,
4353,3,75.0,2024-11-04 07:53:37.542517,15,operador reseteo
4354,3,66.0,2024-11-04 11:21:31.762626,10,
4355,3,,2024-11-04 14:00:00.000000,20,ok
4356,4,,2024-11-04 14:00:00.000000,21,normal
4357,5,124.0,2024-11-04 18:12:20.042904,18,restablecida sola
4358,4,,2024-11-04 19:09:52.177851,26,aviso proveedor externo
4359,4,111.0,2024-11-04 19:37:07.355909,10,purga completa
4360,1,,2024-11-04 22:00:00.000000,22,ok
4361,4,,2024-11-04 22:00:00.000000,21,
4362,1,13.0,2024-11-04 22:38:50.070385,10,OK
4363,4,93.0,2024-11-05 01:50:37.947235,14,OK
4364,1,,2024-11-05 06:00:00.000000,22,
4365,2,56.0,2024-11-05 09:15:17.345241,10,DRN OK
4366,5,145.0,2024-11-05 09:16:21.577970,13,DRN OK
4367,3,,2024-11-05 14:00:00.000000,19,normal
4368,2,,2024-11-05 14:00:00.000000,19,ok
4369,1,,2024-11-05 14:00:00.000000,20,normal
4370,4,104.0,2024-11-05 17:20:02.259941,14,sin novedad
4371,2,41.0,2024-11-05 17:55:38.206722,18,operador reseteo
4372,4,89.0,2024-11-05 18:06:21.247506,16,sin intervencion
4373,1,,2024-11-05 22:00:00.000000,20,normal
4374,1,10.0,2024-11-06 00:52:09.298790,14,
4375,3,,2024-11-06 06:00:00.000000,20,normal
4376,2,48.0,2024-11-06 09:32:52.615678,12,ok.
4377,1,17.0,2024-11-06 13:01:18.840099,11,purga completa
4378,4,107.0,2024-11-06 13:48:53.366283,10,ok.
4379,2,,2024-11-06 14:00:00.000000,21,s/n
4380,5,,2024-11-06 22:00:00.000000,22,
4381,2,,2024-11-06 22:00:00.000000,20,s/n
4382,4,,2024-11-06 22:00:00.000000,19,
4383,1,,2024-11-06 22:00:00.000000,22,ok
4384,4,88.0,2024-11-06 23:29:13.045900,10,purga completa
4385,4,,2024-11-07 06:00:00.000000,21,s/n
4386,1,,2024-11-07 06:00:00.000000,20,normal
4387,2,,2024-11-07 06:00:00.000000,21,s/n
4388,5,,2024-11-07 06:00:00.000000,21,s/n
4389,1,36.0,2024-11-07 11:39:39.356812,16,sin intervencion
4390,4,,2024-11-07 14:00:00.000000,22,ok
4391,2,,2024-11-07 14:00:00.000000,19,
4392,1,,2024-11-07 14:00:00.000000,19,normal
4393,5,,2024-11-07 22:00:00.000000,22,s/n
4394,4,,2024-11-08 06:00:00.000000,22,s/n
4395,3,,2024-11-08 06:00:00.000000,22,
4396,5,,2024-11-08 06:00:00.000000,21,
4397,2,,2024-11-08 06:00:00.000000,21,ok
4398,4,87.0,2024-11-08 11:04:56.628219,12,purga completa
4399,4,,2024-11-08 14:00:00.000000,20,ok
4400,1,,2024-11-08 22:00:00.000000,21,ok
4401,4,,2024-11-08 22:00:00.000000,21,normal
4402,5,118.0,2024-11-09 04:46:49.676098,18,sin intervencion
4403,1,,2024-11-09 05:05:04.168789,28,
4404,3,75.0,2024-11-09 05:47:54.040767,12,ok.
4405,1,,2024-11-09 06:00:00.000000,21,s/n
4406,3,,2024-11-09 06:00:00.000000,19,
4407,5,,2024-11-09 06:00:00.000000,19,s/n
4408,2,,2024-11-09 06:00:00.000000,20,normal
4409,1,24.0,2024-11-09 06:55:16.695441,17,restablecida sola
4410,2,48.0,2024-11-09 10:37:06.169225,10,DRN OK
4411,1,30.0,2024-11-09 11:59:59.937149,14,ok.
4412,1,,2024-11-09 13:24:11.873855,28,aviso proveedor externo
4413,5,,2024-11-09 14:00:00.000000,19,
4414,1,,2024-11-09 14:00:00.000000,21,
4415,4,,2024-11-09 14:00:00.000000,21,
4416,1,32.0,2024-11-09 18:56:58.321403,12,OK
4417,5,125.0,2024-11-09 19:29:25.148269,12,purga completa
4418,5,,2024-11-09 20:20:42.374141,27,
4419,1,37.0,2024-11-09 22:04:54.789575,10,sin novedad
4420,4,88.0,2024-11-10 02:03:38.745540,11,sin novedad
4421,1,19.0,2024-11-10 03:39:24.251998,12,ok.
4422,3,,2024-11-10 04:34:49.388557,23,ver informe adjunto
4423,3,,2024-11-10 06:00:00.000000,21,normal
4424,4,,2024-11-10 06:00:00.000000,20,normal
4425,1,13.0,2024-11-10 06:35:13.634173,17,sin intervencion
4426,2,57.0,2024-11-10 08:17:52.863320,4,por mantenimiento
4427,4,110.0,2024-11-10 09:21:33.900246,18,restablecida sola
4428,2,57.0,2024-11-10 13:06:55.646765,7,OK
4429,3,,2024-11-10 14:00:00.000000,21,ok
4430,4,,2024-11-10 14:00:00.000000,19,ok
4431,5,118.0,2024-11-10 16:22:47.935603,1,ver OT
4432,1,30.0,2024-11-10 17:02:08.429706,18,restablecida sola
4433,2,,2024-11-10 22:00:00.000000,22,normal
4434,5,118.0,2024-11-10 22:08:35.658946,9,
4435,5,126.0,2024-11-11 03:28:45.029150,18,operador reseteo
4436,2,55.0,2024-11-11 05:26:38.546321,14,OK
4437,3,,2024-11-11 06:00:00.000000,21,ok
4438,5,,2024-11-11 06:00:00.000000,19,normal
4439,5,130.0,2024-11-11 06:37:13.268927,11,ok.
4440,1,12.0,2024-11-11 12:22:54.017198,3,ver OT
4441,5,130.0,2024-11-11 12:54:52.076881,14,ok.
4442,1,32.0,2024-11-11 13:31:37.387904,11,OK
4443,1,17.0,2024-11-11 13:39:10.835852,11,ok.
4444,3,77.0,2024-11-11 13:52:13.636511,11,OK
4445,1,,2024-11-11 14:00:00.000000,19,
4446,2,,2024-11-11 14:00:00.000000,19,
4447,3,70.0,2024-11-11 16:29:43.531094,18,sin intervencion
4448,1,12.0,2024-11-11 20:07:24.814618,8,arranque normal
4449,3,,2024-11-11 22:00:00.000000,22,ok
4450,1,,2024-11-11 22:00:00.000000,22,s/n
4451,4,111.0,2024-11-12 00:49:29.964449,13,DRN OK
4452,4,,2024-11-12 06:00:00.000000,20,ok
4453,2,,2024-11-12 06:00:00.000000,20,
4454,3,,2024-11-12 06:00:00.000000,20,s/n
4455,1,14.0,2024-11-12 06:53:45.332981,13,OK
4456,1,31.0,2024-11-12 07:31:13.332774,1,PARADA POR FALLA
4457,3,77.0,2024-11-12 09:01:57.178685,12,purga completa
4458,1,31.0,2024-11-12 09:33:38.949490,7,
4459,3,76.0,2024-11-12 09:53:45.104737,15,sin intervencion
4460,2,,2024-11-12 14:00:00.000000,20,s/n
4461,3,,2024-11-12 14:00:00.000000,20,
4462,5,130.0,2024-11-12 14:02:27.873299,1,
4463,5,130.0,2024-11-12 18:38:01.935032,8,reanuda produccion
4464,4,112.0,2024-11-12 20:44:20.022406,12,DRN OK
4465,3,,2024-11-12 22:00:00.000000,21,s/n
4466,4,,2024-11-12 22:00:00.000000,22,normal
4467,1,,2024-11-12 22:00:00.000000,22,normal
4468,2,,2024-11-12 22:00:00.000000,19,s/n
4469,1,,2024-11-13 06:00:00.000000,21,normal
4470,5,,2024-11-13 06:00:00.000000,19,
4471,2,46.0,2024-11-13 07:46:35.485503,5,PARADA POR FALLA
4472,1,32.0,2024-11-13 12:23:35.369109,10,OK
4473,2,51.0,2024-11-13 12:57:44.605887,17,operador reseteo
4474,2,46.0,2024-11-13 13:00:28.672557,8,reanuda produccion
4475,2,,2024-11-13 14:00:00.000000,22,s/n
4476,1,,2024-11-13 14:00:00.000000,22,ok
4477,4,,2024-11-13 14:00:00.000000,21,
4478,3,68.0,2024-11-13 15:42:54.811460,11,
4479,4,99.0,2024-11-13 20:13:26.472274,10,purga completa
4480,4,,2024-11-13 22:00:00.000000,20,
4481,1,,2024-11-13 22:00:00.000000,21,normal
4482,1,20.0,2024-11-14 01:26:22.258582,17,restablecida sola
4483,2,41.0,2024-11-14 01:27:09.305568,3,ver OT
4484,1,25.0,2024-11-14 02:22:02.121482,10,purga completa
4485,2,56.0,2024-11-14 05:25:52.354991,11,OK
4486,3,,2024-11-14 06:00:00.000000,19,s/n
4487,5,,2024-11-14 06:00:00.000000,21,s/n
4488,1,6.0,2024-11-14 06:14:30.502910,3,ver OT
4489,4,107.0,2024-11-14 11:00:44.823714,13,DRN OK
4490,5,,2024-11-14 14:00:00.000000,21,s/n
4491,1,6.0,2024-11-14 14:47:52.426793,8,reanuda produccion
4492,2,44.0,2024-11-14 15:47:05.499887,10,sin novedad
4493,5,126.0,2024-11-14 17:01:50.678874,12,DRN OK
4494,5,114.0,2024-11-14 18:25:20.561806,15,restablecida sola
4495,2,41.0,2024-11-14 20:50:42.867509,7,reanuda produccion
4496,4,110.0,2024-11-15 00:15:31.086429,11,purga completa
4497,3,63.0,2024-11-15 00:18:14.388644,13,DRN OK
4498,4,,2024-11-15 06:00:00.000000,20,s/n
4499,5,,2024-11-15 06:00:00.000000,21,
4500,2,,2024-11-15 06:00:00.000000,19,
4501,1,8.0,2024-11-15 11:47:36.439170,12,ok.
4502,4,95.0,2024-11-15 17:55:29.798159,13,purga completa
4503,1,,2024-11-15 22:00:00.000000,19,normal
4504,3,81.0,2024-11-15 22:14:38.656664,14,purga completa
4505,3,69.0,2024-11-16 02:22:52.278851,12,OK
4506,4,107.0,2024-11-16 04:04:19.252199,11,ok.
4507,1,,2024-11-16 06:00:00.000000,20,ok
4508,2,,2024-11-16 06:00:00.000000,20,
4509,2,,2024-11-16 06:27:49.181550,24,
4510,4,104.0,2024-11-16 08:39:47.752500,13,purga completa
4511,4,104.0,2024-11-16 12:03:04.545240,15,operador reseteo
4512,2,,2024-11-16 14:00:00.000000,21,normal
4513,5,,2024-11-16 14:00:00.000000,21,s/n
4514,4,,2024-11-16 14:00:00.000000,20,s/n
4515,1,26.0,2024-11-16 14:58:21.720820,14,ok.
4516,2,54.0,2024-11-16 18:08:38.357893,14,
4517,4,,2024-11-16 19:21:56.387567,25,
4518,4,,2024-11-16 22:00:00.000000,21,ok
4519,3,,2024-11-16 22:00:00.000000,21,normal
4520,2,,2024-11-16 22:15:46.522645,23,
4521,3,,2024-11-17 06:00:00.000000,21,normal
4522,5,,2024-11-17 06:00:00.000000,19,ok
4523,2,,2024-11-17 06:00:00.000000,19,s/n
4524,4,,2024-11-17 06:00:00.000000,22,normal
4525,5,146.0,2024-11-17 06:21:50.765248,12,OK
4526,3,75.0,2024-11-17 08:49:59.150704,2,ver OT
4527,4,,2024-11-17 12:37:46.557184,27,ver informe adjunto
4528,3,75.0,2024-11-17 13:19:18.846370,7,reanuda produccion
4529,2,40.0,2024-11-17 13:40:45.670593,4,ver OT
4530,3,,2024-11-17 14:00:00.000000,20,normal
4531,2,,2024-11-17 14:00:00.000000,21,s/n
4532,4,,2024-11-17 14:00:00.000000,19,s/n
4533,1,2.0,2024-11-17 16:31:00.839304,17,operador reseteo
4534,2,40.0,2024-11-17 18:03:54.974071,7,arranque normal
4535,2,,2024-11-17 22:00:00.000000,22,
4536,4,,2024-11-17 22:00:00.000000,20,
4537,2,40.0,2024-11-18 05:38:30.796219,15,restablecida sola
4538,3,71.0,2024-11-18 07:40:12.433033,11,purga completa
4539,2,,2024-11-18 14:00:00.000000,21,normal
4540,4,,2024-11-18 14:00:00.000000,22,s/n
4541,3,,2024-11-18 14:00:00.000000,21,normal
4542,5,,2024-11-18 14:00:00.000000,20,
4543,1,35.0,2024-11-18 14:56:37.599982,12,OK
4544,4,104.0,2024-11-18 19:44:55.699695,13,OK
4545,5,141.0,2024-11-18 19:54:49.102028,12,OK
4546,5,,2024-11-18 22:00:00.000000,20,s/n
4547,1,,2024-11-18 22:00:00.000000,22,ok
4548,5,144.0,2024-11-19 01:38:14.107175,16,sin intervencion
4549,3,66.0,2024-11-19 03:12:02.873806,15,restablecida sola
4550,2,57.0,2024-11-19 05:19:28.793537,16,restablecida sola
4551,4,,2024-11-19 06:00:00.000000,22,ok
4552,5,,2024-11-19 06:00:00.000000,21,normal
4553,4,96.0,2024-11-19 06:31:19.476405,11,
4554,3,63.0,2024-11-19 07:31:43.047394,13,purga completa
4555,5,129.0,2024-11-19 08:04:35.025192,16,operador reseteo
4556,2,56.0,2024-11-19 12:20:03.939708,10,
4557,1,,2024-11-19 14:00:00.000000,22,
4558,3,,2024-11-19 14:00:00.000000,21,ok
4559,2,,2024-11-19 14:00:00.000000,22,normal
4560,5,134.0,2024-11-19 14:44:06.992025,13,ok.
4561,2,53.0,2024-11-19 17:05:11.461661,13,purga completa
4562,4,87.0,2024-11-19 19:24:31.829380,11,
4563,5,,2024-11-19 22:00:00.000000,19,ok
4564,2,,2024-11-19 22:00:00.000000,20,normal
4565,4,,2024-11-19 22:00:00.000000,19,ok
4566,3,80.0,2024-11-19 22:38:27.639843,10,DRN OK
4567,4,111.0,2024-11-19 22:58:19.636230,14,OK
4568,4,109.0,2024-11-20 00:24:26.430210,11,OK
4569,2,44.0,2024-11-20 05:38:55.735073,11,sin novedad
4570,3,,2024-11-20 06:00:00.000000,22,ok
4571,4,,2024-11-20 06:00:00.000000,20,normal
4572,1,,2024-11-20 06:00:00.000000,19,
4573,3,81.0,2024-11-20 11:57:17.260639,12,sin novedad
4574,2,,2024-11-20 14:00:00.000000,21,s/n
4575,5,,2024-11-20 14:00:00.000000,21,normal
4576,3,,2024-11-20 14:00:00.000000,19,s/n
4577,2,47.0,2024-11-20 17:33:44.322969,12,OK
4578,2,45.0,2024-11-20 19:29:20.673678,12,purga completa
4579,4,,2024-11-20 22:00:00.000000,22,ok
4580,2,,2024-11-20 22:00:00.000000,19,normal
4581,1,,2024-11-20 22:00:00.000000,21,ok
4582,2,54.0,2024-11-21 00:27:41.609946,13,DRN OK
4583,5,117.0,2024-11-21 03:27:39.150050,12,
4584,2,,2024-11-21 06:00:00.000000,21,
4585,4,,2024-11-21 06:00:00.000000,21,normal
4586,3,,2024-11-21 06:00:00.000000,19,
4587,5,127.0,2024-11-21 10:02:08.256590,2,ver OT
4588,5,127.0,2024-11-21 12:52:42.346197,6,
4589,5,,2024-11-21 14:00:00.000000,22,
4590,2,,2024-11-21 14:00:00.000000,22,ok
4591,3,,2024-11-21 14:00:00.000000,20,ok
4592,4,,2024-11-21 22:00:00.000000,20,normal
4593,2,,2024-11-21 22:00:00.000000,20,ok
4594,3,,2024-11-21 22:00:00.000000,20,normal
4595,1,,2024-11-22 06:00:00.000000,19,normal
4596,4,,2024-11-22 06:00:00.000000,20,
4597,3,,2024-11-22 06:00:00.000000,19,normal
4598,2,,2024-11-22 06:00:00.000000,19,ok
4599,5,118.0,2024-11-22 07:12:49.618226,18,sin intervencion
4600,3,68.0,2024-11-22 07:42:57.011015,18,operador reseteo
4601,1,25.0,2024-11-22 08:02:59.036186,4,ver OT
4602,2,42.0,2024-11-22 11:03:38.024848,14,purga completa
4603,1,25.0,2024-11-22 12:12:21.362749,7,
4604,1,,2024-11-22 14:00:00.000000,19,
4605,3,,2024-11-22 14:00:00.000000,19,ok
4606,5,,2024-11-22 14:00:00.000000,20,ok
4607,2,,2024-11-22 14:00:00.000000,20,normal
4608,2,41.0,2024-11-22 15:29:50.661485,17,sin intervencion
4609,5,125.0,2024-11-22 17:38:06.634911,18,restablecida sola
4610,3,71.0,2024-11-22 18:24:39.092415,11,ok.
4611,3,75.0,2024-11-22 19:09:07.619032,12,purga completa
4612,5,118.0,2024-11-22 19:41:52.610885,11,purga completa
4613,3,,2024-11-22 22:00:00.000000,21,normal
4614,4,,2024-11-22 22:00:00.000000,20,s/n
4615,2,,2024-11-22 22:00:00.000000,20,s/n
4616,2,51.0,2024-11-23 01:42:25.644368,12,OK
4617,4,104.0,2024-11-23 03:11:09.970587,10,sin novedad
4618,5,141.0,2024-11-23 03:48:47.244776,17,sin intervencion
4619,1,,2024-11-23 06:00:00.000000,19,
4620,3,,2024-11-23 06:00:00.000000,20,ok
4621,2,,2024-11-23 06:00:00.000000,22,normal
4622,2,59.0,2024-11-23 09:28:19.243687,10,purga completa
4623,3,79.0,2024-11-23 09:58:58.281135,15,operador reseteo
4624,3,,2024-11-23 14:00:00.000000,19,normal
4625,4,,2024-11-23 14:00:00.000000,22,normal
4626,1,,2024-11-23 14:00:00.000000,20,normal
4627,1,32.0,2024-11-23 14:28:36.807948,14,OK
4628,5,133.0,2024-11-23 15:15:11.672390,3,por mantenimiento
4629,5,133.0,2024-11-23 19:30:42.454720,9,reanuda produccion
4630,1,37.0,2024-11-23 20:16:00.986039,11,ok.
4631,3,66.0,2024-11-23 21:10:13.327610,13,
4632,1,,2024-11-23 22:00:00.000000,22,s/n
4633,4,,2024-11-23 22:00:00.000000,22,
4634,1,,2024-11-24 06:00:00.000000,20,normal
4635,3,,2024-11-24 06:00:00.000000,19,ok
4636,3,65.0,2024-11-24 08:13:39.999706,3,por mantenimiento
4637,5,141.0,2024-11-24 09:21:08.795165,13,sin novedad
4638,3,65.0,2024-11-24 11:10:25.584796,8,
4639,2,52.0,2024-11-24 11:21:55.716204,11,sin novedad
4640,3,,2024-11-24 14:00:00.000000,22,
4641,1,4.0,2024-11-24 15:14:23.022085,15,restablecida sola
4642,4,88.0,2024-11-24 19:03:20.263510,16,operador reseteo
4643,2,,2024-11-24 22:00:00.000000,22,
4644,5,,2024-11-24 22:00:00.000000,22,
4645,3,,2024-11-24 22:00:00.000000,19,s/n
4646,1,24.0,2024-11-25 01:16:23.453157,3,ver OT
4647,5,,2024-11-25 03:28:14.724047,28,aviso proveedor externo
4648,1,10.0,2024-11-25 05:25:39.219182,15,operador reseteo
4649,5,,2024-11-25 06:00:00.000000,20,s/n
4650,2,,2024-11-25 06:00:00.000000,20,normal
4651,1,,2024-11-25 06:00:00.000000,22,s/n
4652,1,32.0,2024-11-25 06:21:40.158448,12,
4653,2,46.0,2024-11-25 10:14:43.728536,13,sin novedad
4654,5,,2024-11-25 14:00:00.000000,19,
4655,2,,2024-11-25 14:00:00.000000,19,
4656,2,61.0,2024-11-25 20:23:30.396218,11,sin novedad
4657,5,,2024-11-25 22:00:00.000000,22,s/n
4658,3,,2024-11-25 22:00:00.000000,20,
4659,5,138.0,2024-11-26 03:56:55.577048,18,operador reseteo
4660,5,142.0,2024-11-26 05:57:51.339326,12,ok.
4661,4,,2024-11-26 06:00:00.000000,20,
4662,2,,2024-11-26 06:00:00.000000,22,
4663,2,51.0,2024-11-26 06:22:31.745093,11,OK
4664,5,,2024-11-26 07:10:40.465694,25,ver informe adjunto
4665,3,,2024-11-26 14:00:00.000000,19,ok
4666,2,,2024-11-26 14:00:00.000000,21,
4667,4,,2024-11-26 14:00:00.000000,22,normal
4668,5,,2024-11-26 14:00:00.000000,19,
4669,2,47.0,2024-11-26 15:02:44.370485,10,ok.
4670,5,129.0,2024-11-26 16:52:40.255772,12,sin novedad
4671,5,130.0,2024-11-26 19:16:06.070367,14,
4672,4,,2024-11-26 22:00:00.000000,20,
4673,5,,2024-11-26 22:00:00.000000,19,
4674,1,24.0,2024-11-26 22:38:57.778721,8,
4675,2,54.0,2024-11-27 02:21:06.694976,10,
4676,4,,2024-11-27 06:00:00.000000,20,
4677,2,,2024-11-27 06:00:00.000000,22,ok
4678,3,64.0,2024-11-27 06:00:17.821342,10,ok.
4679,4,87.0,2024-11-27 06:22:17.473753,11,DRN OK
4680,4,108.0,2024-11-27 08:00:59.135612,12,OK
4681,2,48.0,2024-11-27 10:10:14.878679,12,
4682,3,81.0,2024-11-27 11:43:10.140125,11,purga completa
4683,1,,2024-11-27 14:00:00.000000,21,s/n
4684,2,,2024-11-27 14:00:00.000000,22,normal
4685,1,13.0,2024-11-27 21:59:24.232771,10,DRN OK
4686,4,,2024-11-27 22:00:00.000000,22,s/n
4687,1,15.0,2024-11-27 22:37:26.184673,11,DRN OK
4688,1,13.0,2024-11-27 23:32:39.140528,13,DRN OK
4689,3,,2024-11-28 06:00:00.000000,20,ok
4690,5,,2024-11-28 06:00:00.000000,21,s/n
4691,2,,2024-11-28 06:00:00.000000,20,s/n
4692,5,131.0,2024-11-28 11:45:18.188802,14,ok.
4693,5,,2024-11-28 14:00:00.000000,22,s/n
4694,3,,2024-11-28 14:00:00.000000,20,
4695,1,,2024-11-28 14:00:00.000000,21,
4696,2,,2024-11-28 14:00:00.000000,21,s/n
4697,3,73.0,2024-11-28 14:12:57.720755,11,DRN OK
4698,5,116.0,2024-11-28 17:06:24.585786,18,restablecida sola
4699,2,61.0,2024-11-28 18:00:56.361709,15,operador reseteo
4700,2,46.0,2024-11-28 18:14:08.634767,5,
4701,5,125.0,2024-11-28 20:51:00.989046,13,DRN OK
4702,3,,2024-11-28 22:00:00.000000,22,ok
4703,2,,2024-11-28 22:00:00.000000,19,ok
4704,5,,2024-11-28 22:00:00.000000,22,normal
4705,1,11.0,2024-11-29 02:15:54.636556,14,DRN OK
4706,5,145.0,2024-11-29 03:20:06.074125,18,operador reseteo
4707,3,,2024-11-29 06:00:00.000000,22,normal
4708,4,,2024-11-29 06:00:00.000000,20,normal
4709,4,107.0,2024-11-29 06:51:15.644542,18,sin intervencion
4710,4,85.0,2024-11-29 10:04:03.366856,5,
4711,3,76.0,2024-11-29 10:46:27.167211,14,purga completa
4712,1,6.0,2024-11-29 11:20:16.896831,13,ok.
4713,2,46.0,2024-11-29 13:17:17.067134,6,
4714,4,85.0,2024-11-29 13:31:03.217146,6,OK
4715,3,69.0,2024-11-29 13:34:34.995985,14,DRN OK
4716,5,,2024-11-29 14:00:00.000000,21,ok
4717,3,,2024-11-29 14:00:00.000000,21,
4718,1,,2024-11-29 14:00:00.000000,20,normal
4719,5,114.0,2024-11-29 14:36:54.230497,12,ok.
4720,5,,2024-11-29 22:00:00.000000,22,normal
4721,2,,2024-11-29 22:00:00.000000,19,
4722,1,,2024-11-29 22:00:00.000000,20,normal
4723,1,33.0,2024-11-30 01:34:02.803752,14,purga completa
4724,4,84.0,2024-11-30 05:53:00.143712,17,operador reseteo
4725,3,,2024-11-30 06:00:00.000000,21,s/n
4726,2,,2024-11-30 06:00:00.000000,22,ok
4727,5,119.0,2024-11-30 12:37:07.022756,4,ver OT
4728,1,,2024-11-30 14:00:00.000000,20,normal
4729,5,119.0,2024-11-30 15:23:21.107442,8,OK
4730,2,56.0,2024-11-30 20:11:47.752348,14,purga completa
4731,4,102.0,2024-11-30 21:14:32.688036,13,purga completa
4732,2,,2024-11-30 22:00:00.000000,19,
4733,4,,2024-11-30 22:00:00.000000,22,
4734,5,,2024-11-30 22:00:00.000000,19,
4735,4,99.0,2024-12-01 00:38:06.438638,12,OK
4736,2,59.0,2024-12-01 01:02:11.855005,11,ok.
4737,3,76.0,2024-12-01 01:33:58.920521,3,PARADA POR FALLA
4738,5,122.0,2024-12-01 01:41:51.167065,15,restablecida sola
4739,2,,2024-12-01 06:00:00.000000,21,
4740,5,,2024-12-01 06:00:00.000000,19,ok
4741,1,,2024-12-01 06:00:00.000000,22,normal
4742,3,,2024-12-01 06:00:00.000000,20,ok
4743,4,,2024-12-01 06:00:00.000000,20,s/n
4744,5,,2024-12-01 14:00:00.000000,19,normal
4745,2,,2024-12-01 14:00:00.000000,22,ok
4746,4,,2024-12-01 14:00:00.000000,21,normal
4747,3,,2024-12-01 14:00:00.000000,22,normal
4748,3,76.0,2024-12-01 20:43:50.188375,7,arranque normal
4749,3,,2024-12-01 22:00:00.000000,21,s/n
4750,4,,2024-12-01 22:00:00.000000,22,normal
4751,2,,2024-12-01 22:00:00.000000,19,ok
4752,1,,2024-12-01 22:00:00.000000,21,
4753,5,,2024-12-02 06:00:00.000000,20,ok
4754,5,139.0,2024-12-02 07:02:39.830336,13,
4755,4,95.0,2024-12-02 11:10:27.659883,14,DRN OK
4756,2,,2024-12-02 14:00:00.000000,21,
4757,4,,2024-12-02 14:00:00.000000,22,
4758,3,77.0,2024-12-02 14:06:44.656872,1,por mantenimiento
4759,3,77.0,2024-12-02 18:27:43.795572,7,OK
4760,4,91.0,2024-12-02 19:01:14.542502,12,purga completa
4761,1,,2024-12-02 22:00:00.000000,20,s/n
4762,5,,2024-12-02 22:00:00.000000,22,s/n
4763,3,,2024-12-02 22:00:00.000000,20,normal
4764,2,,2024-12-02 22:00:00.000000,21,
4765,5,145.0,2024-12-02 22:44:54.721242,10,DRN OK
4766,2,53.0,2024-12-03 00:00:55.630519,12,OK
4767,1,14.0,2024-12-03 02:41:07.400575,11,
4768,2,61.0,2024-12-03 05:55:22.438383,3,
4769,5,,2024-12-03 06:00:00.000000,19,s/n
4770,4,,2024-12-03 06:00:00.000000,19,s/n
4771,1,,2024-12-03 06:00:00.000000,20,normal
4772,2,,2024-12-03 06:00:00.000000,20,normal
4773,4,102.0,2024-12-03 06:55:01.801968,12,sin novedad
4774,5,118.0,2024-12-03 10:08:26.230710,11,DRN OK
4775,5,,2024-12-03 14:00:00.000000,19,s/n
4776,1,,2024-12-03 14:00:00.000000,19,s/n
4777,3,70.0,2024-12-03 18:30:08.953995,14,sin novedad
4778,1,,2024-12-03 22:00:00.000000,20,s/n
4779,2,,2024-12-03 22:00:00.000000,20,normal
4780,3,,2024-12-03 22:00:00.000000,21,ok
4781,2,61.0,2024-12-03 22:32:14.252083,9,OK
4782,3,66.0,2024-12-03 23:02:21.576721,11,sin novedad
4783,3,71.0,2024-12-04 05:57:37.372627,15,restablecida sola
4784,3,,2024-12-04 06:00:00.000000,20,s/n
4785,3,81.0,2024-12-04 10:50:29.585670,15,restablecida sola
4786,1,21.0,2024-12-04 12:45:00.883627,11,DRN OK
4787,3,,2024-12-04 14:00:00.000000,20,
4788,4,,2024-12-04 14:00:00.000000,19,normal
4789,2,,2024-12-04 14:00:00.000000,19,
4790,2,54.0,2024-12-04 14:17:17.581823,13,purga completa
4791,1,33.0,2024-12-04 18:56:40.193998,12,sin novedad
4792,3,,2024-12-04 22:00:00.000000,20,ok
4793,1,,2024-12-04 22:00:00.000000,20,normal
4794,2,,2024-12-04 22:00:00.000000,20,ok
4795,5,145.0,2024-12-05 02:29:54.379214,15,sin intervencion
4796,2,51.0,2024-12-05 02:38:06.313193,14,ok.
4797,2,,2024-12-05 06:00:00.000000,21,
4798,5,,2024-12-05 06:00:00.000000,19,normal
4799,2,49.0,2024-12-05 12:10:04.276882,14,purga completa
4800,1,,2024-12-05 14:00:00.000000,19,s/n
4801,5,,2024-12-05 14:00:00.000000,20,ok
4802,3,,2024-12-05 14:00:00.000000,21,
4803,3,73.0,2024-12-05 15:17:01.822007,10,DRN OK
4804,5,,2024-12-05 22:00:00.000000,19,
4805,3,,2024-12-05 22:00:00.000000,22,ok
4806,2,,2024-12-05 22:00:00.000000,22,s/n
4807,3,79.0,2024-12-06 01:28:52.938093,10,DRN OK
4808,4,84.0,2024-12-06 02:05:44.519924,17,operador reseteo
4809,1,,2024-12-06 06:00:00.000000,21,normal
4810,5,,2024-12-06 06:00:00.000000,21,normal
4811,3,75.0,2024-12-06 11:17:33.745168,11,sin novedad
4812,2,,2024-12-06 14:00:00.000000,21,ok
4813,5,,2024-12-06 14:00:00.000000,22,ok
4814,3,68.0,2024-12-06 20:34:28.749292,12,ok.
4815,4,,2024-12-06 22:00:00.000000,19,ok
4816,2,,2024-12-06 22:00:00.000000,22,s/n
4817,4,92.0,2024-12-06 23:03:29.120768,13,OK
4818,4,100.0,2024-12-07 03:18:00.344524,13,sin novedad
4819,2,40.0,2024-12-07 03:22:15.928879,16,operador reseteo
4820,2,49.0,2024-12-07 03:54:51.178537,11,
4821,5,,2024-12-07 06:00:00.000000,21,normal
4822,1,29.0,2024-12-07 09:34:04.387360,13,
4823,5,,2024-12-07 14:00:00.000000,22,ok
4824,1,10.0,2024-12-07 18:07:04.993796,10,ok.
4825,2,,2024-12-07 22:00:00.000000,21,
4826,1,,2024-12-07 22:00:00.000000,22,normal
4827,4,,2024-12-07 22:00:00.000000,22,normal
4828,5,,2024-12-07 22:00:00.000000,20,
4829,3,68.0,2024-12-08 00:32:45.903466,17,sin intervencion
4830,5,136.0,2024-12-08 02:53:21.046608,11,ok.
4831,5,,2024-12-08 06:00:00.000000,21,ok
4832,2,,2024-12-08 06:00:00.000000,19,s/n
4833,1,,2024-12-08 06:00:00.000000,22,normal
4834,1,31.0,2024-12-08 10:36:22.665481,13,OK
4835,5,130.0,2024-12-08 12:00:39.979548,14,DRN OK
4836,1,,2024-12-08 14:00:00.000000,19,
4837,3,,2024-12-08 14:00:00.000000,20,ok
4838,4,,2024-12-08 14:00:00.000000,22,normal
4839,5,,2024-12-08 14:00:00.000000,20,s/n
4840,3,64.0,2024-12-08 16:35:22.799602,12,ok.
4841,3,64.0,2024-12-08 18:15:47.745489,16,operador reseteo
4842,5,115.0,2024-12-08 21:43:36.070753,10,DRN OK
4843,3,,2024-12-08 22:00:00.000000,21,
4844,5,,2024-12-08 22:00:00.000000,20,
4845,4,,2024-12-08 22:00:00.000000,21,normal
4846,5,138.0,2024-12-08 22:55:20.588399,11,DRN OK
4847,3,68.0,2024-12-09 01:00:44.321441,10,DRN OK
4848,3,76.0,2024-12-09 03:16:01.998325,10,
4849,2,,2024-12-09 06:00:00.000000,21,
4850,3,,2024-12-09 06:00:00.000000,21,ok
4851,4,,2024-12-09 06:00:00.000000,20,ok
4852,4,107.0,2024-12-09 10:33:26.783648,12,
4853,1,3.0,2024-12-09 11:47:37.950861,10,purga completa
4854,4,93.0,2024-12-09 13:38:22.498675,18,operador reseteo
4855,3,,2024-12-09 14:00:00.000000,20,normal
4856,4,,2024-12-09 14:00:00.000000,22,s/n
4857,1,,2024-12-09 14:00:00.000000,19,ok
4858,5,,2024-12-09 14:00:00.000000,21,s/n
4859,3,73.0,2024-12-09 19:56:08.511330,14,ok.
4860,5,,2024-12-09 22:00:00.000000,19,s/n
4861,1,,2024-12-09 22:00:00.000000,20,
4862,2,,2024-12-09 22:00:00.000000,19,s/n
4863,3,,2024-12-09 22:00:00.000000,19,s/n
4864,4,112.0,2024-12-09 22:44:23.529394,16,operador reseteo
4865,5,,2024-12-10 06:00:00.000000,22,ok
4866,4,,2024-12-10 06:00:00.000000,22,ok
4867,4,84.0,2024-12-10 06:55:09.114993,14,sin novedad
4868,1,17.0,2024-12-10 07:13:16.905229,1,ver OT
4869,3,68.0,2024-12-10 10:45:00.201375,18,operador reseteo
4870,3,,2024-12-10 14:00:00.000000,22,s/n
4871,2,,2024-12-10 14:00:00.000000,21,ok
4872,5,,2024-12-10 14:00:00.000000,22,ok
4873,4,,2024-12-10 14:00:00.000000,19,
4874,5,132.0,2024-12-10 16:29:46.236624,3,ver OT
4875,2,52.0,2024-12-10 18:49:14.118211,10,ok.
4876,1,17.0,2024-12-10 21:34:49.063708,8,OK
4877,5,122.0,2024-12-10 21:51:08.543035,13,
4878,4,,2024-12-10 22:00:00.000000,21,s/n
4879,1,,2024-12-10 22:00:00.000000,19,normal
4880,5,,2024-12-10 22:00:00.000000,22,s/n
4881,3,,2024-12-10 22:00:00.000000,19,s/n
4882,2,,2024-12-10 22:00:00.000000,22,ok
4883,3,73.0,2024-12-11 01:09:16.637366,14,
4884,1,,2024-12-11 06:00:00.000000,19,normal
4885,4,,2024-12-11 06:00:00.000000,21,normal
4886,5,,2024-12-11 06:00:00.000000,19,normal
4887,2,,2024-12-11 06:00:00.000000,19,normal
4888,5,132.0,2024-12-11 09:53:30.666254,6,reanuda produccion
4889,5,130.0,2024-12-11 11:21:10.755851,13,purga completa
4890,4,90.0,2024-12-11 11:36:51.577172,13,
4891,4,,2024-12-11 14:00:00.000000,21,normal
4892,2,,2024-12-11 14:00:00.000000,22,normal
4893,5,138.0,2024-12-11 18:59:04.641272,16,sin intervencion
4894,2,,2024-12-11 22:00:00.000000,20,
4895,4,,2024-12-11 22:00:00.000000,19,ok
4896,3,,2024-12-11 22:00:00.000000,22,ok
4897,3,,2024-12-12 06:00:00.000000,20,normal
4898,4,,2024-12-12 06:00:00.000000,22,s/n
4899,1,20.0,2024-12-12 07:30:00.165563,17,restablecida sola
4900,1,,2024-12-12 14:00:00.000000,22,ok
4901,5,,2024-12-12 14:00:00.000000,19,
4902,3,,2024-12-12 14:00:00.000000,21,
4903,5,144.0,2024-12-12 14:11:50.442275,15,operador reseteo
4904,4,98.0,2024-12-12 14:51:11.382000,11,DRN OK
4905,2,48.0,2024-12-12 16:32:19.253803,10,OK
4906,4,,2024-12-12 22:00:00.000000,20,s/n
4907,2,,2024-12-12 22:00:00.000000,20,
4908,1,,2024-12-12 22:00:00.000000,19,
4909,5,,2024-12-12 22:00:00.000000,19,ok
4910,1,,2024-12-13 06:00:00.000000,22,ok
4911,5,118.0,2024-12-13 09:31:19.863159,12,DRN OK
4912,5,,2024-12-13 14:00:00.000000,22,s/n
4913,1,,2024-12-13 22:00:00.000000,22,normal
4914,2,52.0,2024-12-14 02:16:25.991251,13,sin novedad
4915,5,139.0,2024-12-14 03:52:02.785944,14,DRN OK
4916,5,,2024-12-14 06:00:00.000000,20,s/n
4917,5,142.0,2024-12-14 10:17:35.508872,12,ok.
4918,2,52.0,2024-12-14 11:46:55.026541,13,OK
4919,3,69.0,2024-12-14 12:28:35.746234,13,DRN OK
4920,2,39.0,2024-12-14 13:17:25.731450,13,DRN OK
4921,5,,2024-12-14 14:00:00.000000,20,s/n
4922,1,,2024-12-14 14:00:00.000000,21,
4923,3,65.0,2024-12-14 15:41:45.989349,12,
4924,2,48.0,2024-12-14 19:27:34.226592,14,
4925,3,80.0,2024-12-14 20:25:45.381532,12,ok.
4926,5,,2024-12-14 22:00:00.000000,20,s/n
4927,2,,2024-12-14 22:00:00.000000,22,ok
4928,4,,2024-12-14 22:00:00.000000,21,
4929,5,140.0,2024-12-14 22:33:38.803412,11,ok.
4930,4,97.0,2024-12-15 00:55:18.989689,10,DRN OK
4931,1,22.0,2024-12-15 03:02:35.182016,18,sin intervencion
4932,2,,2024-12-15 06:00:00.000000,20,
4933,1,,2024-12-15 06:00:00.000000,21,s/n
4934,4,,2024-12-15 14:00:00.000000,19,ok
4935,1,37.0,2024-12-15 15:07:51.628139,15,restablecida sola
4936,5,138.0,2024-12-15 16:10:32.616000,4,
4937,5,138.0,2024-12-15 20:49:18.314705,8,arranque normal
4938,1,,2024-12-15 22:00:00.000000,21,normal
4939,5,,2024-12-15 22:00:00.000000,20,s/n
4940,3,,2024-12-15 22:00:00.000000,22,
4941,4,,2024-12-15 22:00:00.000000,19,normal
4942,4,92.0,2024-12-16 03:56:15.203925,10,OK
4943,5,,2024-12-16 06:00:00.000000,20,
4944,3,,2024-12-16 06:00:00.000000,19,normal
4945,1,,2024-12-16 06:00:00.000000,22,
4946,4,108.0,2024-12-16 09:52:32.567130,11,sin novedad
4947,3,75.0,2024-12-16 10:24:37.952021,12,sin novedad
4948,3,,2024-12-16 14:00:00.000000,19,
4949,1,,2024-12-16 14:00:00.000000,22,normal
4950,5,,2024-12-16 14:00:00.000000,20,s/n
4951,2,,2024-12-16 14:00:00.000000,20,s/n
4952,1,35.0,2024-12-16 17:37:34.249153,11,ok.
4953,1,15.0,2024-12-16 18:17:12.231364,17,restablecida sola
4954,5,,2024-12-16 22:00:00.000000,21,s/n
4955,3,,2024-12-16 22:00:00.000000,19,s/n
4956,2,,2024-12-16 22:00:00.000000,19,
4957,2,60.0,2024-12-16 23:15:23.493242,17,operador reseteo
4958,5,118.0,2024-12-16 23:20:06.886021,17,sin intervencion
4959,3,,2024-12-17 06:00:00.000000,20,ok
4960,4,,2024-12-17 06:00:00.000000,21,
4961,1,,2024-12-17 06:00:00.000000,22,s/n
4962,4,92.0,2024-12-17 08:41:04.904180,14,
4963,5,,2024-12-17 10:45:45.008012,28,
4964,2,53.0,2024-12-17 13:08:05.981571,10,sin novedad
4965,2,,2024-12-17 14:00:00.000000,22,ok
4966,5,,2024-12-17 14:00:00.000000,22,normal
4967,3,,2024-12-17 14:00:00.000000,19,
4968,5,122.0,2024-12-17 15:02:35.492519,16,sin intervencion
4969,3,70.0,2024-12-17 20:15:29.494019,10,ok.
4970,2,,2024-12-17 22:00:00.000000,22,normal
4971,5,,2024-12-17 22:00:00.000000,21,ok
4972,3,,2024-12-17 22:00:00.000000,21,
4973,4,83.0,2024-12-17 22:40:52.343924,17,restablecida sola
4974,1,37.0,2024-12-18 11:57:26.316260,10,OK
4975,3,,2024-12-18 14:00:00.000000,21,
4976,5,,2024-12-18 14:00:00.000000,21,normal
4977,4,,2024-12-18 14:00:00.000000,22,normal
4978,3,79.0,2024-12-18 17:34:48.995821,11,OK
4979,3,76.0,2024-12-18 20:38:34.904971,16,sin intervencion
4980,4,,2024-12-18 22:00:00.000000,20,ok
4981,3,,2024-12-18 22:00:00.000000,20,ok
4982,5,144.0,2024-12-19 01:56:46.077291,16,sin intervencion
4983,3,63.0,2024-12-19 02:41:06.073219,13,
4984,5,122.0,2024-12-19 04:35:00.143785,10,ok.
4985,5,134.0,2024-12-19 05:39:05.657034,13,DRN OK
4986,1,,2024-12-19 06:00:00.000000,19,
4987,5,,2024-12-19 06:00:00.000000,21,
4988,4,89.0,2024-12-19 08:12:06.543898,1,PARADA POR FALLA
4989,3,79.0,2024-12-19 11:12:57.228077,2,
4990,1,13.0,2024-12-19 11:26:20.492155,4,por mantenimiento
4991,3,77.0,2024-12-19 11:36:28.661576,12,purga completa
4992,5,122.0,2024-12-19 12:17:54.544770,17,restablecida sola
4993,3,,2024-12-19 14:00:00.000000,21,ok
4994,4,,2024-12-19 14:00:00.000000,19,normal
4995,3,79.0,2024-12-19 14:19:47.795887,6,reanuda produccion
4996,4,89.0,2024-12-19 14:57:46.584760,6,arranque normal
4997,1,32.0,2024-12-19 15:55:17.615479,12,purga completa
4998,1,13.0,2024-12-19 16:09:54.993805,9,reanuda produccion
4999,5,,2024-12-19 22:00:00.000000,21,s/n
5000,3,,2024-12-19 22:00:00.000000,21,
5001,1,,2024-12-19 22:00:00.000000,20,s/n
5002,2,51.0,2024-12-20 00:09:08.733113,13,DRN OK
5003,2,,2024-12-20 05:33:18.280920,27,ver informe adjunto
5004,4,,2024-12-20 06:00:00.000000,20,s/n
5005,5,,2024-12-20 14:00:00.000000,19,normal
5006,4,109.0,2024-12-20 15:07:30.966328,11,purga completa
5007,3,70.0,2024-12-20 15:11:44.374763,16,operador reseteo
5008,4,100.0,2024-12-20 18:25:20.280084,17,operador reseteo
5009,5,,2024-12-20 22:00:00.000000,19,ok
5010,2,,2024-12-20 22:00:00.000000,19,ok
5011,2,,2024-12-21 00:06:13.645258,27,ver informe adjunto
5012,1,12.0,2024-12-21 00:46:49.631198,1,PARADA POR FALLA
5013,5,,2024-12-21 06:00:00.000000,22,normal
5014,4,,2024-12-21 06:00:00.000000,22,
5015,1,,2024-12-21 07:56:23.258341,24,aviso proveedor externo
5016,4,103.0,2024-12-21 08:41:58.401562,11,ok.
5017,3,,2024-12-21 14:00:00.000000,20,ok
5018,5,,2024-12-21 14:00:00.000000,22,s/n
5019,4,110.0,2024-12-21 19:50:35.302764,16,restablecida sola
5020,1,2.0,2024-12-21 21:28:06.566178,10,
5021,5,,2024-12-21 22:00:00.000000,20,normal
5022,1,,2024-12-21 22:00:00.000000,22,
5023,2,,2024-12-21 22:00:00.000000,21,ok
5024,4,,2024-12-21 22:00:00.000000,19,s/n
5025,4,93.0,2024-12-21 22:48:06.876813,15,sin intervencion
5026,2,,2024-12-22 06:00:00.000000,21,ok
5027,4,,2024-12-22 06:00:00.000000,22,s/n
5028,5,135.0,2024-12-22 06:02:14.808711,11,sin novedad
5029,3,66.0,2024-12-22 06:12:11.750111,10,sin novedad
5030,1,12.0,2024-12-22 10:46:16.498433,9,reanuda produccion
5031,2,,2024-12-22 14:00:00.000000,21,
5032,1,27.0,2024-12-22 22:08:52.263257,10,OK
5033,3,65.0,2024-12-22 22:17:47.683840,10,sin novedad
5034,1,7.0,2024-12-23 00:29:10.123013,12,OK
5035,2,,2024-12-23 06:00:00.000000,22,s/n
5036,1,,2024-12-23 06:00:00.000000,22,s/n
5037,2,59.0,2024-12-23 12:04:42.329414,1,ver OT
5038,2,40.0,2024-12-23 12:28:09.210975,11,DRN OK
5039,3,73.0,2024-12-23 12:59:12.485087,10,DRN OK
5040,3,,2024-12-23 14:00:00.000000,20,s/n
5041,5,,2024-12-23 14:00:00.000000,22,s/n
5042,2,42.0,2024-12-23 14:12:35.297141,13,
5043,5,114.0,2024-12-23 14:25:10.808681,15,operador reseteo
5044,2,59.0,2024-12-23 17:54:45.922202,7,arranque normal
5045,1,5.0,2024-12-23 18:56:15.416994,10,purga completa
5046,5,126.0,2024-12-23 19:44:01.713052,12,purga completa
5047,2,,2024-12-23 22:00:00.000000,19,ok
5048,2,47.0,2024-12-24 01:13:34.403463,10,DRN OK
5049,3,,2024-12-24 06:00:00.000000,22,normal
5050,5,,2024-12-24 06:00:00.000000,19,ok
5051,1,,2024-12-24 06:00:00.000000,21,s/n
5052,1,27.0,2024-12-24 06:16:23.393686,16,restablecida sola
5053,5,139.0,2024-12-24 09:41:19.687901,10,
5054,5,119.0,2024-12-24 11:14:14.870952,5,ver OT
5055,1,3.0,2024-12-24 12:32:54.808072,10,ok.
5056,3,79.0,2024-12-24 12:57:23.142092,14,sin novedad
5057,3,,2024-12-24 14:00:00.000000,19,ok
5058,5,119.0,2024-12-24 15:17:02.364705,9,reanuda produccion
5059,1,19.0,2024-12-24 18:53:24.214823,10,OK
5060,2,,2024-12-24 19:46:48.090879,26,
5061,1,,2024-12-24 22:00:00.000000,20,ok
5062,5,,2024-12-24 22:00:00.000000,19,normal
5063,5,132.0,2024-12-25 00:19:13.118937,10,purga completa
5064,1,25.0,2024-12-25 00:27:09.496489,12,DRN OK
5065,4,,2024-12-25 06:00:00.000000,21,s/n
5066,5,,2024-12-25 06:00:00.000000,19,normal
5067,1,7.0,2024-12-25 11:31:02.088081,4,PARADA POR FALLA
5068,4,96.0,2024-12-25 12:19:27.931731,13,sin novedad
5069,3,72.0,2024-12-25 12:48:15.361903,11,
5070,3,81.0,2024-12-25 12:51:23.204605,16,sin intervencion
5071,5,,2024-12-25 14:00:00.000000,21,
5072,1,,2024-12-25 14:00:00.000000,19,
5073,2,,2024-12-25 14:00:00.000000,21,s/n
5074,1,36.0,2024-12-25 15:45:15.666706,16,restablecida sola
5075,3,80.0,2024-12-25 16:14:09.058944,13,
5076,4,85.0,2024-12-25 16:50:59.752847,16,restablecida sola
5077,1,7.0,2024-12-25 17:26:49.730339,6,OK
5078,5,132.0,2024-12-25 21:33:42.101702,15,sin intervencion
5079,3,,2024-12-25 22:00:00.000000,21,s/n
5080,4,,2024-12-25 22:00:00.000000,22,s/n
5081,2,,2024-12-25 22:00:00.000000,20,ok
5082,1,,2024-12-26 06:00:00.000000,19,normal
5083,5,,2024-12-26 06:00:00.000000,21,normal
5084,2,45.0,2024-12-26 12:28:44.460797,11,purga completa
5085,1,31.0,2024-12-26 13:57:03.072218,14,
5086,5,,2024-12-26 14:00:00.000000,19,s/n
5087,3,,2024-12-26 14:00:00.000000,19,s/n
5088,3,69.0,2024-12-26 15:52:29.561813,15,restablecida sola
5089,1,20.0,2024-12-26 17:21:55.344927,18,operador reseteo
5090,1,,2024-12-26 22:00:00.000000,21,normal
5091,4,112.0,2024-12-27 03:06:08.317588,10,OK
5092,4,84.0,2024-12-27 04:53:10.290843,12,ok.
5093,1,,2024-12-27 06:00:00.000000,21,s/n
5094,1,2.0,2024-12-27 12:28:10.957947,2,por mantenimiento
5095,3,71.0,2024-12-27 13:29:37.743716,14,sin novedad
5096,1,,2024-12-27 14:00:00.000000,21,s/n
5097,3,,2024-12-27 14:00:00.000000,21,ok
5098,5,,2024-12-27 14:00:00.000000,22,ok
5099,4,95.0,2024-12-27 17:11:49.242224,12,ok.
5100,1,36.0,2024-12-27 19:44:31.432105,10,purga completa
5101,1,2.0,2024-12-27 20:02:37.147472,7,OK
5102,3,63.0,2024-12-27 21:41:05.597960,12,purga completa
5103,2,,2024-12-27 22:00:00.000000,20,
5104,5,,2024-12-27 22:00:00.000000,22,s/n
5105,4,,2024-12-27 22:00:00.000000,19,normal
5106,1,2.0,2024-12-28 04:23:45.288367,5,
5107,1,24.0,2024-12-28 04:39:43.001776,12,
5108,1,,2024-12-28 06:00:00.000000,22,ok
5109,2,,2024-12-28 06:00:00.000000,21,normal
5110,4,100.0,2024-12-28 06:10:22.876420,14,
5111,3,,2024-12-28 14:00:00.000000,20,
5112,2,,2024-12-28 14:00:00.000000,19,ok
5113,1,,2024-12-28 14:00:00.000000,22,normal
5114,5,146.0,2024-12-28 14:53:40.764251,13,sin novedad
5115,3,64.0,2024-12-28 15:17:22.265869,15,sin intervencion
5116,1,2.0,2024-12-28 16:30:42.610655,9,reanuda produccion
5117,3,,2024-12-28 22:00:00.000000,21,s/n
5118,1,27.0,2024-12-28 22:29:49.567279,11,DRN OK
5119,3,,2024-12-29 06:00:00.000000,19,s/n
5120,4,,2024-12-29 06:00:00.000000,20,normal
5121,1,,2024-12-29 06:00:00.000000,20,
5122,2,,2024-12-29 06:00:00.000000,20,ok
5123,4,111.0,2024-12-29 13:15:35.221981,11,
5124,4,,2024-12-29 14:00:00.000000,19,
5125,4,111.0,2024-12-29 15:28:43.761522,3,
5126,5,142.0,2024-12-29 16:23:57.806700,10,sin novedad
5127,4,111.0,2024-12-29 17:12:15.255151,7,reanuda produccion
5128,3,81.0,2024-12-29 19:01:21.163949,17,restablecida sola
5129,2,39.0,2024-12-29 19:32:16.325879,5,por mantenimiento
5130,4,,2024-12-29 22:00:00.000000,20,ok
5131,2,,2024-12-29 22:00:00.000000,21,s/n
5132,1,,2024-12-29 22:00:00.000000,22,ok
5133,4,110.0,2024-12-30 03:28:31.948032,10,sin novedad
5134,2,,2024-12-30 06:00:00.000000,21,normal
5135,3,,2024-12-30 06:00:00.000000,19,s/n
5136,4,,2024-12-30 06:00:00.000000,22,ok
5137,4,102.0,2024-12-30 07:47:01.502102,17,restablecida sola
5138,4,87.0,2024-12-30 10:00:58.973928,15,restablecida sola
5139,4,108.0,2024-12-30 12:25:49.808959,11,purga completa
5140,1,5.0,2024-12-30 13:09:07.009630,11,OK
5141,1,,2024-12-30 14:00:00.000000,21,
5142,3,,2024-12-30 14:00:00.000000,22,normal
5143,3,77.0,2024-12-30 15:10:34.928392,10,ok.
5144,2,39.0,2024-12-30 15:30:31.181773,8,reanuda produccion
5145,4,107.0,2024-12-30 17:14:54.896714,12,
5146,1,19.0,2024-12-30 21:29:49.645077,15,restablecida sola
5147,1,,2024-12-30 22:00:00.000000,19,ok
5148,5,,2024-12-30 22:00:00.000000,20,s/n
5149,1,,2024-12-31 06:00:00.000000,21,normal
5150,3,,2024-12-31 06:00:00.000000,22,
5151,1,7.0,2024-12-31 06:54:18.871867,15,operador reseteo
5152,2,42.0,2024-12-31 08:24:13.551203,1,PARADA POR FALLA
5153,5,131.0,2024-12-31 12:15:43.780165,11,
5154,3,,2024-12-31 14:00:00.000000,19,
5155,5,,2024-12-31 14:00:00.000000,19,s/n
5156,2,,2024-12-31 14:00:00.000000,22,s/n
5157,2,42.0,2024-12-31 14:43:57.067686,9,
5158,1,13.0,2024-12-31 17:02:14.352165,3,ver OT
5159,5,,2024-12-31 22:00:00.000000,19,s/n
5160,4,,2024-12-31 22:00:00.000000,21,normal
5161,1,13.0,2024-12-31 22:33:31.706061,9,reanuda produccion
5162,1,30.0,2025-01-01 02:52:00.285128,12,ok.
5163,4,,2025-01-01 06:00:00.000000,20,normal
5164,1,,2025-01-01 06:00:00.000000,19,
5165,2,48.0,2025-01-01 07:44:22.792228,1,por mantenimiento
5166,2,48.0,2025-01-01 11:19:49.640784,7,reanuda produccion
5167,3,,2025-01-01 14:00:00.000000,21,s/n
5168,4,,2025-01-01 14:00:00.000000,19,s/n
5169,2,,2025-01-01 14:00:00.000000,20,ok
5170,1,,2025-01-01 22:00:00.000000,22,
5171,1,30.0,2025-01-01 22:15:19.617998,13,ok.
5172,1,7.0,2025-01-02 03:19:08.113233,15,operador reseteo
5173,2,,2025-01-02 06:00:00.000000,22,
5174,3,68.0,2025-01-02 06:49:04.340229,13,DRN OK
5175,3,68.0,2025-01-02 06:52:49.419791,13,
5176,3,,2025-01-02 14:00:00.000000,20,s/n
5177,1,,2025-01-02 14:00:00.000000,21,normal
5178,4,85.0,2025-01-02 15:43:55.483231,10,sin novedad
5179,2,52.0,2025-01-02 19:00:01.931834,14,DRN OK
5180,4,,2025-01-02 22:00:00.000000,20,
5181,1,,2025-01-02 22:00:00.000000,22,normal
5182,5,125.0,2025-01-03 03:04:30.335350,13,OK
5183,2,42.0,2025-01-03 04:42:30.561502,12,OK
5184,2,39.0,2025-01-03 05:34:57.248981,10,
5185,3,,2025-01-03 06:00:00.000000,20,
5186,1,,2025-01-03 06:00:00.000000,20,normal
5187,2,,2025-01-03 06:00:00.000000,19,
5188,4,88.0,2025-01-03 06:16:47.250294,17,restablecida sola
5189,3,71.0,2025-01-03 06:25:35.804780,18,operador reseteo
5190,4,89.0,2025-01-03 11:17:11.307764,13,OK
5191,5,,2025-01-03 14:00:00.000000,20,s/n
5192,4,,2025-01-03 14:00:00.000000,21,ok
5193,3,,2025-01-03 14:00:00.000000,19,s/n
5194,2,,2025-01-03 14:00:00.000000,21,ok
5195,5,121.0,2025-01-03 18:23:56.355201,14,ok.
5196,3,76.0,2025-01-03 20:50:45.810966,11,purga completa
5197,1,,2025-01-03 22:00:00.000000,19,ok
5198,2,,2025-01-03 22:00:00.000000,22,s/n
5199,2,,2025-01-04 06:00:00.000000,22,normal
5200,1,27.0,2025-01-04 11:19:24.365602,1,
5201,3,79.0,2025-01-04 13:04:23.515582,14,sin novedad
5202,2,,2025-01-04 14:00:00.000000,22,s/n
5203,5,130.0,2025-01-04 15:52:19.055002,13,sin novedad
5204,1,27.0,2025-01-04 16:45:01.054073,9,reanuda produccion
5205,2,,2025-01-04 20:24:15.113428,29,
5206,2,,2025-01-04 22:00:00.000000,19,s/n
5207,5,,2025-01-04 22:00:00.000000,22,
5208,4,,2025-01-04 22:00:00.000000,20,s/n
5209,5,145.0,2025-01-04 22:07:33.980249,11,sin novedad
5210,3,72.0,2025-01-05 00:18:12.408706,16,operador reseteo
5211,2,,2025-01-05 06:00:00.000000,22,
5212,5,,2025-01-05 06:00:00.000000,22,normal
5213,4,102.0,2025-01-05 07:15:13.379229,13,ok.
5214,1,7.0,2025-01-05 08:40:14.273229,11,
5215,1,36.0,2025-01-05 09:05:06.511389,10,DRN OK
5216,2,45.0,2025-01-05 10:40:31.627756,12,
5217,1,,2025-01-05 14:00:00.000000,20,ok
5218,3,,2025-01-05 14:00:00.000000,21,
5219,2,,2025-01-05 14:00:00.000000,21,
5220,5,,2025-01-05 14:00:00.000000,20,s/n
5221,1,32.0,2025-01-05 16:07:32.652938,12,purga completa
5222,2,56.0,2025-01-05 19:21:11.979042,14,ok.
5223,4,,2025-01-05 22:00:00.000000,21,s/n
5224,1,,2025-01-05 22:00:00.000000,20,normal
5225,2,,2025-01-05 22:00:00.000000,19,
5226,5,,2025-01-05 22:00:00.000000,20,s/n
5227,1,10.0,2025-01-05 22:55:04.465698,13,purga completa
5228,1,29.0,2025-01-05 23:41:06.964059,12,sin novedad
5229,4,105.0,2025-01-06 01:39:58.233450,13,ok.
5230,2,41.0,2025-01-06 01:59:20.369212,12,DRN OK
5231,5,117.0,2025-01-06 02:17:02.157132,13,ok.
5232,3,73.0,2025-01-06 04:57:44.292296,13,purga completa
5233,4,,2025-01-06 05:10:39.299288,28,
5234,5,,2025-01-06 06:00:00.000000,19,ok
5235,3,,2025-01-06 06:00:00.000000,22,normal
5236,1,,2025-01-06 06:00:00.000000,19,normal
5237,4,,2025-01-06 06:00:00.000000,22,
5238,4,105.0,2025-01-06 06:15:38.366846,12,ok.
5239,4,108.0,2025-01-06 08:02:35.516474,17,operador reseteo
5240,3,75.0,2025-01-06 09:20:02.770333,5,por mantenimiento
5241,2,,2025-01-06 09:23:00.372400,26,ver informe adjunto
5242,1,3.0,2025-01-06 13:57:32.232168,14,purga completa
5243,3,,2025-01-06 14:00:00.000000,21,s/n
5244,3,75.0,2025-01-06 15:30:48.727551,8,OK
5245,5,133.0,2025-01-06 18:58:14.055123,15,operador reseteo
5246,5,,2025-01-06 19:48:50.708128,25,aviso proveedor externo
5247,2,48.0,2025-01-06 20:23:47.487796,11,purga completa
5248,3,,2025-01-06 22:00:00.000000,19,s/n
5249,2,,2025-01-06 22:00:00.000000,19,
5250,1,,2025-01-06 22:00:00.000000,19,s/n
5251,5,116.0,2025-01-07 04:51:26.237785,13,DRN OK
5252,1,,2025-01-07 06:00:00.000000,20,normal
5253,2,,2025-01-07 06:00:00.000000,22,normal
5254,4,,2025-01-07 06:00:00.000000,22,s/n
5255,1,3.0,2025-01-07 07:27:10.570667,13,DRN OK
5256,1,27.0,2025-01-07 09:32:53.957006,17,operador reseteo
5257,1,3.0,2025-01-07 10:35:39.698686,14,sin novedad
5258,1,25.0,2025-01-07 12:42:26.063725,11,sin novedad
5259,5,115.0,2025-01-07 13:08:52.707566,12,purga completa
5260,5,,2025-01-07 14:00:00.000000,19,
5261,4,,2025-01-07 14:00:00.000000,21,
5262,3,,2025-01-07 14:00:00.000000,19,ok
5263,1,,2025-01-07 14:00:00.000000,21,ok
5264,3,75.0,2025-01-07 14:59:01.191093,18,sin intervencion
5265,4,,2025-01-07 22:00:00.000000,21,ok
5266,1,,2025-01-07 22:00:00.000000,20,
5267,3,,2025-01-07 22:00:00.000000,22,
5268,4,88.0,2025-01-08 00:26:18.541705,12,purga completa
5269,3,,2025-01-08 06:00:00.000000,20,ok
5270,5,,2025-01-08 06:00:00.000000,22,s/n
5271,2,,2025-01-08 06:00:00.000000,22,
5272,1,,2025-01-08 06:00:00.000000,20,normal
5273,1,19.0,2025-01-08 13:10:50.256861,11,sin novedad
5274,3,,2025-01-08 14:00:00.000000,19,s/n
5275,5,,2025-01-08 14:00:00.000000,19,normal
5276,1,,2025-01-08 14:00:00.000000,21,ok
5277,4,91.0,2025-01-08 18:11:04.701408,14,
5278,4,,2025-01-09 06:00:00.000000,19,s/n
5279,3,,2025-01-09 06:00:00.000000,20,
5280,5,,2025-01-09 06:00:00.000000,19,normal
5281,2,49.0,2025-01-09 07:38:05.091804,14,DRN OK
5282,5,142.0,2025-01-09 08:24:28.943806,10,DRN OK
5283,4,98.0,2025-01-09 10:50:15.707590,11,ok.
5284,5,,2025-01-09 14:00:00.000000,19,
5285,3,,2025-01-09 14:00:00.000000,19,s/n
5286,1,,2025-01-09 14:00:00.000000,20,normal
5287,2,,2025-01-09 14:00:00.000000,21,s/n
5288,1,,2025-01-09 14:04:05.672774,25,aviso proveedor externo
5289,3,,2025-01-09 22:00:00.000000,19,s/n
5290,1,18.0,2025-01-09 23:37:34.883006,16,operador reseteo
5291,3,66.0,2025-01-10 02:46:11.955593,16,operador reseteo
5292,3,69.0,2025-01-10 02:59:57.836633,13,purga completa
5293,2,56.0,2025-01-10 05:12:26.165998,13,sin novedad
5294,5,,2025-01-10 06:00:00.000000,20,
5295,3,,2025-01-10 06:00:00.000000,20,ok
5296,1,,2025-01-10 06:00:00.000000,21,
5297,4,97.0,2025-01-10 10:36:19.481569,2,
5298,4,95.0,2025-01-10 10:59:11.371911,18,restablecida sola
5299,4,97.0,2025-01-10 12:34:18.296102,6,
5300,5,,2025-01-10 14:00:00.000000,22,ok
5301,2,,2025-01-10 14:00:00.000000,19,normal
5302,1,,2025-01-10 14:00:00.000000,22,s/n
5303,3,,2025-01-10 14:00:00.000000,22,s/n
5304,2,54.0,2025-01-10 14:56:46.361967,10,sin novedad
5305,4,96.0,2025-01-10 16:45:01.639466,1,por mantenimiento
5306,1,,2025-01-10 22:00:00.000000,20,
5307,4,,2025-01-10 22:00:00.000000,22,s/n
5308,4,90.0,2025-01-10 22:48:47.609134,13,DRN OK
5309,5,141.0,2025-01-11 01:59:58.368250,18,operador reseteo
5310,3,,2025-01-11 06:00:00.000000,20,ok
5311,4,,2025-01-11 06:00:00.000000,22,normal
5312,1,,2025-01-11 06:00:00.000000,19,
5313,4,85.0,2025-01-11 07:23:41.925378,12,purga completa
5314,4,110.0,2025-01-11 07:24:06.612140,12,OK
5315,4,112.0,2025-01-11 11:25:51.750119,13,DRN OK
5316,5,126.0,2025-01-11 13:00:43.207214,12,OK
5317,4,,2025-01-11 14:00:00.000000,21,ok
5318,2,48.0,2025-01-11 17:49:43.738339,10,sin novedad
5319,4,96.0,2025-01-11 17:56:05.527139,8,
5320,5,129.0,2025-01-12 03:49:23.764811,12,purga completa
5321,3,64.0,2025-01-12 05:46:20.083621,12,purga completa
5322,1,,2025-01-12 06:00:00.000000,19,s/n
5323,2,,2025-01-12 06:00:00.000000,19,normal
5324,3,73.0,2025-01-12 06:37:35.347788,13,sin novedad
5325,4,112.0,2025-01-12 08:31:16.801821,10,
5326,4,111.0,2025-01-12 12:08:14.203236,13,ok.
5327,2,47.0,2025-01-12 14:02:53.456268,15,operador reseteo
5328,5,,2025-01-12 22:00:00.000000,22,normal
5329,3,,2025-01-12 22:00:00.000000,21,ok
5330,5,133.0,2025-01-12 22:04:44.149687,14,purga completa
5331,4,103.0,2025-01-12 22:37:39.387861,11,sin novedad
5332,1,4.0,2025-01-13 03:15:36.994454,12,sin novedad
5333,5,,2025-01-13 06:00:00.000000,21,ok
5334,1,,2025-01-13 06:00:00.000000,22,s/n
5335,3,,2025-01-13 06:00:00.000000,21,
5336,4,,2025-01-13 06:00:00.000000,22,ok
5337,2,56.0,2025-01-13 08:07:38.085328,10,sin novedad
5338,2,,2025-01-13 14:00:00.000000,20,s/n
5339,1,,2025-01-13 14:00:00.000000,19,
5340,5,,2025-01-13 14:00:00.000000,20,
5341,5,140.0,2025-01-13 14:25:36.012139,12,
5342,1,10.0,2025-01-13 14:39:00.252895,11,DRN OK
5343,4,97.0,2025-01-13 20:35:28.939646,17,sin intervencion
5344,3,,2025-01-13 22:00:00.000000,22,ok
5345,4,,2025-01-13 22:00:00.000000,19,
5346,3,72.0,2025-01-13 22:21:57.854050,14,OK
5347,4,93.0,2025-01-13 23:57:07.401571,12,purga completa
5348,3,73.0,2025-01-14 02:07:55.709550,18,operador reseteo
5349,4,,2025-01-14 06:00:00.000000,20,ok
5350,3,,2025-01-14 06:00:00.000000,21,s/n
5351,5,,2025-01-14 06:00:00.000000,21,ok
5352,2,,2025-01-14 06:00:00.000000,22,ok
5353,1,,2025-01-14 06:00:00.000000,20,ok
5354,1,31.0,2025-01-14 06:15:49.626914,11,OK
5355,2,55.0,2025-01-14 07:54:47.720684,12,purga completa
5356,2,54.0,2025-01-14 10:23:10.201395,12,
5357,3,68.0,2025-01-14 10:46:21.856690,13,ok.
5358,2,,2025-01-14 14:00:00.000000,21,ok
5359,3,,2025-01-14 14:00:00.000000,19,ok
5360,5,136.0,2025-01-14 18:16:33.685088,12,
5361,4,105.0,2025-01-14 18:29:38.860175,14,purga completa
5362,2,61.0,2025-01-14 20:31:52.798653,14,
5363,3,,2025-01-14 22:00:00.000000,20,ok
5364,1,,2025-01-14 22:00:00.000000,21,normal
5365,2,,2025-01-14 22:00:00.000000,22,ok
5366,4,,2025-01-14 22:00:00.000000,21,s/n
5367,1,2.0,2025-01-14 22:09:08.631601,16,restablecida sola
5368,1,,2025-01-15 06:00:00.000000,19,
5369,3,,2025-01-15 06:00:00.000000,21,ok
5370,2,,2025-01-15 06:00:00.000000,20,normal
5371,2,56.0,2025-01-15 07:33:24.867350,13,DRN OK
5372,4,91.0,2025-01-15 12:13:50.688485,2,
5373,1,26.0,2025-01-15 12:57:45.321043,10,OK
5374,4,84.0,2025-01-15 13:03:52.183368,15,operador reseteo
5375,1,,2025-01-15 14:00:00.000000,19,
5376,3,,2025-01-15 14:00:00.000000,19,s/n
5377,4,,2025-01-15 14:00:00.000000,20,ok
5378,4,91.0,2025-01-15 14:43:44.414677,13,purga completa
5379,1,26.0,2025-01-15 15:47:44.601276,10,purga completa
5380,3,69.0,2025-01-15 20:57:11.916181,11,ok.
5381,4,,2025-01-15 22:00:00.000000,21,s/n
5382,2,,2025-01-15 22:00:00.000000,21,normal
5383,4,91.0,2025-01-16 04:37:32.006506,9,arranque normal
5384,3,,2025-01-16 06:00:00.000000,19,s/n
5385,4,,2025-01-16 06:00:00.000000,21,
5386,1,,2025-01-16 06:00:00.000000,22,s/n
5387,1,14.0,2025-01-16 12:28:00.658993,14,ok.
5388,3,80.0,2025-01-16 12:46:59.916371,13,DRN OK
5389,2,,2025-01-16 14:00:00.000000,19,ok
5390,1,,2025-01-16 14:00:00.000000,19,s/n
5391,4,,2025-01-16 14:00:00.000000,22,
5392,5,,2025-01-16 14:00:00.000000,20,s/n
5393,4,93.0,2025-01-16 20:40:58.578294,12,DRN OK
5394,5,129.0,2025-01-16 21:02:23.824659,18,sin intervencion
5395,5,,2025-01-16 22:00:00.000000,22,ok
5396,2,,2025-01-16 22:00:00.000000,20,
5397,4,,2025-01-16 23:06:30.963080,28,ver informe adjunto
5398,1,35.0,2025-01-17 05:48:12.315931,13,ok.
5399,2,,2025-01-17 06:00:00.000000,20,ok
5400,3,,2025-01-17 06:00:00.000000,21,normal
5401,5,,2025-01-17 06:00:00.000000,19,normal
5402,1,13.0,2025-01-17 13:44:42.917060,16,operador reseteo
5403,2,,2025-01-17 14:00:00.000000,20,s/n
5404,4,,2025-01-17 14:00:00.000000,19,s/n
5405,3,,2025-01-17 14:00:00.000000,19,
5406,5,,2025-01-17 14:00:00.000000,19,s/n
5407,4,99.0,2025-01-17 18:29:22.091291,12,
5408,3,,2025-01-17 18:29:27.608606,25,
5409,4,88.0,2025-01-17 20:03:44.528376,11,
5410,2,42.0,2025-01-17 21:33:52.099652,15,sin intervencion
5411,5,131.0,2025-01-17 21:38:59.534639,11,OK
5412,4,,2025-01-17 22:00:00.000000,19,s/n
5413,5,,2025-01-17 22:00:00.000000,19,
5414,4,90.0,2025-01-17 23:28:54.594912,12,purga completa
5415,5,,2025-01-18 06:00:00.000000,20,s/n
5416,2,,2025-01-18 06:00:00.000000,19,normal
5417,1,,2025-01-18 06:00:00.000000,21,
5418,3,,2025-01-18 06:00:00.000000,19,
5419,5,129.0,2025-01-18 06:22:45.074357,2,ver OT
5420,1,36.0,2025-01-18 07:48:03.311623,17,restablecida sola
5421,1,31.0,2025-01-18 10:33:55.038128,13,sin novedad
5422,1,35.0,2025-01-18 11:40:11.063962,2,por mantenimiento
5423,3,73.0,2025-01-18 13:47:58.035978,12,ok.
5424,4,,2025-01-18 14:00:00.000000,22,
5425,3,,2025-01-18 14:00:00.000000,19,ok
5426,1,35.0,2025-01-18 18:09:23.747416,9,arranque normal
5427,3,80.0,2025-01-18 18:15:37.065221,16,sin intervencion
5428,1,33.0,2025-01-18 19:00:30.787946,12,OK
5429,5,,2025-01-18 22:00:00.000000,21,ok
5430,3,,2025-01-18 22:00:00.000000,19,ok
5431,2,47.0,2025-01-18 22:00:15.077509,13,ok.
5432,5,144.0,2025-01-18 23:00:17.342621,14,
5433,3,79.0,2025-01-18 23:23:51.163260,16,sin intervencion
5434,5,129.0,2025-01-19 03:19:41.397405,8,arranque normal
5435,3,,2025-01-19 06:00:00.000000,22,ok
5436,2,,2025-01-19 06:00:00.000000,22,normal
5437,1,,2025-01-19 06:00:00.000000,21,
5438,2,51.0,2025-01-19 06:47:12.630405,14,ok.
5439,5,,2025-01-19 14:00:00.000000,19,s/n
5440,4,,2025-01-19 14:00:00.000000,22,ok
5441,4,89.0,2025-01-19 14:18:07.331521,3,PARADA POR FALLA
5442,3,65.0,2025-01-19 14:25:45.869373,1,ver OT
5443,4,89.0,2025-01-19 17:36:55.277054,7,arranque normal
5444,3,65.0,2025-01-19 19:06:44.603753,8,
5445,1,,2025-01-19 22:00:00.000000,20,normal
5446,5,,2025-01-19 22:00:00.000000,21,normal
5447,5,146.0,2025-01-19 23:30:54.530957,13,purga completa
5448,3,,2025-01-20 06:00:00.000000,22,
5449,1,,2025-01-20 06:00:00.000000,20,ok
5450,5,,2025-01-20 06:00:00.000000,22,
5451,4,,2025-01-20 06:00:00.000000,22,ok
5452,1,12.0,2025-01-20 10:34:51.905711,13,OK
5453,1,,2025-01-20 14:00:00.000000,22,normal
5454,4,,2025-01-20 14:00:00.000000,22,
5455,2,,2025-01-20 14:00:00.000000,22,s/n
5456,3,,2025-01-20 14:00:00.000000,22,s/n
5457,4,95.0,2025-01-20 14:01:58.606590,12,DRN OK
5458,1,3.0,2025-01-20 15:46:56.002558,16,restablecida sola
5459,5,131.0,2025-01-20 16:52:26.815010,11,DRN OK
5460,1,7.0,2025-01-20 22:49:54.066804,5,por mantenimiento
5461,4,111.0,2025-01-20 23:53:31.063431,1,
5462,5,,2025-01-21 06:00:00.000000,21,
5463,4,111.0,2025-01-21 12:37:47.254364,8,reanuda produccion
5464,1,,2025-01-21 14:00:00.000000,22,s/n
5465,3,70.0,2025-01-21 16:55:11.813146,13,purga completa
5466,1,,2025-01-21 22:00:00.000000,22,s/n
5467,4,,2025-01-21 22:46:41.917267,28,ver informe adjunto
5468,2,51.0,2025-01-22 03:02:17.062748,10,purga completa
5469,2,,2025-01-22 06:00:00.000000,19,normal
5470,1,7.0,2025-01-22 07:08:03.453015,6,
5471,2,,2025-01-22 14:00:00.000000,20,s/n
5472,1,,2025-01-22 14:00:00.000000,21,normal
5473,3,,2025-01-22 14:00:00.000000,21,s/n
5474,4,84.0,2025-01-22 15:54:25.197901,11,ok.
5475,1,14.0,2025-01-22 17:09:00.324855,15,restablecida sola
5476,1,,2025-01-22 22:00:00.000000,20,normal
5477,3,,2025-01-22 22:00:00.000000,20,s/n
5478,5,,2025-01-22 22:00:00.000000,19,normal
5479,2,,2025-01-22 22:00:00.000000,22,ok
5480,2,42.0,2025-01-23 00:17:03.569087,15,restablecida sola
5481,3,,2025-01-23 06:00:00.000000,22,normal
5482,4,,2025-01-23 06:42:15.236662,28,aviso proveedor externo
5483,3,63.0,2025-01-23 08:08:26.616834,11,ok.
5484,4,92.0,2025-01-23 11:50:18.737374,2,ver OT
5485,5,,2025-01-23 14:00:00.000000,21,s/n
5486,4,,2025-01-23 14:00:00.000000,20,normal
5487,4,92.0,2025-01-23 15:17:55.039906,7,OK
5488,3,76.0,2025-01-23 17:36:09.187221,15,sin intervencion
5489,2,,2025-01-23 22:00:00.000000,19,normal
5490,5,,2025-01-23 22:00:00.000000,22,ok
5491,4,,2025-01-23 22:00:00.000000,20,ok
5492,1,7.0,2025-01-23 23:30:59.863047,16,restablecida sola
5493,2,51.0,2025-01-24 02:24:27.248011,11,purga completa
5494,5,,2025-01-24 06:00:00.000000,20,s/n
5495,2,,2025-01-24 06:00:00.000000,22,s/n
5496,2,39.0,2025-01-24 11:36:35.963000,12,
5497,3,,2025-01-24 14:00:00.000000,21,
5498,1,,2025-01-24 14:00:00.000000,22,
5499,2,,2025-01-24 14:00:00.000000,19,ok
5500,4,99.0,2025-01-24 15:38:06.238666,13,OK
5501,5,122.0,2025-01-24 19:25:13.973828,13,sin novedad
5502,4,,2025-01-24 22:00:00.000000,21,normal
5503,2,,2025-01-24 22:00:00.000000,20,
5504,3,,2025-01-24 22:00:00.000000,20,s/n
5505,5,,2025-01-24 22:00:00.000000,20,ok
5506,2,,2025-01-25 06:00:00.000000,19,s/n
5507,4,,2025-01-25 06:00:00.000000,19,s/n
5508,3,,2025-01-25 06:00:00.000000,22,s/n
5509,1,6.0,2025-01-25 09:02:33.619255,5,PARADA POR FALLA
5510,4,,2025-01-25 14:00:00.000000,22,normal
5511,5,,2025-01-25 14:00:00.000000,20,s/n
5512,2,57.0,2025-01-25 16:36:10.604291,16,restablecida sola
5513,4,,2025-01-25 20:24:35.985503,28,aviso proveedor externo
5514,5,,2025-01-25 22:00:00.000000,22,s/n
5515,2,,2025-01-25 22:00:00.000000,21,
5516,4,,2025-01-25 22:00:00.000000,22,normal
5517,4,88.0,2025-01-25 23:36:57.256038,14,purga completa
5518,1,19.0,2025-01-25 23:52:53.352619,14,DRN OK
5519,2,56.0,2025-01-26 02:09:51.873153,12,DRN OK
5520,2,,2025-01-26 06:00:00.000000,20,s/n
5521,5,,2025-01-26 06:00:00.000000,19,normal
5522,3,,2025-01-26 06:00:00.000000,19,normal
5523,1,,2025-01-26 06:00:00.000000,20,s/n
5524,4,,2025-01-26 06:00:00.000000,20,normal
5525,3,72.0,2025-01-26 08:48:00.128626,13,sin novedad
5526,2,49.0,2025-01-26 09:08:58.594402,12,ok.
5527,3,76.0,2025-01-26 11:25:07.500656,2,por mantenimiento
5528,4,,2025-01-26 14:00:00.000000,20,
5529,2,,2025-01-26 14:00:00.000000,19,normal
5530,1,,2025-01-26 14:00:00.000000,22,
5531,3,76.0,2025-01-26 16:50:10.919520,8,OK
5532,4,104.0,2025-01-26 18:42:17.823097,2,
5533,1,11.0,2025-01-26 20:40:26.300616,10,DRN OK
5534,2,,2025-01-26 22:00:00.000000,19,ok
5535,3,,2025-01-26 22:00:00.000000,22,s/n
5536,4,,2025-01-26 22:00:00.000000,22,
5537,5,123.0,2025-01-27 02:21:19.784146,14,OK
5538,3,,2025-01-27 06:00:00.000000,20,normal
5539,4,,2025-01-27 06:00:00.000000,21,ok
5540,1,6.0,2025-01-27 06:14:04.763509,6,OK
5541,4,104.0,2025-01-27 07:39:45.221184,9,
5542,2,48.0,2025-01-27 11:57:12.925563,11,
5543,5,,2025-01-27 14:00:00.000000,21,s/n
5544,3,,2025-01-27 14:00:00.000000,19,
5545,2,41.0,2025-01-27 16:58:06.447494,10,sin novedad
5546,5,127.0,2025-01-27 20:30:03.065759,15,restablecida sola
5547,5,,2025-01-27 22:00:00.000000,21,normal
5548,1,,2025-01-27 22:00:00.000000,20,ok
5549,2,,2025-01-27 22:00:00.000000,22,s/n
5550,4,,2025-01-28 06:00:00.000000,19,normal
5551,5,,2025-01-28 06:00:00.000000,21,s/n
5552,5,139.0,2025-01-28 10:26:49.263315,5,ver OT
5553,1,35.0,2025-01-28 10:52:16.950478,16,operador reseteo
5554,5,139.0,2025-01-28 12:48:03.185421,6,
5555,1,,2025-01-28 14:00:00.000000,19,normal
5556,3,,2025-01-28 14:00:00.000000,21,normal
5557,4,,2025-01-28 14:00:00.000000,22,normal
5558,3,79.0,2025-01-28 18:50:09.912527,12,sin novedad
5559,1,,2025-01-28 22:00:00.000000,22,s/n
5560,4,,2025-01-28 22:00:00.000000,22,normal
5561,3,,2025-01-28 22:00:00.000000,22,ok
5562,1,7.0,2025-01-28 23:02:39.101418,4,por mantenimiento
5563,5,123.0,2025-01-28 23:07:12.370265,14,DRN OK
5564,3,79.0,2025-01-29 02:44:20.815846,11,purga completa
5565,5,135.0,2025-01-29 04:43:39.604685,11,
5566,4,,2025-01-29 06:00:00.000000,19,normal
5567,3,70.0,2025-01-29 12:14:42.663271,16,restablecida sola
5568,4,,2025-01-29 14:00:00.000000,20,normal
5569,3,,2025-01-29 14:00:00.000000,22,normal
5570,1,,2025-01-29 14:00:00.000000,22,
5571,1,10.0,2025-01-29 14:19:12.735394,11,sin novedad
5572,4,109.0,2025-01-29 20:54:19.934487,13,
5573,1,7.0,2025-01-29 21:54:14.600531,8,
5574,3,,2025-01-29 22:00:00.000000,19,ok
5575,2,,2025-01-29 22:00:00.000000,22,
5576,5,,2025-01-29 22:00:00.000000,20,
5577,5,133.0,2025-01-29 23:32:42.564143,15,restablecida sola
5578,4,99.0,2025-01-30 01:24:22.035998,13,
5579,3,,2025-01-30 06:00:00.000000,22,
5580,1,,2025-01-30 06:00:00.000000,22,normal
5581,5,,2025-01-30 06:00:00.000000,19,
5582,2,,2025-01-30 14:00:00.000000,20,normal
5583,5,,2025-01-30 14:00:00.000000,21,s/n
5584,5,134.0,2025-01-30 19:38:52.212473,12,purga completa
5585,1,,2025-01-30 22:00:00.000000,21,normal
5586,4,,2025-01-30 22:00:00.000000,22,normal
5587,3,,2025-01-30 22:00:00.000000,21,s/n
5588,2,,2025-01-30 22:00:00.000000,19,s/n
5589,3,65.0,2025-01-31 05:56:25.605147,18,sin intervencion
5590,2,,2025-01-31 06:00:00.000000,19,normal
5591,4,,2025-01-31 06:00:00.000000,21,
5592,1,18.0,2025-01-31 11:36:40.482473,11,OK
5593,1,,2025-01-31 14:00:00.000000,19,ok
5594,5,,2025-01-31 14:00:00.000000,22,normal
5595,4,97.0,2025-01-31 17:26:43.828626,15,restablecida sola
5596,4,,2025-01-31 22:00:00.000000,19,normal
5597,2,,2025-01-31 22:00:00.000000,19,ok
5598,5,,2025-01-31 22:00:00.000000,19,
5599,5,133.0,2025-01-31 23:06:31.503882,14,purga completa
5600,2,,2025-02-01 06:00:00.000000,22,normal
5601,5,,2025-02-01 06:00:00.000000,21,s/n
5602,3,,2025-02-01 06:00:00.000000,19,
5603,2,46.0,2025-02-01 07:51:24.415873,12,purga completa
5604,5,135.0,2025-02-01 08:58:02.616834,11,
5605,1,14.0,2025-02-01 12:55:00.681831,13,
5606,3,63.0,2025-02-01 12:58:09.439434,10,OK
5607,1,,2025-02-01 14:00:00.000000,22,
5608,4,,2025-02-01 14:00:00.000000,22,s/n
5609,5,,2025-02-01 14:00:00.000000,22,
5610,3,64.0,2025-02-01 17:45:43.963831,14,
5611,4,,2025-02-01 22:00:00.000000,21,ok
5612,3,75.0,2025-02-01 23:27:35.494321,10,OK
5613,1,7.0,2025-02-02 02:04:21.267943,14,ok.
5614,4,,2025-02-02 02:14:10.498978,23,aviso proveedor externo
5615,4,110.0,2025-02-02 04:33:21.940466,17,operador reseteo
5616,2,,2025-02-02 06:00:00.000000,21,ok
5617,5,,2025-02-02 06:00:00.000000,19,ok
5618,4,,2025-02-02 06:00:00.000000,22,s/n
5619,5,,2025-02-02 14:00:00.000000,22,normal
5620,4,,2025-02-02 14:00:00.000000,20,
5621,5,127.0,2025-02-02 15:14:56.601535,12,
5622,1,32.0,2025-02-02 15:18:05.540627,16,operador reseteo
5623,3,75.0,2025-02-02 16:31:19.796392,10,sin novedad
5624,2,53.0,2025-02-02 18:52:51.441959,13,DRN OK
5625,3,,2025-02-02 22:00:00.000000,21,ok
5626,4,,2025-02-02 22:00:00.000000,22,normal
5627,1,,2025-02-02 22:00:00.000000,20,ok
5628,2,,2025-02-03 06:00:00.000000,20,s/n
5629,5,,2025-02-03 06:00:00.000000,19,
5630,4,,2025-02-03 06:00:00.000000,21,ok
5631,2,54.0,2025-02-03 09:26:23.077774,13,
5632,4,,2025-02-03 14:00:00.000000,22,ok
5633,5,,2025-02-03 14:00:00.000000,19,normal
5634,3,,2025-02-03 14:00:00.000000,21,s/n
5635,1,,2025-02-03 14:00:00.000000,22,s/n
5636,2,,2025-02-03 14:00:00.000000,22,s/n
5637,1,14.0,2025-02-03 16:05:58.266486,12,OK
5638,4,83.0,2025-02-03 16:48:10.459962,11,
5639,5,114.0,2025-02-03 21:41:04.872637,13,sin novedad
5640,3,,2025-02-03 22:00:00.000000,22,ok
5641,4,,2025-02-03 22:00:00.000000,22,ok
5642,2,,2025-02-03 22:00:00.000000,20,normal
5643,3,77.0,2025-02-03 22:11:44.751002,10,ok.
5644,3,77.0,2025-02-04 05:51:47.028092,17,sin intervencion
5645,5,,2025-02-04 06:00:00.000000,20,normal
5646,2,,2025-02-04 06:00:00.000000,19,
5647,4,112.0,2025-02-04 07:46:57.802856,10,DRN OK
5648,1,20.0,2025-02-04 11:55:48.419596,16,restablecida sola
5649,4,,2025-02-04 14:00:00.000000,20,ok
5650,1,,2025-02-04 14:00:00.000000,20,ok
5651,2,,2025-02-04 14:00:00.000000,21,ok
5652,3,,2025-02-04 17:55:03.158702,25,aviso proveedor externo
5653,2,41.0,2025-02-04 19:55:44.930367,13,OK
5654,3,,2025-02-04 22:00:00.000000,21,s/n
5655,4,,2025-02-04 22:00:00.000000,19,ok
5656,1,,2025-02-04 22:00:00.000000,21,ok
5657,5,,2025-02-04 22:00:00.000000,22,ok
5658,1,32.0,2025-02-05 03:02:42.166831,15,operador reseteo
5659,3,,2025-02-05 06:00:00.000000,22,ok
5660,4,,2025-02-05 06:00:00.000000,22,s/n
5661,1,,2025-02-05 06:30:09.935823,26,
5662,3,65.0,2025-02-05 10:47:42.252786,10,purga completa
5663,5,,2025-02-05 14:00:00.000000,19,normal
5664,2,,2025-02-05 14:00:00.000000,22,ok
5665,3,80.0,2025-02-05 16:26:46.246895,14,purga completa
5666,2,41.0,2025-02-05 19:17:44.904725,11,
5667,4,99.0,2025-02-05 21:51:13.519484,12,sin novedad
5668,5,,2025-02-05 22:00:00.000000,22,s/n
5669,4,,2025-02-05 22:00:00.000000,21,s/n
5670,1,,2025-02-05 22:00:00.000000,21,s/n
5671,3,,2025-02-05 22:00:00.000000,22,ok
5672,2,,2025-02-05 22:00:00.000000,19,s/n
5673,2,52.0,2025-02-06 00:24:12.091562,11,sin novedad
5674,2,,2025-02-06 00:25:12.147530,29,aviso proveedor externo
5675,1,30.0,2025-02-06 04:01:04.272943,12,
5676,1,,2025-02-06 06:00:00.000000,22,s/n
5677,5,,2025-02-06 06:00:00.000000,21,s/n
5678,3,,2025-02-06 06:00:00.000000,20,normal
5679,4,,2025-02-06 14:00:00.000000,19,s/n
5680,2,,2025-02-06 14:00:00.000000,21,ok
5681,3,,2025-02-06 14:00:00.000000,21,s/n
5682,5,127.0,2025-02-06 14:45:23.203727,13,
5683,2,39.0,2025-02-06 16:32:45.922571,16,restablecida sola
5684,1,,2025-02-06 22:00:00.000000,22,normal
5685,5,,2025-02-06 22:00:00.000000,21,s/n
5686,2,,2025-02-06 22:00:00.000000,19,ok
5687,3,,2025-02-06 22:00:00.000000,20,
5688,4,,2025-02-06 22:00:00.000000,20,normal
5689,3,63.0,2025-02-07 00:18:18.275700,17,restablecida sola
5690,5,131.0,2025-02-07 01:37:50.487340,10,purga completa
5691,3,79.0,2025-02-07 03:59:18.953856,12,sin novedad
5692,2,,2025-02-07 06:00:00.000000,19,normal
5693,3,,2025-02-07 06:00:00.000000,20,
5694,4,,2025-02-07 06:00:00.000000,21,ok
5695,1,,2025-02-07 06:00:00.000000,21,s/n
5696,5,117.0,2025-02-07 10:42:07.043206,10,
5697,1,,2025-02-07 14:00:00.000000,20,ok
5698,1,11.0,2025-02-07 16:34:20.287522,10,purga completa
5699,4,95.0,2025-02-07 19:00:33.643076,16,restablecida sola
5700,2,,2025-02-07 22:00:00.000000,19,s/n
5701,4,,2025-02-07 22:00:00.000000,21,
5702,1,,2025-02-07 22:00:00.000000,19,normal
5703,3,,2025-02-07 22:00:00.000000,21,
5704,5,,2025-02-07 22:00:00.000000,22,
5705,1,,2025-02-08 06:00:00.000000,20,ok
5706,5,142.0,2025-02-08 07:32:28.403355,11,OK
5707,2,53.0,2025-02-08 08:39:44.380592,12,
5708,2,51.0,2025-02-08 09:53:54.760679,13,
5709,2,,2025-02-08 14:00:00.000000,22,normal
5710,1,,2025-02-08 14:00:00.000000,22,ok
5711,4,108.0,2025-02-08 14:40:18.684397,18,sin intervencion
5712,1,3.0,2025-02-08 15:48:59.643006,13,purga completa
5713,5,130.0,2025-02-08 15:56:28.077248,11,ok.
5714,4,,2025-02-08 22:00:00.000000,19,ok
5715,2,,2025-02-08 22:00:00.000000,19,
5716,5,,2025-02-08 22:00:00.000000,19,
5717,3,,2025-02-09 06:00:00.000000,20,normal
5718,2,51.0,2025-02-09 07:25:46.574883,17,sin intervencion
5719,1,20.0,2025-02-09 09:51:20.574638,17,operador reseteo
5720,2,,2025-02-09 14:00:00.000000,20,normal
5721,4,,2025-02-09 14:00:00.000000,22,
5722,3,,2025-02-09 14:00:00.000000,19,normal
5723,1,12.0,2025-02-09 17:43:31.893143,10,
5724,5,,2025-02-09 22:00:00.000000,19,normal
5725,1,,2025-02-09 22:00:00.000000,22,ok
5726,3,,2025-02-09 22:00:00.000000,21,normal
5727,5,123.0,2025-02-10 03:07:31.270434,11,purga completa
5728,4,,2025-02-10 06:00:00.000000,21,s/n
5729,3,,2025-02-10 06:00:00.000000,19,s/n
5730,5,,2025-02-10 06:00:00.000000,21,s/n
5731,5,116.0,2025-02-10 07:39:49.959676,1,
5732,5,141.0,2025-02-10 09:20:43.384045,12,OK
5733,4,,2025-02-10 14:00:00.000000,21,ok
5734,1,,2025-02-10 14:00:00.000000,21,
5735,5,,2025-02-10 14:00:00.000000,19,normal
5736,3,,2025-02-10 14:00:00.000000,19,
5737,5,119.0,2025-02-10 14:06:24.338467,12,purga completa
5738,5,116.0,2025-02-10 14:21:12.309865,9,OK
5739,1,26.0,2025-02-10 14:24:05.641834,11,purga completa
5740,1,18.0,2025-02-10 16:32:49.703071,14,ok.
5741,4,100.0,2025-02-10 18:07:19.826189,13,ok.
5742,3,,2025-02-10 22:00:00.000000,22,ok
5743,1,,2025-02-10 22:00:00.000000,22,ok
5744,4,,2025-02-10 22:00:00.000000,22,
5745,5,117.0,2025-02-10 23:03:15.850683,13,
5746,5,133.0,2025-02-11 01:25:56.450332,18,restablecida sola
5747,5,139.0,2025-02-11 02:27:12.647295,10,
5748,4,99.0,2025-02-11 02:51:22.786774,15,sin intervencion
5749,2,42.0,2025-02-11 03:04:03.419781,12,OK
5750,1,10.0,2025-02-11 03:52:07.143084,13,
5751,5,,2025-02-11 06:00:00.000000,19,s/n
5752,3,,2025-02-11 06:00:00.000000,22,s/n
5753,2,,2025-02-11 06:00:00.000000,19,
5754,1,8.0,2025-02-11 08:23:29.015615,14,purga completa
5755,2,52.0,2025-02-11 10:54:42.548101,18,operador reseteo
5756,3,80.0,2025-02-11 11:44:12.419952,14,sin novedad
5757,2,,2025-02-11 14:00:00.000000,21,ok
5758,1,,2025-02-11 14:00:00.000000,22,normal
5759,3,,2025-02-11 14:00:00.000000,19,
5760,4,,2025-02-11 17:02:21.632425,28,aviso proveedor externo
5761,4,88.0,2025-02-11 17:25:43.723459,14,DRN OK
5762,2,49.0,2025-02-11 21:37:36.069936,12,OK
5763,2,,2025-02-11 22:00:00.000000,22,normal
5764,4,,2025-02-11 22:00:00.000000,20,ok
5765,5,124.0,2025-02-12 04:27:51.058931,5,PARADA POR FALLA
5766,5,,2025-02-12 06:00:00.000000,22,normal
5767,5,124.0,2025-02-12 07:03:07.710112,9,arranque normal
5768,1,26.0,2025-02-12 10:29:54.144797,14,ok.
5769,3,64.0,2025-02-12 13:40:38.455359,17,operador reseteo
5770,5,,2025-02-12 14:00:00.000000,19,normal
5771,4,,2025-02-12 14:00:00.000000,22,ok
5772,2,,2025-02-12 14:00:00.000000,20,normal
5773,4,93.0,2025-02-12 16:53:45.709351,15,sin intervencion
5774,2,52.0,2025-02-12 17:34:55.220720,14,sin novedad
5775,3,81.0,2025-02-12 19:08:19.615473,13,OK
5776,5,121.0,2025-02-12 20:36:44.459540,17,restablecida sola
5777,1,15.0,2025-02-12 21:08:07.639285,1,PARADA POR FALLA
5778,4,,2025-02-12 22:00:00.000000,21,normal
5779,2,,2025-02-12 22:00:00.000000,20,s/n
5780,5,116.0,2025-02-12 23:08:55.513614,12,OK
5781,5,138.0,2025-02-12 23:59:44.357290,10,DRN OK
5782,1,21.0,2025-02-13 04:31:43.947351,12,ok.
5783,4,89.0,2025-02-13 05:07:16.422888,11,
5784,3,,2025-02-13 06:00:00.000000,20,
5785,4,,2025-02-13 06:00:00.000000,19,ok
5786,5,,2025-02-13 06:00:00.000000,19,ok
5787,2,,2025-02-13 06:00:00.000000,21,normal
5788,3,,2025-02-13 14:00:00.000000,20,normal
5789,4,,2025-02-13 14:00:00.000000,21,
5790,4,111.0,2025-02-13 16:27:07.803466,17,sin intervencion
5791,3,75.0,2025-02-13 18:44:14.950053,11,ok.
5792,5,130.0,2025-02-13 20:16:35.392793,13,purga completa
5793,1,12.0,2025-02-13 20:25:52.098343,1,
5794,1,15.0,2025-02-13 20:39:00.653180,9,arranque normal
5795,4,,2025-02-13 22:00:00.000000,22,s/n
5796,2,,2025-02-14 06:00:00.000000,19,ok
5797,4,,2025-02-14 06:00:00.000000,20,normal
5798,5,138.0,2025-02-14 11:28:21.641128,11,sin novedad
5799,4,85.0,2025-02-14 12:22:29.809736,10,DRN OK
5800,5,,2025-02-14 14:00:00.000000,20,normal
5801,3,,2025-02-14 14:00:00.000000,21,s/n
5802,1,,2025-02-14 14:00:00.000000,21,s/n
5803,3,72.0,2025-02-14 19:26:46.989879,11,purga completa
5804,5,117.0,2025-02-14 19:29:07.154015,16,sin intervencion
5805,5,,2025-02-14 22:00:00.000000,20,ok
5806,1,,2025-02-14 22:00:00.000000,20,ok
5807,3,,2025-02-14 22:00:00.000000,20,ok
5808,2,,2025-02-14 22:00:00.000000,21,
5809,4,97.0,2025-02-15 00:43:08.705100,11,ok.
5810,3,,2025-02-15 06:00:00.000000,22,normal
5811,2,,2025-02-15 06:00:00.000000,19,
5812,4,,2025-02-15 06:00:00.000000,20,ok
5813,5,122.0,2025-02-15 08:39:50.903829,14,sin novedad
5814,1,12.0,2025-02-15 13:01:42.105808,6,
5815,1,3.0,2025-02-15 13:55:15.065634,10,
5816,5,,2025-02-15 14:00:00.000000,19,
5817,1,6.0,2025-02-15 15:21:24.068963,11,purga completa
5818,4,89.0,2025-02-15 17:12:01.106727,11,
5819,2,,2025-02-15 22:00:00.000000,21,ok
5820,5,,2025-02-15 22:00:00.000000,21,s/n
5821,4,,2025-02-15 22:00:00.000000,22,ok
5822,1,24.0,2025-02-16 00:33:03.232301,13,
5823,1,27.0,2025-02-16 00:43:38.204534,1,ver OT
5824,5,,2025-02-16 06:00:00.000000,22,
5825,1,,2025-02-16 06:00:00.000000,19,normal
5826,4,,2025-02-16 14:00:00.000000,19,normal
5827,1,,2025-02-16 14:00:00.000000,22,
5828,1,5.0,2025-02-16 21:26:09.768768,10,
5829,3,,2025-02-16 22:00:00.000000,21,s/n
5830,1,,2025-02-16 22:00:00.000000,19,
5831,4,,2025-02-16 22:00:00.000000,19,s/n
5832,3,70.0,2025-02-17 03:19:21.068108,12,ok.
5833,5,,2025-02-17 05:54:01.197984,28,ver informe adjunto
5834,1,,2025-02-17 06:00:00.000000,20,normal
5835,5,,2025-02-17 06:00:00.000000,19,s/n
5836,3,,2025-02-17 06:00:00.000000,20,ok
5837,4,91.0,2025-02-17 09:34:54.138980,13,purga completa
5838,3,79.0,2025-02-17 11:42:28.318574,10,OK
5839,3,75.0,2025-02-17 11:48:59.731915,17,restablecida sola
5840,1,,2025-02-17 14:00:00.000000,19,normal
5841,5,,2025-02-17 14:00:00.000000,20,
5842,5,130.0,2025-02-17 15:11:19.044192,11,DRN OK
5843,5,118.0,2025-02-17 15:43:45.646092,12,
5844,2,51.0,2025-02-17 18:27:27.119177,18,operador reseteo
5845,2,,2025-02-17 22:00:00.000000,20,s/n
5846,4,,2025-02-17 22:00:00.000000,21,
5847,3,65.0,2025-02-17 22:39:19.190252,11,OK
5848,3,77.0,2025-02-17 23:22:35.086154,16,restablecida sola
5849,1,27.0,2025-02-18 00:58:29.029220,6,
5850,1,4.0,2025-02-18 02:26:44.743851,12,purga completa
5851,2,54.0,2025-02-18 07:56:14.022485,10,sin novedad
5852,1,29.0,2025-02-18 09:05:51.606601,10,DRN OK
5853,2,51.0,2025-02-18 11:07:09.840319,12,purga completa
5854,1,5.0,2025-02-18 12:03:22.418005,13,purga completa
5855,5,123.0,2025-02-18 13:21:21.631536,12,DRN OK
5856,3,,2025-02-18 14:00:00.000000,19,
5857,2,,2025-02-18 14:00:00.000000,22,s/n
5858,5,115.0,2025-02-18 15:30:20.768374,10,DRN OK
5859,2,,2025-02-18 22:00:00.000000,20,normal
5860,1,,2025-02-18 22:00:00.000000,20,s/n
5861,5,142.0,2025-02-18 23:41:04.639373,12,
5862,4,110.0,2025-02-19 00:51:56.387541,18,restablecida sola
5863,4,103.0,2025-02-19 04:34:04.696379,12,
5864,3,71.0,2025-02-19 04:36:59.500132,17,restablecida sola
5865,1,,2025-02-19 06:00:00.000000,20,s/n
5866,4,,2025-02-19 06:00:00.000000,22,s/n
5867,4,108.0,2025-02-19 08:16:22.147300,12,DRN OK
5868,5,142.0,2025-02-19 13:12:34.856979,11,ok.
5869,3,,2025-02-19 14:00:00.000000,19,ok
5870,1,,2025-02-19 14:00:00.000000,22,normal
5871,1,30.0,2025-02-19 14:32:58.626652,18,sin intervencion
5872,1,,2025-02-19 16:34:38.189803,29,ver informe adjunto
5873,1,15.0,2025-02-19 20:01:12.479199,11,
5874,2,,2025-02-19 22:00:00.000000,20,s/n
5875,1,,2025-02-19 22:00:00.000000,22,normal
5876,3,,2025-02-19 22:00:00.000000,22,ok
5877,4,109.0,2025-02-19 22:01:46.774635,14,OK
5878,3,71.0,2025-02-19 22:21:06.181638,11,
5879,4,103.0,2025-02-19 23:08:46.335661,1,por mantenimiento
5880,2,52.0,2025-02-20 04:09:07.945099,12,OK
5881,5,,2025-02-20 06:00:00.000000,19,ok
5882,4,,2025-02-20 06:00:00.000000,22,s/n
5883,2,,2025-02-20 06:00:00.000000,21,s/n
5884,3,,2025-02-20 06:00:00.000000,21,normal
5885,2,41.0,2025-02-20 06:53:42.849064,15,operador reseteo
5886,5,135.0,2025-02-20 07:19:41.406678,17,restablecida sola
5887,3,73.0,2025-02-20 09:44:43.193217,11,
5888,5,117.0,2025-02-20 10:29:36.856316,17,sin intervencion
5889,3,,2025-02-20 14:00:00.000000,22,normal
5890,2,,2025-02-20 14:00:00.000000,22,
5891,1,,2025-02-20 14:00:00.000000,19,normal
5892,5,141.0,2025-02-20 14:03:45.871239,16,sin intervencion
5893,1,11.0,2025-02-20 21:45:30.315792,16,operador reseteo
5894,3,,2025-02-20 22:00:00.000000,22,normal
5895,5,,2025-02-20 22:00:00.000000,22,
5896,2,,2025-02-20 22:00:00.000000,22,
5897,4,,2025-02-20 22:00:00.000000,22,ok
5898,5,132.0,2025-02-21 05:41:19.625585,15,sin intervencion
5899,5,,2025-02-21 06:00:00.000000,20,normal
5900,2,,2025-02-21 06:00:00.000000,22,s/n
5901,4,,2025-02-21 06:00:00.000000,21,
5902,3,,2025-02-21 06:00:00.000000,20,s/n
5903,2,,2025-02-21 14:00:00.000000,19,s/n
5904,4,,2025-02-21 14:00:00.000000,20,s/n
5905,1,,2025-02-21 14:00:00.000000,21,normal
5906,1,20.0,2025-02-21 19:23:28.033136,10,purga completa
5907,3,70.0,2025-02-21 20:56:44.118402,10,ok.
5908,5,,2025-02-21 22:00:00.000000,22,
5909,4,,2025-02-21 22:00:00.000000,22,ok
5910,1,,2025-02-21 22:00:00.000000,21,
5911,3,,2025-02-21 22:00:00.000000,22,s/n
5912,4,103.0,2025-02-21 23:25:59.865462,6,
5913,2,40.0,2025-02-22 05:53:08.514404,13,purga completa
5914,2,,2025-02-22 06:00:00.000000,19,s/n
5915,3,,2025-02-22 06:00:00.000000,20,
5916,3,81.0,2025-02-22 13:54:18.486957,3,
5917,5,,2025-02-22 14:00:00.000000,21,normal
5918,2,,2025-02-22 14:00:00.000000,20,s/n
5919,3,,2025-02-22 14:00:00.000000,22,
5920,4,,2025-02-22 14:00:00.000000,20,s/n
5921,3,81.0,2025-02-22 16:51:54.480503,7,arranque normal
5922,2,48.0,2025-02-22 20:50:33.909847,11,OK
5923,5,,2025-02-22 22:00:00.000000,22,s/n
5924,2,,2025-02-22 22:00:00.000000,21,s/n
5925,2,44.0,2025-02-23 04:35:24.919355,18,sin intervencion
5926,2,,2025-02-23 06:00:00.000000,22,ok
5927,3,,2025-02-23 06:00:00.000000,19,normal
5928,1,,2025-02-23 06:00:00.000000,19,s/n
5929,3,73.0,2025-02-23 06:47:27.212534,15,sin intervencion
5930,1,36.0,2025-02-23 07:52:34.743011,12,OK
5931,2,44.0,2025-02-23 11:12:31.862123,11,DRN OK
5932,1,,2025-02-23 14:00:00.000000,19,s/n
5933,1,15.0,2025-02-23 15:26:59.090618,3,
5934,1,15.0,2025-02-23 17:54:33.517397,8,reanuda produccion
5935,4,97.0,2025-02-23 19:27:48.739321,11,DRN OK
5936,3,76.0,2025-02-23 20:24:15.530732,2,ver OT
5937,5,,2025-02-23 22:00:00.000000,20,ok
5938,1,,2025-02-23 22:00:00.000000,22,ok
5939,4,,2025-02-23 22:00:00.000000,20,s/n
5940,3,,2025-02-23 22:00:00.000000,20,s/n
5941,4,87.0,2025-02-24 00:55:12.089116,17,restablecida sola
5942,3,71.0,2025-02-24 01:27:54.741110,13,purga completa
5943,4,,2025-02-24 02:48:45.246988,28,ver informe adjunto
5944,4,,2025-02-24 06:00:00.000000,19,s/n
5945,2,,2025-02-24 06:00:00.000000,20,s/n
5946,1,,2025-02-24 06:00:00.000000,19,normal
5947,5,,2025-02-24 09:18:36.408923,25,aviso proveedor externo
5948,3,64.0,2025-02-24 09:57:32.427163,13,OK
5949,2,53.0,2025-02-24 12:56:09.276416,10,
5950,2,,2025-02-24 14:00:00.000000,21,ok
5951,3,76.0,2025-02-24 17:22:52.441104,8,arranque normal
5952,3,80.0,2025-02-24 19:09:05.513079,10,sin novedad
5953,3,,2025-02-24 22:00:00.000000,22,s/n
5954,2,,2025-02-24 22:00:00.000000,20,ok
5955,4,,2025-02-24 22:00:00.000000,20,s/n
5956,2,52.0,2025-02-24 22:18:26.033802,13,purga completa
5957,3,,2025-02-25 02:34:13.185848,28,aviso proveedor externo
5958,2,48.0,2025-02-25 02:34:41.910824,14,purga completa
5959,4,98.0,2025-02-25 03:07:13.275687,12,sin novedad
5960,2,52.0,2025-02-25 03:48:18.552526,13,OK
5961,5,,2025-02-25 06:00:00.000000,20,normal
5962,4,,2025-02-25 06:00:00.000000,22,ok
5963,2,48.0,2025-02-25 08:35:49.077048,12,OK
5964,3,,2025-02-25 14:00:00.000000,19,normal
5965,4,,2025-02-25 14:00:00.000000,21,ok
5966,3,77.0,2025-02-25 15:23:11.479061,12,purga completa
5967,1,,2025-02-25 22:00:00.000000,20,s/n
5968,2,,2025-02-25 22:00:00.000000,19,s/n
5969,3,68.0,2025-02-26 03:01:49.104855,15,sin intervencion
5970,2,44.0,2025-02-26 05:57:04.162736,18,restablecida sola
5971,4,,2025-02-26 06:00:00.000000,22,s/n
5972,2,,2025-02-26 06:00:00.000000,20,s/n
5973,3,68.0,2025-02-26 09:39:40.902779,13,DRN OK
5974,1,35.0,2025-02-26 11:56:58.961290,11,sin novedad
5975,2,,2025-02-26 14:00:00.000000,21,ok
5976,1,,2025-02-26 14:00:00.000000,21,normal
5977,4,99.0,2025-02-26 20:23:50.493404,15,restablecida sola
5978,3,68.0,2025-02-26 20:40:57.734173,10,ok.
5979,2,,2025-02-26 22:00:00.000000,20,ok
5980,4,,2025-02-26 22:00:00.000000,21,
5981,1,6.0,2025-02-27 03:47:44.854783,14,purga completa
5982,4,109.0,2025-02-27 04:50:06.563279,12,OK
5983,5,,2025-02-27 06:00:00.000000,20,
5984,1,5.0,2025-02-27 06:58:48.507100,12,OK
5985,2,52.0,2025-02-27 12:36:18.727773,11,ok.
5986,5,,2025-02-27 14:00:00.000000,22,s/n
5987,4,87.0,2025-02-27 14:06:23.326331,10,DRN OK
5988,1,,2025-02-27 14:43:28.234504,27,ver informe adjunto
5989,3,72.0,2025-02-27 18:45:17.024769,13,
5990,2,,2025-02-27 22:00:00.000000,19,ok
5991,5,,2025-02-27 22:00:00.000000,19,ok
5992,5,122.0,2025-02-28 01:23:44.576164,14,ok.
5993,1,35.0,2025-02-28 02:19:21.200390,10,purga completa
5994,5,115.0,2025-02-28 03:50:01.569665,12,ok.
5995,3,,2025-02-28 06:00:00.000000,21,s/n
5996,1,,2025-02-28 06:00:00.000000,20,normal
5997,2,,2025-02-28 08:35:33.301937,26,
5998,4,107.0,2025-02-28 09:32:51.271594,14,sin novedad
5999,1,5.0,2025-02-28 10:12:28.636388,17,operador reseteo
6000,1,15.0,2025-02-28 12:05:12.966124,3,ver OT
6001,3,,2025-02-28 14:00:00.000000,21,ok
6002,1,,2025-02-28 14:00:00.000000,20,normal
6003,1,15.0,2025-02-28 15:25:45.349848,6,reanuda produccion
6004,4,,2025-02-28 22:00:00.000000,19,
6005,2,,2025-02-28 22:00:00.000000,20,ok
6006,5,,2025-03-01 02:58:05.228147,27,ver informe adjunto
6007,5,145.0,2025-03-01 05:18:46.517424,11,
6008,2,,2025-03-01 06:00:00.000000,21,ok
6009,5,,2025-03-01 06:00:00.000000,21,ok
6010,1,18.0,2025-03-01 06:09:49.625166,10,purga completa
6011,5,146.0,2025-03-01 09:17:12.990324,14,
6012,1,18.0,2025-03-01 10:40:19.702690,14,
6013,5,141.0,2025-03-01 11:33:08.839638,14,OK
6014,2,51.0,2025-03-01 12:26:44.730391,10,ok.
6015,5,,2025-03-01 14:00:00.000000,19,s/n
6016,3,,2025-03-01 14:00:00.000000,22,normal
6017,5,133.0,2025-03-01 14:58:59.049928,17,sin intervencion
6018,2,44.0,2025-03-01 15:57:19.597488,13,
6019,2,61.0,2025-03-01 21:49:20.342774,15,sin intervencion
6020,5,,2025-03-01 22:00:00.000000,21,
6021,1,,2025-03-01 22:00:00.000000,21,ok
6022,2,,2025-03-01 22:00:00.000000,22,normal
6023,4,,2025-03-01 22:00:00.000000,21,
6024,1,36.0,2025-03-01 22:36:36.511820,16,restablecida sola
6025,3,71.0,2025-03-02 00:23:03.050166,12,
6026,2,53.0,2025-03-02 05:56:58.459216,13,
6027,4,,2025-03-02 06:00:00.000000,22,normal
6028,1,,2025-03-02 06:00:00.000000,20,s/n
6029,2,,2025-03-02 06:00:00.000000,21,
6030,1,35.0,2025-03-02 09:44:12.113659,18,operador reseteo
6031,3,,2025-03-02 14:00:00.000000,19,
6032,4,,2025-03-02 14:00:00.000000,20,normal
6033,5,,2025-03-02 14:00:00.000000,22,
6034,1,,2025-03-02 14:00:00.000000,19,normal
6035,5,135.0,2025-03-02 20:28:05.491959,13,OK
6036,4,85.0,2025-03-02 21:15:12.397911,11,DRN OK
6037,2,,2025-03-02 22:00:00.000000,22,s/n
6038,4,,2025-03-02 22:00:00.000000,21,normal
6039,5,,2025-03-02 22:00:00.000000,20,s/n
6040,3,,2025-03-02 22:00:00.000000,21,
6041,1,,2025-03-03 00:11:14.771011,29,
6042,1,,2025-03-03 06:00:00.000000,20,normal
6043,5,,2025-03-03 06:00:00.000000,21,ok
6044,4,99.0,2025-03-03 12:18:50.524254,10,DRN OK
6045,4,,2025-03-03 14:00:00.000000,21,
6046,3,63.0,2025-03-03 15:56:52.378029,11,sin novedad
6047,2,39.0,2025-03-03 17:18:31.858308,10,sin novedad
6048,4,96.0,2025-03-03 17:49:16.515507,12,
6049,4,91.0,2025-03-03 18:08:52.519196,12,OK
6050,5,,2025-03-03 22:00:00.000000,19,s/n
6051,3,,2025-03-03 22:00:00.000000,21,s/n
6052,1,,2025-03-03 22:00:00.000000,20,s/n
6053,4,,2025-03-03 22:00:00.000000,22,ok
6054,3,72.0,2025-03-03 22:19:15.232573,14,
6055,5,118.0,2025-03-04 01:22:02.608427,13,sin novedad
6056,5,,2025-03-04 06:00:00.000000,22,
6057,2,,2025-03-04 06:00:00.000000,22,
6058,3,,2025-03-04 06:00:00.000000,22,normal
6059,4,92.0,2025-03-04 07:14:02.434679,11,purga completa
6060,3,75.0,2025-03-04 08:40:46.895809,12,OK
6061,3,71.0,2025-03-04 13:56:13.490954,11,sin novedad
6062,3,,2025-03-04 14:00:00.000000,22,s/n
6063,4,,2025-03-04 14:00:00.000000,21,ok
6064,4,97.0,2025-03-04 15:32:40.390726,11,purga completa
6065,4,102.0,2025-03-04 15:33:52.350865,16,restablecida sola
6066,5,138.0,2025-03-04 17:17:40.296100,14,DRN OK
6067,1,4.0,2025-03-04 21:08:14.390234,14,sin novedad
6068,5,135.0,2025-03-04 21:36:53.355201,12,ok.
6069,2,,2025-03-04 22:00:00.000000,21,ok
6070,5,,2025-03-04 22:00:00.000000,21,s/n
6071,4,,2025-03-04 22:00:00.000000,21,normal
6072,5,117.0,2025-03-05 01:03:21.779674,10,sin novedad
6073,2,47.0,2025-03-05 01:08:14.314564,13,
6074,2,55.0,2025-03-05 04:13:08.408286,13,purga completa
6075,1,,2025-03-05 06:00:00.000000,20,normal
6076,3,70.0,2025-03-05 07:40:42.634422,10,ok.
6077,1,18.0,2025-03-05 07:50:49.963640,11,OK
6078,5,138.0,2025-03-05 13:11:19.002631,14,sin novedad
6079,2,,2025-03-05 14:00:00.000000,19,
6080,5,132.0,2025-03-05 14:14:06.841744,11,OK
6081,2,56.0,2025-03-05 16:04:27.777855,13,DRN OK
6082,3,68.0,2025-03-05 18:09:58.101946,14,sin novedad
6083,1,,2025-03-05 22:00:00.000000,21,ok
6084,3,,2025-03-05 22:00:00.000000,21,normal
6085,2,,2025-03-05 22:00:00.000000,21,ok
6086,4,,2025-03-05 22:00:00.000000,20,normal
6087,3,69.0,2025-03-06 02:48:21.489652,18,sin intervencion
6088,1,,2025-03-06 06:00:00.000000,22,normal
6089,1,,2025-03-06 14:00:00.000000,21,s/n
6090,2,46.0,2025-03-06 15:59:30.977973,4,PARADA POR FALLA
6091,2,51.0,2025-03-06 16:26:34.699506,14,sin novedad
6092,1,8.0,2025-03-06 17:19:07.964186,12,sin novedad
6093,5,135.0,2025-03-06 18:19:46.404245,14,OK
6094,2,46.0,2025-03-06 18:47:41.953037,8,OK
6095,2,,2025-03-06 22:00:00.000000,22,normal
6096,1,,2025-03-06 22:00:00.000000,20,ok
6097,3,70.0,2025-03-06 23:22:02.906533,11,ok.
6098,5,116.0,2025-03-06 23:25:05.184174,12,ok.
6099,1,,2025-03-07 06:00:00.000000,22,s/n
6100,2,,2025-03-07 06:00:00.000000,19,
6101,4,,2025-03-07 06:00:00.000000,21,normal
6102,5,,2025-03-07 06:00:00.000000,19,ok
6103,1,,2025-03-07 14:00:00.000000,21,normal
6104,2,,2025-03-07 14:00:00.000000,21,
6105,3,,2025-03-07 14:00:00.000000,20,normal
6106,4,,2025-03-07 14:00:00.000000,19,ok
6107,4,99.0,2025-03-07 18:48:58.119551,2,PARADA POR FALLA
6108,1,32.0,2025-03-07 19:34:09.913081,16,sin intervencion
6109,2,59.0,2025-03-07 19:52:10.839133,11,DRN OK
6110,5,,2025-03-07 21:53:49.935368,29,
6111,1,,2025-03-07 22:00:00.000000,21,
6112,2,51.0,2025-03-08 02:30:21.767289,15,operador reseteo
6113,4,112.0,2025-03-08 03:30:02.836311,5,ver OT
6114,1,31.0,2025-03-08 03:53:04.579002,12,
6115,2,52.0,2025-03-08 05:48:13.149967,15,operador reseteo
6116,4,,2025-03-08 06:00:00.000000,22,
6117,4,104.0,2025-03-08 06:45:02.391923,10,purga completa
6118,5,123.0,2025-03-08 08:31:11.534082,17,sin intervencion
6119,2,54.0,2025-03-08 11:44:01.713538,18,operador reseteo
6120,3,,2025-03-08 14:00:00.000000,22,
6121,5,,2025-03-08 14:00:00.000000,19,
6122,1,,2025-03-08 14:00:00.000000,22,ok
6123,2,,2025-03-08 14:09:42.644143,26,ver informe adjunto
6124,1,,2025-03-08 17:20:03.756530,25,aviso proveedor externo
6125,4,107.0,2025-03-08 21:13:22.400909,13,ok.
6126,2,46.0,2025-03-08 21:38:32.123863,11,ok.
6127,2,,2025-03-08 22:00:00.000000,20,normal
6128,1,,2025-03-09 06:00:00.000000,21,s/n
6129,4,,2025-03-09 06:00:00.000000,21,s/n
6130,2,,2025-03-09 06:00:00.000000,21,
6131,4,102.0,2025-03-09 10:34:02.686953,13,
6132,2,42.0,2025-03-09 11:55:49.920692,11,purga completa
6133,1,2.0,2025-03-09 13:31:54.510953,18,operador reseteo
6134,5,,2025-03-09 14:00:00.000000,19,s/n
6135,2,,2025-03-09 14:00:00.000000,20,normal
6136,4,99.0,2025-03-09 14:32:57.134988,7,OK
6137,5,131.0,2025-03-09 17:42:16.795043,17,operador reseteo
6138,1,,2025-03-09 22:00:00.000000,19,ok
6139,3,,2025-03-09 22:00:00.000000,20,ok
6140,2,,2025-03-09 22:00:00.000000,19,normal
6141,1,27.0,2025-03-10 00:06:14.546298,14,
6142,4,112.0,2025-03-10 00:54:50.982945,9,arranque normal
6143,1,,2025-03-10 06:00:00.000000,21,s/n
6144,2,,2025-03-10 06:00:00.000000,19,normal
6145,4,,2025-03-10 06:00:00.000000,22,s/n
6146,4,103.0,2025-03-10 08:26:19.602952,16,operador reseteo
6147,1,37.0,2025-03-10 10:42:11.856524,12,OK
6148,2,52.0,2025-03-10 10:52:23.521288,12,sin novedad
6149,5,124.0,2025-03-10 11:44:20.343397,12,sin novedad
6150,3,,2025-03-10 14:00:00.000000,19,s/n
6151,1,4.0,2025-03-10 14:48:53.058449,14,DRN OK
6152,5,122.0,2025-03-10 15:14:31.902732,12,sin novedad
6153,1,7.0,2025-03-10 19:24:13.800767,13,ok.
6154,4,,2025-03-10 22:00:00.000000,20,
6155,5,,2025-03-10 22:00:00.000000,19,s/n
6156,1,30.0,2025-03-10 23:39:11.171579,12,purga completa
6157,5,,2025-03-11 06:00:00.000000,22,
6158,4,,2025-03-11 06:00:00.000000,22,
6159,2,,2025-03-11 06:00:00.000000,22,
6160,3,80.0,2025-03-11 06:42:06.839415,15,operador reseteo
6161,2,47.0,2025-03-11 07:48:34.203872,14,
6162,5,117.0,2025-03-11 08:42:40.654382,17,restablecida sola
6163,2,,2025-03-11 14:00:00.000000,20,normal
6164,3,,2025-03-11 14:00:00.000000,22,normal
6165,2,41.0,2025-03-11 14:46:26.237915,17,restablecida sola
6166,5,122.0,2025-03-11 17:05:00.389850,10,purga completa
6167,5,145.0,2025-03-11 19:42:57.286816,11,ok.
6168,1,27.0,2025-03-11 19:50:34.164439,16,operador reseteo
6169,4,83.0,2025-03-11 20:12:22.345755,17,sin intervencion
6170,2,,2025-03-11 22:00:00.000000,19,ok
6171,1,,2025-03-11 22:00:00.000000,22,ok
6172,3,65.0,2025-03-12 00:14:14.012442,11,sin novedad
6173,3,,2025-03-12 06:00:00.000000,22,ok
6174,2,,2025-03-12 06:00:00.000000,21,ok
6175,5,,2025-03-12 22:00:00.000000,22,
6176,4,,2025-03-12 22:00:00.000000,19,s/n
6177,2,42.0,2025-03-13 02:46:39.588634,13,
6178,1,19.0,2025-03-13 05:02:33.815549,13,purga completa
6179,2,51.0,2025-03-13 05:13:11.087579,10,sin novedad
6180,5,,2025-03-13 06:00:00.000000,19,normal
6181,1,,2025-03-13 06:00:00.000000,22,ok
6182,4,92.0,2025-03-13 07:25:34.821596,1,por mantenimiento
6183,1,,2025-03-13 08:07:13.098123,27,
6184,4,92.0,2025-03-13 10:48:37.925434,6,arranque normal
6185,1,3.0,2025-03-13 11:58:33.455114,17,restablecida sola
6186,4,84.0,2025-03-13 13:55:55.368261,14,DRN OK
6187,3,,2025-03-13 14:00:00.000000,20,normal
6188,1,,2025-03-13 14:00:00.000000,22,ok
6189,5,,2025-03-13 22:00:00.000000,20,s/n
6190,2,,2025-03-13 22:00:00.000000,20,normal
6191,2,49.0,2025-03-13 23:23:37.854660,17,operador reseteo
6192,4,89.0,2025-03-14 00:10:36.293971,11,sin novedad
6193,5,,2025-03-14 06:00:00.000000,22,ok
6194,2,,2025-03-14 06:00:00.000000,20,s/n
6195,4,,2025-03-14 06:00:00.000000,19,s/n
6196,5,138.0,2025-03-14 07:44:19.784462,17,operador reseteo
6197,4,,2025-03-14 14:00:00.000000,19,s/n
6198,3,,2025-03-14 14:00:00.000000,21,s/n
6199,1,,2025-03-14 14:00:00.000000,21,ok
6200,5,145.0,2025-03-14 14:05:22.152502,13,
6201,3,71.0,2025-03-14 18:18:55.809422,16,sin intervencion
6202,3,80.0,2025-03-14 19:16:42.013739,15,operador reseteo
6203,4,98.0,2025-03-14 19:29:25.627226,13,OK
6204,1,12.0,2025-03-14 20:29:47.266517,12,DRN OK
6205,4,,2025-03-14 22:00:00.000000,22,normal
6206,1,,2025-03-14 22:00:00.000000,20,s/n
6207,3,,2025-03-14 22:00:00.000000,20,ok
6208,5,,2025-03-14 22:00:00.000000,21,ok
6209,5,126.0,2025-03-14 22:21:28.164007,13,
6210,2,53.0,2025-03-15 02:20:45.805680,10,OK
6211,1,,2025-03-15 06:00:00.000000,21,normal
6212,5,,2025-03-15 06:00:00.000000,22,normal
6213,5,124.0,2025-03-15 08:18:34.942084,15,restablecida sola
6214,5,,2025-03-15 14:00:00.000000,19,
6215,3,,2025-03-15 14:00:00.000000,22,ok
6216,2,,2025-03-15 14:00:00.000000,22,ok
6217,4,,2025-03-15 14:00:00.000000,19,normal
6218,5,117.0,2025-03-15 18:12:15.039866,12,ok.
6219,3,,2025-03-15 22:00:00.000000,22,s/n
6220,5,,2025-03-15 22:00:00.000000,19,ok
6221,1,,2025-03-15 22:00:00.000000,22,
6222,2,,2025-03-16 06:00:00.000000,20,
6223,4,,2025-03-16 06:00:00.000000,21,normal
6224,1,,2025-03-16 06:00:00.000000,19,normal
6225,4,88.0,2025-03-16 07:12:35.724238,13,
6226,1,11.0,2025-03-16 08:43:14.897207,12,sin novedad
6227,2,61.0,2025-03-16 08:57:10.591323,2,PARADA POR FALLA
6228,5,,2025-03-16 10:54:02.223314,27,aviso proveedor externo
6229,1,,2025-03-16 14:00:00.000000,22,normal
6230,2,,2025-03-16 14:00:00.000000,19,normal
6231,2,61.0,2025-03-16 14:17:05.186328,8,arranque normal
6232,2,60.0,2025-03-16 14:44:13.784066,12,OK
6233,1,27.0,2025-03-16 15:33:44.895311,18,restablecida sola
6234,5,116.0,2025-03-16 16:14:05.015087,13,OK
6235,1,,2025-03-16 22:00:00.000000,20,ok
6236,5,,2025-03-16 22:00:00.000000,21,normal
6237,5,132.0,2025-03-17 00:35:40.080725,10,DRN OK
6238,2,48.0,2025-03-17 00:59:24.444100,11,
6239,1,,2025-03-17 06:00:00.000000,22,ok
6240,2,,2025-03-17 06:00:00.000000,20,
6241,5,,2025-03-17 06:00:00.000000,22,
6242,1,11.0,2025-03-17 06:02:27.223958,10,OK
6243,3,,2025-03-17 14:00:00.000000,21,
6244,2,,2025-03-17 14:00:00.000000,20,normal
6245,4,91.0,2025-03-17 16:23:06.111768,12,purga completa
6246,4,,2025-03-17 17:20:38.310594,29,aviso proveedor externo
6247,1,,2025-03-17 22:00:00.000000,19,
6248,4,,2025-03-17 22:00:00.000000,20,normal
6249,3,,2025-03-18 06:00:00.000000,20,
6250,4,,2025-03-18 06:00:00.000000,22,s/n
6251,4,97.0,2025-03-18 06:52:41.474671,16,sin intervencion
6252,5,145.0,2025-03-18 09:51:16.220441,15,sin intervencion
6253,5,134.0,2025-03-18 10:28:12.730927,14,
6254,4,,2025-03-18 14:00:00.000000,20,ok
6255,5,141.0,2025-03-18 17:55:10.913391,12,ok.
6256,3,80.0,2025-03-18 21:32:31.727735,11,sin novedad
6257,4,,2025-03-18 22:00:00.000000,22,s/n
6258,1,,2025-03-18 22:00:00.000000,20,normal
6259,2,,2025-03-18 22:00:00.000000,22,normal
6260,1,27.0,2025-03-18 22:09:49.859977,10,DRN OK
6261,3,81.0,2025-03-18 22:55:29.057628,12,DRN OK
6262,1,2.0,2025-03-19 00:31:21.111222,10,
6263,2,59.0,2025-03-19 01:55:09.451822,14,
6264,5,144.0,2025-03-19 02:02:50.492943,17,sin intervencion
6265,4,107.0,2025-03-19 02:41:07.833999,11,OK
6266,3,72.0,2025-03-19 03:15:39.090648,15,operador reseteo
6267,4,103.0,2025-03-19 03:16:43.917239,15,sin intervencion
6268,2,,2025-03-19 06:00:00.000000,21,
6269,4,,2025-03-19 06:00:00.000000,19,
6270,1,8.0,2025-03-19 06:29:36.677070,16,operador reseteo
6271,1,15.0,2025-03-19 09:36:24.011377,12,sin novedad
6272,4,102.0,2025-03-19 12:43:15.774172,14,DRN OK
6273,2,57.0,2025-03-19 13:54:38.666363,15,sin intervencion
6274,1,,2025-03-19 14:00:00.000000,21,normal
6275,5,,2025-03-19 14:00:00.000000,19,normal
6276,3,,2025-03-19 14:00:00.000000,20,
6277,5,146.0,2025-03-19 14:37:07.109437,2,por mantenimiento
6278,3,75.0,2025-03-19 15:03:55.883258,13,
6279,3,75.0,2025-03-19 15:08:27.287335,12,OK
6280,5,146.0,2025-03-19 16:28:18.109675,8,OK
6281,4,107.0,2025-03-19 16:41:58.356781,13,OK
6282,2,61.0,2025-03-19 17:24:51.631767,14,sin novedad
6283,2,48.0,2025-03-19 17:47:07.260412,10,OK
6284,4,92.0,2025-03-19 19:46:51.395419,13,OK
6285,4,110.0,2025-03-19 19:47:13.496420,10,ok.
6286,1,30.0,2025-03-19 21:09:36.587956,17,sin intervencion
6287,3,,2025-03-19 22:00:00.000000,21,ok
6288,2,,2025-03-19 22:00:00.000000,22,normal
6289,1,2.0,2025-03-19 23:34:38.183446,16,sin intervencion
6290,2,48.0,2025-03-20 04:06:43.662243,13,
6291,1,,2025-03-20 06:00:00.000000,20,
6292,5,,2025-03-20 06:00:00.000000,19,
6293,2,,2025-03-20 06:00:00.000000,22,s/n
6294,1,31.0,2025-03-20 08:54:30.080738,18,sin intervencion
6295,1,18.0,2025-03-20 09:41:25.038637,13,sin novedad
6296,4,104.0,2025-03-20 10:24:08.560005,14,
6297,5,135.0,2025-03-20 11:22:16.932887,10,OK
6298,1,,2025-03-20 14:00:00.000000,20,normal
6299,3,,2025-03-20 14:00:00.000000,22,
6300,5,,2025-03-20 14:00:00.000000,19,ok
6301,4,,2025-03-20 22:00:00.000000,20,
6302,1,29.0,2025-03-20 22:50:11.318887,10,sin novedad
6303,3,71.0,2025-03-21 01:51:37.509816,16,operador reseteo
6304,2,61.0,2025-03-21 03:02:17.104436,11,OK
6305,2,,2025-03-21 06:00:00.000000,21,normal
6306,4,,2025-03-21 06:00:00.000000,20,s/n
6307,3,,2025-03-21 06:00:00.000000,22,ok
6308,1,,2025-03-21 06:00:00.000000,22,normal
6309,3,,2025-03-21 14:00:00.000000,19,normal
6310,4,,2025-03-21 14:00:00.000000,21,
6311,2,,2025-03-21 14:00:00.000000,21,ok
6312,5,,2025-03-21 14:00:00.000000,20,ok
6313,4,,2025-03-21 22:00:00.000000,20,
6314,1,,2025-03-21 22:00:00.000000,21,
6315,1,6.0,2025-03-21 22:36:51.747116,11,
6316,2,,2025-03-22 06:00:00.000000,21,ok
6317,5,,2025-03-22 06:00:00.000000,20,normal
6318,4,103.0,2025-03-22 06:54:30.830411,12,OK
6319,4,104.0,2025-03-22 07:54:15.960692,11,
6320,2,41.0,2025-03-22 10:46:00.792852,15,restablecida sola
6321,3,,2025-03-22 14:00:00.000000,22,s/n
6322,2,,2025-03-22 14:00:00.000000,20,s/n
6323,5,,2025-03-22 14:00:00.000000,21,normal
6324,1,,2025-03-22 14:00:00.000000,22,normal
6325,2,48.0,2025-03-22 14:02:30.699894,14,purga completa
6326,1,7.0,2025-03-22 14:34:52.314657,2,PARADA POR FALLA
6327,5,,2025-03-22 22:00:00.000000,19,
6328,1,,2025-03-22 22:00:00.000000,19,ok
6329,2,40.0,2025-03-22 23:39:06.371247,12,OK
6330,1,,2025-03-23 06:00:00.000000,20,
6331,5,,2025-03-23 06:00:00.000000,19,normal
6332,3,,2025-03-23 06:00:00.000000,22,
6333,3,77.0,2025-03-23 06:55:57.007908,10,
6334,2,,2025-03-23 14:00:00.000000,20,ok
6335,4,,2025-03-23 14:00:00.000000,22,normal
6336,1,7.0,2025-03-23 14:48:01.907816,6,OK
6337,2,45.0,2025-03-23 19:25:48.821617,10,OK
6338,4,,2025-03-23 19:33:00.239428,29,ver informe adjunto
6339,4,,2025-03-23 22:00:00.000000,19,ok
6340,3,,2025-03-23 22:00:00.000000,22,normal
6341,5,,2025-03-23 22:00:00.000000,19,normal
6342,4,92.0,2025-03-23 23:05:58.480437,15,restablecida sola
6343,1,6.0,2025-03-24 00:05:12.284834,16,restablecida sola
6344,2,42.0,2025-03-24 00:14:43.721963,13,purga completa
6345,4,,2025-03-24 06:00:00.000000,19,normal
6346,5,,2025-03-24 06:00:00.000000,22,s/n
6347,1,,2025-03-24 06:00:00.000000,22,ok
6348,3,68.0,2025-03-24 07:59:29.980917,18,operador reseteo
6349,3,64.0,2025-03-24 08:28:11.664657,10,
6350,5,116.0,2025-03-24 09:40:16.679327,4,por mantenimiento
6351,1,19.0,2025-03-24 10:37:10.995724,5,ver OT
6352,2,,2025-03-24 14:00:00.000000,21,normal
6353,5,,2025-03-24 14:00:00.000000,22,ok
6354,3,,2025-03-24 14:00:00.000000,21,normal
6355,4,,2025-03-24 14:00:00.000000,21,s/n
6356,1,19.0,2025-03-24 14:34:46.215040,7,OK
6357,5,116.0,2025-03-24 14:50:54.399685,7,
6358,2,42.0,2025-03-24 18:49:18.389486,12,OK
6359,5,,2025-03-24 19:09:05.385750,23,
6360,2,49.0,2025-03-24 20:51:36.104947,12,purga completa
6361,4,,2025-03-24 22:00:00.000000,22,
6362,3,65.0,2025-03-24 22:41:51.449581,13,ok.
6363,5,122.0,2025-03-25 03:49:28.808109,13,purga completa
6364,5,123.0,2025-03-25 05:50:51.192857,12,ok.
6365,5,,2025-03-25 06:00:00.000000,22,s/n
6366,3,,2025-03-25 06:00:00.000000,22,s/n
6367,1,,2025-03-25 06:00:00.000000,21,s/n
6368,2,51.0,2025-03-25 08:02:39.413898,11,ok.
6369,5,114.0,2025-03-25 09:29:08.999883,11,purga completa
6370,3,72.0,2025-03-25 12:51:42.305751,13,OK
6371,4,84.0,2025-03-25 12:52:24.613500,17,sin intervencion
6372,3,,2025-03-25 14:00:00.000000,20,normal
6373,2,,2025-03-25 14:00:00.000000,19,normal
6374,1,,2025-03-25 14:00:00.000000,22,
6375,5,,2025-03-25 14:00:00.000000,19,ok
6376,1,25.0,2025-03-25 14:16:33.896772,18,operador reseteo
6377,3,66.0,2025-03-25 17:31:11.860020,11,purga completa
6378,3,,2025-03-25 22:00:00.000000,20,ok
6379,5,,2025-03-25 22:00:00.000000,20,
6380,2,60.0,2025-03-26 04:05:56.665369,13,OK
6381,1,,2025-03-26 06:00:00.000000,22,normal
6382,5,,2025-03-26 06:00:00.000000,22,normal
6383,1,15.0,2025-03-26 09:54:25.777515,14,sin novedad
6384,5,121.0,2025-03-26 11:01:10.356243,10,purga completa
6385,2,,2025-03-26 14:00:00.000000,19,normal
6386,5,,2025-03-26 14:00:00.000000,19,ok
6387,4,,2025-03-26 14:00:00.000000,21,
6388,2,,2025-03-26 22:00:00.000000,20,normal
6389,5,,2025-03-26 22:00:00.000000,22,
6390,3,,2025-03-26 22:00:00.000000,22,ok
6391,2,56.0,2025-03-26 22:50:49.163143,15,restablecida sola
6392,5,139.0,2025-03-26 23:09:14.370977,13,ok.
6393,4,110.0,2025-03-27 03:38:30.365630,12,purga completa
6394,5,116.0,2025-03-27 04:13:11.379683,15,operador reseteo
6395,1,,2025-03-27 06:00:00.000000,20,ok
6396,4,,2025-03-27 06:00:00.000000,22,s/n
6397,5,118.0,2025-03-27 07:46:03.661927,11,purga completa
6398,1,20.0,2025-03-27 09:07:00.029880,16,restablecida sola
6399,4,100.0,2025-03-27 13:59:25.299905,1,PARADA POR FALLA
6400,4,,2025-03-27 14:00:00.000000,22,normal
6401,1,,2025-03-27 14:00:00.000000,20,normal
6402,5,,2025-03-27 14:00:00.000000,21,normal
6403,1,,2025-03-27 17:54:59.761035,25,
6404,4,100.0,2025-03-27 19:57:35.170228,6,OK
6405,1,,2025-03-27 22:00:00.000000,19,ok
6406,5,,2025-03-27 22:00:00.000000,20,
6407,3,,2025-03-27 22:00:00.000000,19,s/n
6408,2,,2025-03-27 22:00:00.000000,22,
6409,3,,2025-03-28 00:49:09.638313,29,aviso proveedor externo
6410,4,,2025-03-28 06:00:00.000000,19,ok
6411,5,,2025-03-28 06:00:00.000000,22,
6412,1,,2025-03-28 06:00:00.000000,19,s/n
6413,2,,2025-03-28 06:00:00.000000,20,normal
6414,1,37.0,2025-03-28 07:37:59.532764,10,ok.
6415,1,25.0,2025-03-28 09:23:45.933737,11,purga completa
6416,4,,2025-03-28 14:00:00.000000,22,normal
6417,2,,2025-03-28 14:00:00.000000,22,normal
6418,2,,2025-03-28 15:02:12.989833,23,
6419,1,,2025-03-28 22:00:00.000000,21,s/n
6420,2,,2025-03-28 22:00:00.000000,22,normal
6421,3,,2025-03-28 22:00:00.000000,20,s/n
6422,5,,2025-03-28 22:00:00.000000,19,normal
6423,4,93.0,2025-03-28 23:12:49.976180,13,OK
6424,2,49.0,2025-03-29 01:27:10.145656,10,sin novedad
6425,5,,2025-03-29 06:00:00.000000,20,normal
6426,1,,2025-03-29 06:00:00.000000,21,s/n
6427,3,,2025-03-29 06:00:00.000000,19,normal
6428,2,44.0,2025-03-29 06:53:58.457449,14,ok.
6429,4,84.0,2025-03-29 12:29:56.079358,12,ok.
6430,3,71.0,2025-03-29 13:29:09.564325,12,
6431,5,,2025-03-29 14:00:00.000000,22,s/n
6432,3,63.0,2025-03-29 14:45:34.087904,11,
6433,2,56.0,2025-03-29 15:17:42.677288,17,sin intervencion
6434,2,42.0,2025-03-29 18:41:06.331891,14,purga completa
6435,2,53.0,2025-03-29 20:58:28.798096,18,operador reseteo
6436,2,,2025-03-29 22:00:00.000000,21,normal
6437,4,,2025-03-29 22:00:00.000000,20,normal
6438,1,,2025-03-29 22:00:00.000000,22,normal
6439,3,,2025-03-29 22:00:00.000000,21,
6440,2,55.0,2025-03-30 01:07:13.116195,10,
6441,4,109.0,2025-03-30 02:03:05.424010,11,
6442,2,40.0,2025-03-30 04:00:26.036792,18,restablecida sola
6443,3,69.0,2025-03-30 04:02:37.467520,14,OK
6444,1,,2025-03-30 06:00:00.000000,20,normal
6445,3,,2025-03-30 06:00:00.000000,22,normal
6446,4,,2025-03-30 06:00:00.000000,20,normal
6447,2,,2025-03-30 06:00:00.000000,22,ok
6448,5,139.0,2025-03-30 07:23:30.354493,11,DRN OK
6449,1,,2025-03-30 14:00:00.000000,19,normal
6450,2,,2025-03-30 14:00:00.000000,20,normal
6451,4,,2025-03-30 14:00:00.000000,20,
6452,5,,2025-03-30 14:00:00.000000,19,
6453,5,119.0,2025-03-30 16:11:39.212914,16,sin intervencion
6454,2,54.0,2025-03-30 19:28:35.454025,12,purga completa
6455,4,89.0,2025-03-30 21:12:27.465287,12,purga completa
6456,1,,2025-03-30 22:00:00.000000,22,
6457,2,,2025-03-30 22:00:00.000000,20,
6458,4,,2025-03-30 22:00:00.000000,22,normal
6459,4,84.0,2025-03-30 23:45:02.555779,16,restablecida sola
6460,1,,2025-03-31 04:19:47.488335,29,ver informe adjunto
6461,5,,2025-03-31 06:00:00.000000,22,normal
6462,1,,2025-03-31 06:00:00.000000,19,normal
6463,4,111.0,2025-03-31 06:11:42.893104,12,DRN OK
6464,1,13.0,2025-03-31 06:19:15.074843,3,por mantenimiento
6465,2,,2025-03-31 14:00:00.000000,19,ok
6466,1,,2025-03-31 14:00:00.000000,19,s/n
6467,5,,2025-03-31 19:44:18.476687,25,ver informe adjunto
6468,2,,2025-03-31 22:00:00.000000,22,ok
6469,1,,2025-03-31 22:00:00.000000,22,s/n
6470,1,20.0,2025-04-01 00:05:04.792510,10,
6471,3,81.0,2025-04-01 02:26:40.362421,15,operador reseteo
6472,3,71.0,2025-04-01 03:06:57.100485,14,DRN OK
6473,4,92.0,2025-04-01 05:12:18.309905,13,DRN OK
6474,1,13.0,2025-04-01 05:51:08.986065,9,arranque normal
6475,2,,2025-04-01 06:00:00.000000,21,ok
6476,1,,2025-04-01 06:00:00.000000,21,s/n
6477,5,144.0,2025-04-01 06:49:51.597837,11,
6478,1,,2025-04-01 14:00:00.000000,19,ok
6479,5,,2025-04-01 14:00:00.000000,20,ok
6480,3,,2025-04-01 14:00:00.000000,19,
6481,4,,2025-04-01 14:00:00.000000,22,normal
6482,3,65.0,2025-04-01 14:07:25.563867,17,restablecida sola
6483,2,57.0,2025-04-01 18:18:12.438875,13,ok.
6484,2,,2025-04-01 22:00:00.000000,20,
6485,3,,2025-04-01 22:00:00.000000,19,ok
6486,5,,2025-04-01 22:00:00.000000,19,
6487,1,,2025-04-01 22:00:00.000000,19,s/n
6488,4,,2025-04-01 22:00:00.000000,20,normal
6489,3,73.0,2025-04-02 01:29:07.170596,15,restablecida sola
6490,3,79.0,2025-04-02 03:04:51.814023,11,DRN OK
6491,4,,2025-04-02 06:00:00.000000,21,ok
6492,5,,2025-04-02 06:00:00.000000,22,s/n
6493,4,87.0,2025-04-02 12:44:18.409891,12,DRN OK
6494,1,35.0,2025-04-02 13:23:53.247008,14,DRN OK
6495,2,,2025-04-02 14:00:00.000000,22,s/n
6496,3,,2025-04-02 14:00:00.000000,20,normal
6497,4,85.0,2025-04-02 14:51:53.340008,5,
6498,2,56.0,2025-04-02 14:54:32.974709,11,
6499,4,85.0,2025-04-02 17:37:41.613254,8,reanuda produccion
6500,3,69.0,2025-04-02 17:49:16.916669,1,PARADA POR FALLA
6501,1,,2025-04-02 22:00:00.000000,21,s/n
6502,2,,2025-04-02 22:00:00.000000,19,ok
6503,5,,2025-04-02 22:00:00.000000,22,s/n
6504,3,69.0,2025-04-02 22:41:47.827062,6,reanuda produccion
6505,3,,2025-04-03 06:00:00.000000,19,s/n
6506,3,66.0,2025-04-03 06:46:32.026505,12,DRN OK
6507,2,60.0,2025-04-03 07:04:56.290465,11,ok.
6508,4,103.0,2025-04-03 09:32:10.448596,15,restablecida sola
6509,5,,2025-04-03 14:00:00.000000,20,ok
6510,1,,2025-04-03 14:00:00.000000,20,
6511,3,70.0,2025-04-03 19:07:32.889128,15,operador reseteo
6512,1,35.0,2025-04-03 19:29:27.501991,16,sin intervencion
6513,1,24.0,2025-04-03 19:42:12.112019,2,
6514,5,,2025-04-03 22:00:00.000000,21,s/n
6515,2,,2025-04-03 22:00:00.000000,19,
6516,4,85.0,2025-04-03 23:57:34.238430,13,
6517,3,65.0,2025-04-04 01:01:19.998612,11,purga completa
6518,3,80.0,2025-04-04 02:12:31.983032,16,operador reseteo
6519,1,,2025-04-04 06:00:00.000000,19,normal
6520,4,,2025-04-04 06:00:00.000000,20,normal
6521,2,,2025-04-04 06:00:00.000000,19,ok
6522,3,,2025-04-04 06:00:00.000000,19,normal
6523,1,24.0,2025-04-04 08:03:32.796999,6,reanuda produccion
6524,4,107.0,2025-04-04 08:29:09.184357,10,ok.
6525,2,51.0,2025-04-04 09:28:16.031848,18,operador reseteo
6526,1,29.0,2025-04-04 10:08:52.792968,14,sin novedad
6527,5,144.0,2025-04-04 11:07:16.063134,2,por mantenimiento
6528,1,32.0,2025-04-04 11:42:39.553088,14,sin novedad
6529,3,,2025-04-04 14:00:00.000000,20,ok
6530,2,,2025-04-04 14:00:00.000000,19,normal
6531,4,85.0,2025-04-04 14:13:17.556596,15,restablecida sola
6532,3,68.0,2025-04-04 15:22:45.276767,18,operador reseteo
6533,5,144.0,2025-04-04 15:56:59.042279,7,OK
6534,5,115.0,2025-04-04 16:26:58.503650,11,sin novedad
6535,4,91.0,2025-04-04 18:25:30.265694,12,ok.
6536,3,71.0,2025-04-04 18:54:29.164037,13,OK
6537,3,69.0,2025-04-04 20:22:19.747865,13,sin novedad
6538,2,,2025-04-04 22:00:00.000000,22,s/n
6539,5,,2025-04-04 22:00:00.000000,20,ok
6540,1,,2025-04-05 06:00:00.000000,21,s/n
6541,3,,2025-04-05 06:00:00.000000,20,
6542,5,,2025-04-05 06:00:00.000000,20,ok
6543,2,44.0,2025-04-05 06:24:52.611927,14,purga completa
6544,1,11.0,2025-04-05 06:37:33.872590,15,sin intervencion
6545,2,,2025-04-05 14:00:00.000000,19,normal
6546,5,,2025-04-05 14:00:00.000000,21,normal
6547,1,6.0,2025-04-05 15:52:04.253680,4,por mantenimiento
6548,5,,2025-04-05 22:00:00.000000,19,ok
6549,4,96.0,2025-04-05 22:19:07.439247,14,ok.
6550,1,5.0,2025-04-05 22:39:11.020322,13,sin novedad
6551,2,60.0,2025-04-06 05:41:41.522834,10,DRN OK
6552,5,,2025-04-06 06:00:00.000000,20,normal
6553,1,,2025-04-06 06:00:00.000000,20,
6554,4,,2025-04-06 06:00:00.000000,21,normal
6555,3,69.0,2025-04-06 08:39:50.917367,11,
6556,3,,2025-04-06 14:00:00.000000,20,
6557,5,,2025-04-06 14:00:00.000000,22,ok
6558,2,,2025-04-06 14:00:00.000000,19,normal
6559,1,14.0,2025-04-06 15:00:01.636226,10,ok.
6560,3,,2025-04-06 16:42:19.241479,28,
6561,3,72.0,2025-04-06 16:46:20.604494,10,DRN OK
6562,1,,2025-04-06 22:00:00.000000,21,ok
6563,5,,2025-04-06 22:00:00.000000,21,ok
6564,4,,2025-04-06 22:00:00.000000,22,
6565,1,30.0,2025-04-06 22:11:13.001320,10,DRN OK
6566,1,6.0,2025-04-06 23:24:42.448456,6,
6567,4,111.0,2025-04-06 23:53:00.490051,12,
6568,5,116.0,2025-04-06 23:59:02.416226,11,purga completa
6569,4,111.0,2025-04-07 02:30:35.657326,12,ok.
6570,2,,2025-04-07 06:00:00.000000,19,normal
6571,1,,2025-04-07 06:00:00.000000,19,normal
6572,3,,2025-04-07 06:00:00.000000,22,s/n
6573,4,99.0,2025-04-07 07:48:44.731929,14,ok.
6574,3,68.0,2025-04-07 10:24:30.927389,13,DRN OK
6575,1,35.0,2025-04-07 13:53:20.337925,18,operador reseteo
6576,2,,2025-04-07 14:00:00.000000,19,normal
6577,5,,2025-04-07 14:00:00.000000,19,normal
6578,4,92.0,2025-04-07 14:06:02.013559,17,operador reseteo
6579,5,138.0,2025-04-07 18:30:15.561856,11,purga completa
6580,1,4.0,2025-04-07 21:35:31.392910,14,DRN OK
6581,2,60.0,2025-04-07 22:19:53.764068,17,restablecida sola
6582,5,,2025-04-08 06:00:00.000000,19,ok
6583,1,,2025-04-08 06:00:00.000000,22,
6584,5,,2025-04-08 14:00:00.000000,20,normal
6585,1,,2025-04-08 14:00:00.000000,20,s/n
6586,4,,2025-04-08 14:00:00.000000,22,
6587,3,79.0,2025-04-08 18:09:45.781872,10,ok.
6588,3,73.0,2025-04-08 18:27:51.468926,14,sin novedad
6589,2,51.0,2025-04-08 19:39:32.086911,10,sin novedad
6590,5,,2025-04-08 22:00:00.000000,22,s/n
6591,1,32.0,2025-04-09 02:36:17.094766,18,operador reseteo
6592,4,,2025-04-09 06:00:00.000000,21,normal
6593,5,,2025-04-09 06:00:00.000000,20,ok
6594,1,,2025-04-09 06:00:00.000000,20,normal
6595,3,65.0,2025-04-09 10:08:43.611901,17,operador reseteo
6596,2,61.0,2025-04-09 12:11:18.549457,14,OK
6597,4,90.0,2025-04-09 13:33:31.758380,11,
6598,2,,2025-04-09 14:00:00.000000,21,
6599,5,,2025-04-09 14:00:00.000000,22,s/n
6600,4,103.0,2025-04-09 21:40:45.171325,12,
6601,1,,2025-04-09 22:00:00.000000,22,normal
6602,2,,2025-04-09 22:00:00.000000,21,ok
6603,4,,2025-04-09 22:00:00.000000,20,s/n
6604,3,,2025-04-09 22:00:00.000000,19,ok
6605,2,,2025-04-10 06:00:00.000000,21,ok
6606,4,,2025-04-10 06:00:00.000000,20,s/n
6607,3,,2025-04-10 06:00:00.000000,21,
6608,5,,2025-04-10 06:00:00.000000,19,ok
6609,1,2.0,2025-04-10 11:51:44.401270,13,ok.
6610,5,115.0,2025-04-10 13:26:35.436250,12,purga completa
6611,3,,2025-04-10 14:00:00.000000,22,ok
6612,4,,2025-04-10 14:00:00.000000,20,ok
6613,1,,2025-04-10 14:00:00.000000,20,ok
6614,5,,2025-04-10 14:00:00.000000,19,normal
6615,2,41.0,2025-04-10 15:15:33.317673,14,DRN OK
6616,2,,2025-04-10 22:00:00.000000,21,s/n
6617,5,,2025-04-10 22:00:00.000000,19,ok
6618,4,88.0,2025-04-11 02:25:36.869539,11,purga completa
6619,1,,2025-04-11 06:00:00.000000,21,normal
6620,3,,2025-04-11 06:00:00.000000,22,normal
6621,4,83.0,2025-04-11 06:45:43.811059,11,sin novedad
6622,5,145.0,2025-04-11 10:19:29.968751,12,sin novedad
6623,4,100.0,2025-04-11 12:40:18.566948,1,ver OT
6624,4,102.0,2025-04-11 12:57:29.998936,11,sin novedad
6625,2,,2025-04-11 14:00:00.000000,19,ok
6626,5,,2025-04-11 14:00:00.000000,21,ok
6627,2,48.0,2025-04-11 21:48:31.204638,18,operador reseteo
6628,5,,2025-04-11 22:00:00.000000,21,
6629,4,,2025-04-11 22:00:00.000000,20,
6630,2,,2025-04-11 22:00:00.000000,20,ok
6631,1,35.0,2025-04-11 22:28:15.886334,13,OK
6632,4,100.0,2025-04-12 11:47:55.351249,6,arranque normal
6633,4,,2025-04-12 14:00:00.000000,21,normal
6634,5,,2025-04-12 14:00:00.000000,21,s/n
6635,3,,2025-04-12 14:00:00.000000,22,ok
6636,5,,2025-04-12 22:00:00.000000,22,s/n
6637,3,,2025-04-12 22:00:00.000000,20,normal
6638,4,96.0,2025-04-12 22:55:34.847880,16,operador reseteo
6639,3,63.0,2025-04-13 02:44:34.071088,15,sin intervencion
6640,2,41.0,2025-04-13 03:00:37.487561,17,sin intervencion
6641,4,,2025-04-13 06:00:00.000000,21,ok
6642,5,,2025-04-13 06:00:00.000000,21,s/n
6643,1,,2025-04-13 14:00:00.000000,21,s/n
6644,3,75.0,2025-04-13 17:32:38.846836,11,DRN OK
6645,2,,2025-04-13 21:33:34.164664,28,aviso proveedor externo
6646,4,,2025-04-13 22:00:00.000000,20,ok
6647,1,,2025-04-13 22:00:00.000000,21,s/n
6648,3,,2025-04-14 06:00:00.000000,20,
6649,4,98.0,2025-04-14 13:38:00.107056,14,
6650,3,,2025-04-14 14:00:00.000000,20,
6651,5,,2025-04-14 22:00:00.000000,21,s/n
6652,4,,2025-04-14 22:00:00.000000,22,s/n
6653,1,,2025-04-14 22:00:00.000000,22,ok
6654,2,59.0,2025-04-15 03:50:57.388731,14,DRN OK
6655,2,48.0,2025-04-15 04:09:35.597523,13,sin novedad
6656,2,,2025-04-15 06:00:00.000000,22,
6657,4,,2025-04-15 06:00:00.000000,22,s/n
6658,2,61.0,2025-04-15 10:07:24.744452,14,DRN OK
6659,2,51.0,2025-04-15 12:39:33.638538,12,
6660,5,,2025-04-15 14:00:00.000000,20,
6661,2,,2025-04-15 14:00:00.000000,21,
6662,3,,2025-04-15 14:00:00.000000,22,s/n
6663,2,52.0,2025-04-15 15:18:12.445880,17,sin intervencion
6664,1,6.0,2025-04-15 21:13:59.090573,14,sin novedad
6665,3,63.0,2025-04-15 22:43:07.789260,15,sin intervencion
6666,3,63.0,2025-04-16 00:46:25.636974,15,restablecida sola
6667,5,,2025-04-16 06:00:00.000000,19,
6668,3,,2025-04-16 06:00:00.000000,20,s/n
6669,4,,2025-04-16 06:00:00.000000,21,normal
6670,5,116.0,2025-04-16 09:05:49.041733,16,restablecida sola
6671,1,15.0,2025-04-16 10:17:52.534020,12,purga completa
6672,3,,2025-04-16 14:00:00.000000,19,normal
6673,1,,2025-04-16 14:00:00.000000,21,normal
6674,4,,2025-04-16 14:00:00.000000,20,
6675,2,,2025-04-16 22:00:00.000000,22,ok
6676,5,,2025-04-16 22:00:00.000000,22,normal
6677,3,,2025-04-16 22:00:00.000000,20,normal
6678,2,,2025-04-17 03:13:43.286776,28,aviso proveedor externo
6679,5,,2025-04-17 06:00:00.000000,22,ok
6680,4,,2025-04-17 06:00:00.000000,20,s/n
6681,1,,2025-04-17 06:00:00.000000,22,ok
6682,5,133.0,2025-04-17 11:02:17.319503,17,restablecida sola
6683,5,,2025-04-17 14:00:00.000000,20,ok
6684,1,,2025-04-17 14:00:00.000000,20,normal
6685,2,,2025-04-17 14:00:00.000000,21,normal
6686,4,,2025-04-17 14:00:00.000000,21,s/n
6687,1,17.0,2025-04-17 21:25:03.137707,15,sin intervencion
6688,1,,2025-04-17 22:00:00.000000,20,
6689,3,80.0,2025-04-18 00:45:03.137452,13,
6690,2,39.0,2025-04-18 02:36:58.744615,15,operador reseteo
6691,3,,2025-04-18 06:00:00.000000,20,s/n
6692,4,,2025-04-18 06:00:00.000000,22,s/n
6693,5,,2025-04-18 06:00:00.000000,19,ok
6694,2,,2025-04-18 06:00:00.000000,20,ok
6695,3,65.0,2025-04-18 10:16:42.719659,11,OK
6696,1,7.0,2025-04-18 13:16:01.876605,2,ver OT
6697,2,,2025-04-18 14:00:00.000000,22,normal
6698,5,146.0,2025-04-18 14:36:01.789827,17,sin intervencion
6699,4,93.0,2025-04-18 20:20:46.121235,13,OK
6700,2,,2025-04-18 22:00:00.000000,20,s/n
6701,4,,2025-04-18 22:00:00.000000,22,
6702,3,,2025-04-18 22:00:00.000000,21,ok
6703,3,77.0,2025-04-18 22:04:48.025924,11,OK
6704,5,,2025-04-19 06:00:00.000000,21,s/n
6705,3,,2025-04-19 06:00:00.000000,19,
6706,1,18.0,2025-04-19 08:13:03.253452,10,sin novedad
6707,5,117.0,2025-04-19 12:51:22.814288,10,DRN OK
6708,5,,2025-04-19 14:00:00.000000,21,
6709,1,,2025-04-19 14:00:00.000000,19,
6710,1,7.0,2025-04-19 15:50:20.183700,6,reanuda produccion
6711,4,83.0,2025-04-19 19:05:31.440490,12,OK
6712,5,,2025-04-19 22:00:00.000000,19,s/n
6713,1,,2025-04-19 22:00:00.000000,19,s/n
6714,4,,2025-04-19 22:00:00.000000,19,s/n
6715,3,,2025-04-19 22:44:32.704308,28,
6716,2,52.0,2025-04-19 23:38:52.423225,12,sin novedad
6717,4,83.0,2025-04-20 01:00:30.273654,18,restablecida sola
6718,5,118.0,2025-04-20 03:41:09.808924,18,restablecida sola
6719,4,91.0,2025-04-20 04:01:48.982076,13,sin novedad
6720,3,,2025-04-20 06:00:00.000000,22,s/n
6721,5,,2025-04-20 06:00:00.000000,22,s/n
6722,2,57.0,2025-04-20 07:32:55.166441,11,DRN OK
6723,3,80.0,2025-04-20 10:50:27.949688,14,OK
6724,3,,2025-04-20 14:00:00.000000,20,
6725,1,,2025-04-20 14:00:00.000000,19,normal
6726,5,145.0,2025-04-20 17:09:07.125574,13,ok.
6727,5,121.0,2025-04-20 17:29:43.553265,11,DRN OK
6728,1,5.0,2025-04-20 17:56:29.281294,17,operador reseteo
6729,3,,2025-04-20 22:00:00.000000,20,ok
6730,1,,2025-04-20 22:00:00.000000,22,s/n
6731,4,,2025-04-20 22:00:00.000000,19,s/n
6732,4,104.0,2025-04-21 03:22:02.143013,11,OK
6733,1,4.0,2025-04-21 03:50:09.101178,18,operador reseteo
6734,2,,2025-04-21 06:00:00.000000,19,normal
6735,3,,2025-04-21 06:00:00.000000,19,s/n
6736,5,133.0,2025-04-21 09:11:30.847849,12,DRN OK
6737,5,136.0,2025-04-21 13:21:38.854532,16,sin intervencion
6738,2,,2025-04-21 14:00:00.000000,19,
6739,3,,2025-04-21 14:00:00.000000,21,ok
6740,2,,2025-04-21 22:00:00.000000,21,
6741,1,,2025-04-21 22:00:00.000000,20,
6742,5,,2025-04-21 23:23:02.876958,26,
6743,2,59.0,2025-04-22 00:31:39.310049,10,DRN OK
6744,2,55.0,2025-04-22 00:38:13.283070,11,OK
6745,1,,2025-04-22 01:14:46.177811,29,aviso proveedor externo
6746,4,111.0,2025-04-22 01:20:13.802116,10,sin novedad
6747,4,,2025-04-22 06:00:00.000000,19,normal
6748,2,,2025-04-22 06:00:00.000000,21,normal
6749,1,,2025-04-22 06:00:00.000000,20,ok
6750,5,133.0,2025-04-22 12:02:12.027429,18,sin intervencion
6751,5,,2025-04-22 14:00:00.000000,21,s/n
6752,2,,2025-04-22 14:00:00.000000,21,s/n
6753,4,,2025-04-22 14:00:00.000000,19,s/n
6754,1,,2025-04-22 14:00:00.000000,20,s/n
6755,1,5.0,2025-04-22 14:24:06.159690,11,sin novedad
6756,5,144.0,2025-04-22 15:49:53.620978,14,OK
6757,5,122.0,2025-04-22 16:19:06.815638,13,purga completa
6758,1,19.0,2025-04-22 18:48:08.987591,14,
6759,5,,2025-04-22 22:00:00.000000,21,s/n
6760,2,,2025-04-22 22:00:00.000000,22,ok
6761,2,49.0,2025-04-22 23:57:23.554376,18,sin intervencion
6762,5,,2025-04-23 06:00:00.000000,19,ok
6763,3,,2025-04-23 06:00:00.000000,22,ok
6764,2,,2025-04-23 06:00:00.000000,22,s/n
6765,3,79.0,2025-04-23 07:43:48.843398,11,OK
6766,2,47.0,2025-04-23 12:49:02.260759,14,sin novedad
6767,3,,2025-04-23 14:00:00.000000,22,ok
6768,2,,2025-04-23 14:00:00.000000,20,
6769,5,,2025-04-23 14:00:00.000000,22,normal
6770,4,96.0,2025-04-23 16:56:17.088195,10,ok.
6771,2,55.0,2025-04-23 18:57:12.822732,13,DRN OK
6772,4,107.0,2025-04-23 19:12:07.375684,15,restablecida sola
6773,2,49.0,2025-04-23 19:40:45.472706,10,sin novedad
6774,5,129.0,2025-04-23 20:48:54.355315,11,OK
6775,2,,2025-04-23 22:00:00.000000,20,normal
6776,5,130.0,2025-04-24 04:02:33.224568,15,restablecida sola
6777,4,112.0,2025-04-24 05:59:10.295977,5,por mantenimiento
6778,1,,2025-04-24 06:00:00.000000,20,normal
6779,4,,2025-04-24 06:00:00.000000,19,ok
6780,2,,2025-04-24 06:00:00.000000,22,ok
6781,3,,2025-04-24 06:00:00.000000,20,s/n
6782,3,72.0,2025-04-24 06:12:09.609798,18,restablecida sola
6783,3,73.0,2025-04-24 13:03:15.410016,10,
6784,4,,2025-04-24 14:00:00.000000,21,ok
6785,3,,2025-04-24 14:00:00.000000,19,
6786,5,134.0,2025-04-24 18:39:17.832398,14,DRN OK
6787,1,36.0,2025-04-24 21:37:37.780584,11,
6788,3,,2025-04-24 22:00:00.000000,22,ok
6789,5,,2025-04-24 22:00:00.000000,22,ok
6790,2,,2025-04-24 22:00:00.000000,19,ok
6791,4,,2025-04-25 01:15:22.724919,25,
6792,5,115.0,2025-04-25 05:00:55.789181,13,DRN OK
6793,2,,2025-04-25 06:00:00.000000,21,s/n
6794,5,,2025-04-25 06:00:00.000000,20,normal
6795,3,,2025-04-25 06:00:00.000000,20,s/n
6796,1,,2025-04-25 06:00:00.000000,21,normal
6797,4,,2025-04-25 06:00:00.000000,20,normal
6798,5,145.0,2025-04-25 06:01:28.261345,13,
6799,4,96.0,2025-04-25 12:43:38.188865,18,operador reseteo
6800,3,,2025-04-25 14:00:00.000000,19,
6801,5,,2025-04-25 14:00:00.000000,20,normal
6802,1,,2025-04-25 22:00:00.000000,20,
6803,5,,2025-04-25 22:00:00.000000,21,ok
6804,4,,2025-04-25 22:00:00.000000,20,s/n
6805,5,140.0,2025-04-25 22:15:10.283917,17,sin intervencion
6806,2,47.0,2025-04-25 22:45:35.980944,16,operador reseteo
6807,4,112.0,2025-04-26 03:36:14.992100,6,OK
6808,4,,2025-04-26 06:00:00.000000,20,normal
6809,5,136.0,2025-04-26 09:29:58.905471,14,OK
6810,1,26.0,2025-04-26 13:47:16.478377,14,OK
6811,4,,2025-04-26 14:00:00.000000,19,
6812,5,,2025-04-26 14:00:00.000000,22,s/n
6813,2,,2025-04-26 14:00:00.000000,20,
6814,5,114.0,2025-04-26 15:29:47.242474,13,ok.
6815,2,47.0,2025-04-26 18:16:36.554010,15,restablecida sola
6816,1,24.0,2025-04-26 19:58:22.163551,16,sin intervencion
6817,2,42.0,2025-04-26 20:48:58.866668,1,ver OT
6818,3,,2025-04-26 22:00:00.000000,22,
6819,2,,2025-04-26 22:00:00.000000,22,ok
6820,4,,2025-04-26 22:00:00.000000,22,normal
6821,2,45.0,2025-04-27 02:49:07.896264,12,ok.
6822,2,,2025-04-27 06:00:00.000000,22,ok
6823,5,,2025-04-27 06:00:00.000000,22,s/n
6824,3,80.0,2025-04-27 06:54:51.261179,10,sin novedad
6825,2,49.0,2025-04-27 10:01:20.856186,14,OK
6826,3,63.0,2025-04-27 21:20:34.001568,12,ok.
6827,4,,2025-04-27 22:00:00.000000,21,normal
6828,1,,2025-04-27 22:00:00.000000,21,s/n
6829,5,,2025-04-27 22:00:00.000000,21,s/n
6830,2,39.0,2025-04-27 22:04:09.449571,13,
6831,4,,2025-04-28 06:00:00.000000,21,normal
6832,2,42.0,2025-04-28 06:17:28.280971,7,arranque normal
6833,2,47.0,2025-04-28 12:50:26.345045,11,ok.
6834,2,42.0,2025-04-28 12:54:31.314370,18,sin intervencion
6835,1,,2025-04-28 14:00:00.000000,21,normal
6836,2,,2025-04-28 14:00:00.000000,22,s/n
6837,2,41.0,2025-04-28 16:45:30.692353,11,purga completa
6838,4,102.0,2025-04-28 18:49:24.278917,15,operador reseteo
6839,4,,2025-04-28 22:00:00.000000,20,normal
6840,2,,2025-04-28 22:00:00.000000,22,
6841,1,,2025-04-28 22:00:00.000000,21,ok
6842,1,,2025-04-29 06:00:00.000000,21,s/n
6843,5,,2025-04-29 06:00:00.000000,21,s/n
6844,3,,2025-04-29 06:00:00.000000,20,ok
6845,4,108.0,2025-04-29 07:51:54.377220,10,purga completa
6846,5,141.0,2025-04-29 07:56:11.751846,13,sin novedad
6847,4,107.0,2025-04-29 08:58:20.007665,13,sin novedad
6848,5,139.0,2025-04-29 09:14:56.420505,13,
6849,4,97.0,2025-04-29 09:15:43.607529,11,ok.
6850,4,83.0,2025-04-29 10:33:43.722263,13,
6851,5,,2025-04-29 14:00:00.000000,20,normal
6852,3,72.0,2025-04-29 15:15:17.602332,18,operador reseteo
6853,1,,2025-04-29 22:00:00.000000,21,s/n
6854,5,,2025-04-29 22:00:00.000000,19,normal
6855,3,,2025-04-29 22:00:00.000000,21,s/n
6856,4,89.0,2025-04-30 00:07:20.485597,10,purga completa
6857,4,99.0,2025-04-30 03:29:03.251318,14,ok.
6858,3,,2025-04-30 06:00:00.000000,19,s/n
6859,5,,2025-04-30 06:00:00.000000,19,s/n
6860,3,65.0,2025-04-30 09:04:59.424904,10,OK
6861,5,,2025-04-30 14:00:00.000000,21,
6862,4,,2025-04-30 14:00:00.000000,19,ok
6863,2,,2025-04-30 14:00:00.000000,21,ok
6864,3,,2025-04-30 14:00:00.000000,21,
6865,1,6.0,2025-04-30 20:29:22.715180,12,purga completa
6866,5,123.0,2025-04-30 20:48:11.290411,16,restablecida sola
6867,4,92.0,2025-04-30 21:50:08.733598,16,sin intervencion
6868,3,,2025-04-30 22:00:00.000000,22,
6869,2,,2025-04-30 22:00:00.000000,22,s/n
6870,5,,2025-05-01 06:00:00.000000,21,ok
6871,1,,2025-05-01 06:00:00.000000,19,s/n
6872,2,,2025-05-01 06:00:00.000000,22,ok
6873,3,,2025-05-01 07:12:27.032529,27,
6874,3,79.0,2025-05-01 09:01:59.894273,11,OK
6875,3,79.0,2025-05-01 09:51:54.850946,18,operador reseteo
6876,5,,2025-05-01 14:00:00.000000,22,
6877,3,,2025-05-01 14:00:00.000000,21,ok
6878,4,,2025-05-01 14:00:00.000000,20,normal
6879,1,,2025-05-01 14:00:00.000000,21,
6880,5,114.0,2025-05-01 15:16:27.584964,11,OK
6881,1,20.0,2025-05-01 16:26:43.587881,1,por mantenimiento
6882,2,40.0,2025-05-01 16:28:37.685137,3,ver OT
6883,2,40.0,2025-05-01 19:36:45.880735,8,arranque normal
6884,1,20.0,2025-05-01 20:33:59.723702,7,reanuda produccion
6885,5,,2025-05-01 22:00:00.000000,22,
6886,4,,2025-05-01 22:00:00.000000,20,normal
6887,3,,2025-05-01 22:00:00.000000,21,ok
6888,2,,2025-05-01 22:00:00.000000,20,ok
6889,3,63.0,2025-05-02 00:42:07.452699,12,DRN OK
6890,2,,2025-05-02 06:00:00.000000,21,ok
6891,3,,2025-05-02 06:00:00.000000,21,s/n
6892,5,122.0,2025-05-02 09:59:38.870236,2,por mantenimiento
6893,2,61.0,2025-05-02 10:15:57.381951,18,sin intervencion
6894,4,99.0,2025-05-02 10:19:18.465129,14,OK
6895,5,140.0,2025-05-02 11:20:07.402785,10,OK
6896,1,,2025-05-02 14:00:00.000000,19,normal
6897,2,,2025-05-02 14:00:00.000000,21,normal
6898,3,81.0,2025-05-02 14:34:30.619762,15,restablecida sola
6899,5,122.0,2025-05-02 14:49:13.600381,8,reanuda produccion
6900,3,71.0,2025-05-02 18:24:17.086136,13,OK
6901,1,3.0,2025-05-02 18:57:45.671627,18,restablecida sola
6902,4,87.0,2025-05-02 20:53:58.521457,10,
6903,3,81.0,2025-05-02 21:28:27.606748,10,ok.
6904,1,,2025-05-02 22:00:00.000000,19,s/n
6905,3,,2025-05-02 22:00:00.000000,19,normal
6906,4,,2025-05-02 22:00:00.000000,22,normal
6907,1,36.0,2025-05-03 00:32:06.849611,16,operador reseteo
6908,3,69.0,2025-05-03 02:06:36.371078,12,ok.
6909,5,140.0,2025-05-03 02:35:27.356031,11,sin novedad
6910,3,,2025-05-03 06:00:00.000000,20,normal
6911,4,,2025-05-03 06:00:00.000000,21,normal
6912,5,,2025-05-03 06:00:00.000000,19,normal
6913,3,72.0,2025-05-03 08:58:14.594975,10,OK
6914,1,21.0,2025-05-03 13:06:23.604804,10,OK
6915,5,,2025-05-03 14:00:00.000000,19,normal
6916,4,,2025-05-03 14:00:00.000000,22,s/n
6917,2,,2025-05-03 14:00:00.000000,21,normal
6918,5,,2025-05-03 22:00:00.000000,21,s/n
6919,4,96.0,2025-05-04 02:18:29.745274,10,OK
6920,5,,2025-05-04 06:00:00.000000,22,s/n
6921,3,,2025-05-04 06:00:00.000000,22,s/n
6922,4,,2025-05-04 06:00:00.000000,19,s/n
6923,4,99.0,2025-05-04 07:00:31.988206,10,purga completa
6924,4,,2025-05-04 07:26:26.487316,28,aviso proveedor externo
6925,2,48.0,2025-05-04 07:58:20.327519,11,sin novedad
6926,2,45.0,2025-05-04 12:33:15.424420,13,purga completa
6927,1,,2025-05-04 14:00:00.000000,21,ok
6928,4,,2025-05-04 14:00:00.000000,20,normal
6929,2,42.0,2025-05-04 14:08:22.889525,13,purga completa
6930,2,49.0,2025-05-04 20:46:45.535934,11,sin novedad
6931,2,49.0,2025-05-04 20:59:39.869471,14,DRN OK
6932,3,,2025-05-04 22:00:00.000000,21,
6933,1,,2025-05-04 22:00:00.000000,19,s/n
6934,2,52.0,2025-05-04 23:27:12.829090,14,sin novedad
6935,1,3.0,2025-05-04 23:46:14.791312,14,
6936,3,76.0,2025-05-05 01:36:58.077236,11,ok.
6937,3,73.0,2025-05-05 01:46:38.620691,12,purga completa
6938,1,,2025-05-05 06:00:00.000000,19,normal
6939,3,,2025-05-05 06:00:00.000000,22,s/n
6940,2,53.0,2025-05-05 09:14:14.304514,13,sin novedad
6941,5,115.0,2025-05-05 11:38:07.166649,14,purga completa
6942,5,145.0,2025-05-05 11:51:54.679490,14,ok.
6943,5,,2025-05-05 14:00:00.000000,19,normal
6944,3,,2025-05-05 14:00:00.000000,19,s/n
6945,1,,2025-05-05 14:00:00.000000,22,s/n
6946,2,,2025-05-05 14:00:00.000000,21,s/n
6947,4,111.0,2025-05-05 15:09:34.403247,5,PARADA POR FALLA
6948,4,111.0,2025-05-05 20:43:07.391675,6,OK
6949,5,,2025-05-05 22:00:00.000000,22,
6950,1,,2025-05-05 22:00:00.000000,19,ok
6951,4,,2025-05-06 06:00:00.000000,19,
6952,3,,2025-05-06 06:00:00.000000,20,s/n
6953,2,,2025-05-06 06:00:00.000000,22,s/n
6954,3,73.0,2025-05-06 11:49:22.971236,14,
6955,5,,2025-05-06 12:09:01.466169,27,ver informe adjunto
6956,3,72.0,2025-05-06 12:21:38.797995,15,sin intervencion
6957,1,,2025-05-06 14:00:00.000000,22,s/n
6958,3,,2025-05-06 14:00:00.000000,21,
6959,2,45.0,2025-05-06 15:45:42.205573,12,DRN OK
6960,3,71.0,2025-05-06 19:25:11.042825,16,sin intervencion
6961,2,,2025-05-06 22:00:00.000000,19,normal
6962,1,,2025-05-06 22:00:00.000000,19,normal
6963,5,,2025-05-06 22:00:00.000000,19,normal
6964,4,,2025-05-06 22:00:00.000000,20,s/n
6965,3,64.0,2025-05-06 22:29:50.889075,16,operador reseteo
6966,2,52.0,2025-05-07 02:52:32.188221,16,sin intervencion
6967,4,96.0,2025-05-07 03:11:54.829830,15,operador reseteo
6968,3,76.0,2025-05-07 03:27:39.908974,11,ok.
6969,5,,2025-05-07 06:00:00.000000,21,
6970,1,,2025-05-07 06:00:00.000000,21,
6971,3,,2025-05-07 06:00:00.000000,22,normal
6972,2,,2025-05-07 06:00:00.000000,20,
6973,5,118.0,2025-05-07 10:04:11.079296,10,
6974,4,103.0,2025-05-07 12:16:34.183186,10,sin novedad
6975,2,,2025-05-07 14:00:00.000000,21,normal
6976,5,,2025-05-07 14:00:00.000000,19,ok
6977,4,99.0,2025-05-07 17:58:25.929797,17,operador reseteo
6978,5,129.0,2025-05-07 18:04:35.044601,13,OK
6979,1,,2025-05-07 22:00:00.000000,22,
6980,1,4.0,2025-05-08 02:36:43.254820,12,DRN OK
6981,5,129.0,2025-05-08 02:50:48.629474,3,ver OT
6982,1,27.0,2025-05-08 04:00:34.016941,14,ok.
6983,5,,2025-05-08 06:00:00.000000,21,s/n
6984,5,131.0,2025-05-08 06:52:29.770155,18,sin intervencion
6985,3,76.0,2025-05-08 10:46:44.549642,2,
6986,1,,2025-05-08 14:00:00.000000,20,s/n
6987,5,,2025-05-08 14:00:00.000000,20,
6988,2,,2025-05-08 14:00:00.000000,19,
6989,3,76.0,2025-05-08 14:20:05.812551,6,arranque normal
6990,5,129.0,2025-05-08 16:27:34.922650,7,reanuda produccion
6991,2,41.0,2025-05-08 16:29:02.911852,13,DRN OK
6992,1,10.0,2025-05-08 18:50:39.864049,15,restablecida sola
6993,1,,2025-05-08 22:00:00.000000,19,normal
6994,2,,2025-05-08 22:00:00.000000,22,
6995,5,,2025-05-08 22:00:00.000000,19,ok
6996,4,,2025-05-08 22:00:00.000000,20,ok
6997,2,48.0,2025-05-08 22:06:18.249109,10,
6998,4,,2025-05-09 06:00:00.000000,20,normal
6999,3,,2025-05-09 06:00:00.000000,20,
7000,2,,2025-05-09 06:00:00.000000,20,ok
7001,1,,2025-05-09 06:00:00.000000,19,ok
7002,3,63.0,2025-05-09 06:10:35.776038,16,operador reseteo
7003,1,,2025-05-09 07:35:17.479839,28,aviso proveedor externo
7004,3,68.0,2025-05-09 08:09:19.659913,15,restablecida sola
7005,2,44.0,2025-05-09 09:32:56.534313,18,sin intervencion
7006,4,104.0,2025-05-09 13:11:03.141888,11,purga completa
7007,4,,2025-05-09 14:00:00.000000,19,s/n
7008,5,,2025-05-09 14:00:00.000000,19,s/n
7009,1,,2025-05-09 14:00:00.000000,22,
7010,1,13.0,2025-05-09 20:44:12.203884,11,DRN OK
7011,3,,2025-05-09 22:00:00.000000,19,ok
7012,3,75.0,2025-05-09 23:13:09.695164,11,ok.
7013,3,71.0,2025-05-10 03:43:16.272628,11,sin novedad
7014,3,,2025-05-10 06:00:00.000000,20,ok
7015,2,,2025-05-10 06:00:00.000000,22,ok
7016,1,,2025-05-10 06:00:00.000000,21,ok
7017,4,,2025-05-10 14:00:00.000000,22,normal
7018,5,,2025-05-10 14:00:00.000000,22,
7019,3,68.0,2025-05-10 18:21:43.377793,14,
7020,4,,2025-05-10 22:00:00.000000,22,
7021,2,,2025-05-10 22:00:00.000000,22,normal
7022,3,,2025-05-10 22:00:00.000000,20,
7023,1,,2025-05-10 22:00:00.000000,22,ok
7024,4,105.0,2025-05-10 22:07:45.272554,15,restablecida sola
7025,5,132.0,2025-05-11 00:59:40.438168,11,sin novedad
7026,4,109.0,2025-05-11 02:01:54.963568,15,sin intervencion
7027,2,56.0,2025-05-11 03:10:46.564950,12,
7028,4,,2025-05-11 06:00:00.000000,20,normal
7029,5,,2025-05-11 06:00:00.000000,21,ok
7030,1,35.0,2025-05-11 07:33:28.676474,12,OK
7031,4,100.0,2025-05-11 09:35:42.330009,18,sin intervencion
7032,4,,2025-05-11 14:00:00.000000,21,ok
7033,1,,2025-05-11 14:00:00.000000,20,
7034,3,,2025-05-11 14:00:00.000000,19,
7035,5,,2025-05-11 14:00:00.000000,21,
7036,1,32.0,2025-05-11 14:41:01.573070,15,sin intervencion
7037,5,,2025-05-11 22:00:00.000000,20,ok
7038,3,,2025-05-11 22:00:00.000000,21,normal
7039,4,,2025-05-11 22:00:00.000000,21,
7040,5,134.0,2025-05-12 03:43:44.782510,10,ok.
7041,2,,2025-05-12 06:00:00.000000,20,
7042,3,,2025-05-12 06:00:00.000000,20,s/n
7043,1,,2025-05-12 06:00:00.000000,19,ok
7044,3,77.0,2025-05-12 07:53:28.194988,10,purga completa
7045,1,4.0,2025-05-12 09:45:47.967347,12,purga completa
7046,2,41.0,2025-05-12 12:37:55.637416,13,
7047,2,39.0,2025-05-12 13:17:22.018844,10,
7048,3,80.0,2025-05-12 13:44:25.871839,17,restablecida sola
7049,3,,2025-05-12 14:00:00.000000,20,
7050,1,,2025-05-12 14:00:00.000000,20,normal
7051,3,70.0,2025-05-12 16:02:09.430970,5,por mantenimiento
7052,3,70.0,2025-05-12 17:57:38.952446,7,reanuda produccion
7053,3,64.0,2025-05-12 20:47:02.100437,18,sin intervencion
7054,4,,2025-05-12 22:00:00.000000,19,s/n
7055,3,68.0,2025-05-13 02:25:16.219693,13,
7056,5,119.0,2025-05-13 03:28:01.264719,12,DRN OK
7057,5,,2025-05-13 06:00:00.000000,19,
7058,4,,2025-05-13 06:00:00.000000,20,
7059,5,125.0,2025-05-13 06:15:43.974812,17,operador reseteo
7060,4,,2025-05-13 14:00:00.000000,19,
7061,3,,2025-05-13 14:00:00.000000,19,ok
7062,2,,2025-05-13 14:00:00.000000,19,ok
7063,5,,2025-05-13 14:00:00.000000,19,
7064,5,133.0,2025-05-13 14:45:07.250067,10,
7065,5,124.0,2025-05-13 17:14:47.585469,15,restablecida sola
7066,3,,2025-05-13 22:00:00.000000,20,normal
7067,1,,2025-05-13 22:00:00.000000,20,
7068,4,90.0,2025-05-13 22:43:23.839022,15,sin intervencion
7069,3,,2025-05-14 06:00:00.000000,22,s/n
7070,2,,2025-05-14 06:00:00.000000,21,
7071,4,,2025-05-14 06:00:00.000000,21,ok
7072,3,69.0,2025-05-14 06:44:36.347079,11,ok.
7073,5,146.0,2025-05-14 07:21:02.752419,14,purga completa
7074,5,133.0,2025-05-14 08:34:30.279670,13,OK
7075,4,102.0,2025-05-14 12:47:15.575267,16,restablecida sola
7076,1,24.0,2025-05-14 13:41:45.661719,12,OK
7077,4,84.0,2025-05-14 13:48:14.122959,14,sin novedad
7078,5,,2025-05-14 14:00:00.000000,19,
7079,4,,2025-05-14 14:00:00.000000,19,ok
7080,3,,2025-05-14 14:00:00.000000,21,
7081,4,85.0,2025-05-14 14:22:21.494128,5,por mantenimiento
7082,1,30.0,2025-05-14 15:13:14.420750,13,
7083,3,76.0,2025-05-14 21:51:31.745929,14,OK
7084,1,,2025-05-14 22:00:00.000000,22,
7085,4,100.0,2025-05-15 00:40:06.334359,18,operador reseteo
7086,4,88.0,2025-05-15 01:03:49.248879,14,sin novedad
7087,3,70.0,2025-05-15 01:12:33.794451,14,sin novedad
7088,4,85.0,2025-05-15 05:03:36.047131,9,reanuda produccion
7089,2,,2025-05-15 06:00:00.000000,19,normal
7090,5,,2025-05-15 06:00:00.000000,22,s/n
7091,5,145.0,2025-05-15 11:33:29.854871,17,operador reseteo
7092,4,,2025-05-15 14:00:00.000000,22,normal
7093,3,,2025-05-15 14:00:00.000000,19,ok
7094,2,,2025-05-15 14:00:00.000000,22,ok
7095,4,90.0,2025-05-15 16:56:22.519284,17,sin intervencion
7096,1,,2025-05-15 17:45:52.257110,27,
7097,2,51.0,2025-05-15 20:13:24.651416,13,sin novedad
7098,2,,2025-05-15 22:00:00.000000,22,normal
7099,5,145.0,2025-05-15 23:32:27.367529,11,DRN OK
7100,4,110.0,2025-05-16 02:37:05.459117,10,
7101,2,46.0,2025-05-16 03:12:15.767042,15,sin intervencion
7102,2,,2025-05-16 06:00:00.000000,20,s/n
7103,4,,2025-05-16 06:00:00.000000,22,ok
7104,3,,2025-05-16 06:00:00.000000,21,s/n
7105,4,93.0,2025-05-16 06:29:46.146408,12,
7106,1,6.0,2025-05-16 07:43:31.255620,12,ok.
7107,2,40.0,2025-05-16 08:38:55.570718,12,OK
7108,1,21.0,2025-05-16 09:41:34.972068,12,sin novedad
7109,1,,2025-05-16 14:00:00.000000,21,
7110,3,,2025-05-16 14:00:00.000000,19,ok
7111,5,,2025-05-16 14:00:00.000000,20,normal
7112,2,,2025-05-16 14:00:00.000000,22,
7113,4,,2025-05-16 14:00:00.000000,22,ok
7114,4,108.0,2025-05-16 17:45:57.140151,10,purga completa
7115,2,60.0,2025-05-16 19:29:25.841590,16,sin intervencion
7116,3,,2025-05-16 22:00:00.000000,19,ok
7117,1,,2025-05-16 22:00:00.000000,21,normal
7118,5,136.0,2025-05-16 22:03:17.343661,13,OK
7119,4,,2025-05-17 06:00:00.000000,19,s/n
7120,1,,2025-05-17 06:00:00.000000,22,ok
7121,5,,2025-05-17 06:00:00.000000,20,normal
7122,2,,2025-05-17 09:19:56.267869,27,ver informe adjunto
7123,5,,2025-05-17 14:00:00.000000,19,s/n
7124,1,,2025-05-17 14:00:00.000000,20,normal
7125,4,,2025-05-17 14:00:00.000000,20,s/n
7126,4,98.0,2025-05-17 20:21:22.651060,14,sin novedad
7127,5,,2025-05-17 22:00:00.000000,19,s/n
7128,3,,2025-05-17 22:00:00.000000,19,normal
7129,2,41.0,2025-05-18 04:02:41.333357,14,purga completa
7130,1,,2025-05-18 06:00:00.000000,22,
7131,3,,2025-05-18 06:00:00.000000,19,normal
7132,5,,2025-05-18 06:00:00.000000,20,normal
7133,4,,2025-05-18 06:00:00.000000,21,
7134,3,,2025-05-18 14:00:00.000000,19,ok
7135,1,,2025-05-18 14:00:00.000000,20,ok
7136,5,,2025-05-18 14:00:00.000000,19,
7137,5,,2025-05-18 17:18:02.673207,29,ver informe adjunto
7138,4,83.0,2025-05-18 17:46:12.869256,12,OK
7139,1,7.0,2025-05-18 20:15:59.318127,15,operador reseteo
7140,5,,2025-05-18 22:00:00.000000,19,normal
7141,1,,2025-05-18 22:00:00.000000,21,normal
7142,3,,2025-05-18 22:00:00.000000,22,normal
7143,3,79.0,2025-05-19 04:45:47.943059,18,operador reseteo
7144,3,,2025-05-19 06:00:00.000000,22,
7145,2,,2025-05-19 06:00:00.000000,22,
7146,2,,2025-05-19 08:29:20.054448,29,ver informe adjunto
7147,4,95.0,2025-05-19 10:48:19.283699,10,
7148,5,,2025-05-19 14:00:00.000000,19,ok
7149,4,91.0,2025-05-19 14:26:01.565118,13,DRN OK
7150,1,,2025-05-19 16:07:21.055451,28,
7151,1,14.0,2025-05-19 17:53:35.657413,10,sin novedad
7152,3,66.0,2025-05-19 20:40:01.884801,18,operador reseteo
7153,2,41.0,2025-05-19 21:26:20.508672,5,PARADA POR FALLA
7154,4,92.0,2025-05-20 01:53:54.644660,13,sin novedad
7155,2,,2025-05-20 06:00:00.000000,20,
7156,5,,2025-05-20 06:00:00.000000,20,ok
7157,1,,2025-05-20 06:00:00.000000,21,normal
7158,3,,2025-05-20 06:00:00.000000,21,s/n
7159,1,7.0,2025-05-20 06:22:23.686942,10,OK
7160,3,68.0,2025-05-20 10:27:59.391458,14,
7161,2,41.0,2025-05-20 11:50:31.365628,6,arranque normal
7162,5,,2025-05-20 14:00:00.000000,21,
7163,1,,2025-05-20 14:00:00.000000,20,normal
7164,2,,2025-05-20 14:00:00.000000,19,ok
7165,2,,2025-05-20 22:00:00.000000,20,ok
7166,3,,2025-05-20 22:00:00.000000,22,
7167,4,,2025-05-20 22:00:00.000000,20,ok
7168,1,,2025-05-20 22:00:00.000000,21,ok
7169,5,,2025-05-21 01:34:54.945758,27,
7170,1,22.0,2025-05-21 03:37:09.985111,16,restablecida sola
7171,4,,2025-05-21 06:00:00.000000,19,
7172,5,117.0,2025-05-21 10:55:35.283252,13,sin novedad
7173,3,,2025-05-21 14:00:00.000000,20,
7174,5,,2025-05-21 14:00:00.000000,21,
7175,2,,2025-05-21 14:00:00.000000,19,ok
7176,1,,2025-05-21 14:00:00.000000,22,
7177,5,119.0,2025-05-21 16:41:09.391135,10,OK
7178,3,70.0,2025-05-21 16:53:33.117970,12,DRN OK
7179,1,15.0,2025-05-21 19:19:17.977188,18,operador reseteo
7180,2,,2025-05-21 22:00:00.000000,21,ok
7181,1,,2025-05-21 22:00:00.000000,20,
7182,4,,2025-05-21 22:00:00.000000,19,ok
7183,5,,2025-05-21 22:00:00.000000,22,s/n
7184,3,66.0,2025-05-21 22:51:49.815069,15,operador reseteo
7185,3,76.0,2025-05-22 00:25:00.894315,13,sin novedad
7186,5,126.0,2025-05-22 04:07:21.783652,12,ok.
7187,2,,2025-05-22 06:00:00.000000,21,ok
7188,5,,2025-05-22 06:00:00.000000,20,s/n
7189,3,,2025-05-22 06:00:00.000000,22,s/n
7190,1,,2025-05-22 12:36:34.151550,25,ver informe adjunto
7191,1,,2025-05-22 14:00:00.000000,22,ok
7192,2,,2025-05-22 14:00:00.000000,22,s/n
7193,4,107.0,2025-05-22 16:17:31.325746,14,
7194,1,,2025-05-22 22:00:00.000000,22,ok
7195,4,,2025-05-22 22:00:00.000000,21,normal
7196,2,,2025-05-22 22:00:00.000000,20,normal
7197,5,,2025-05-22 22:00:00.000000,20,normal
7198,5,130.0,2025-05-22 23:08:04.822354,18,sin intervencion
7199,2,45.0,2025-05-22 23:42:22.234123,11,DRN OK
7200,2,40.0,2025-05-23 04:20:00.010791,12,
7201,5,,2025-05-23 06:00:00.000000,21,normal
7202,1,,2025-05-23 06:00:00.000000,22,normal
7203,5,,2025-05-23 14:00:00.000000,19,normal
7204,2,,2025-05-23 14:00:00.000000,20,
7205,2,,2025-05-23 22:00:00.000000,22,ok
7206,5,,2025-05-23 22:00:00.000000,19,ok
7207,4,96.0,2025-05-24 02:57:03.846863,15,operador reseteo
7208,3,,2025-05-24 06:00:00.000000,20,s/n
7209,4,111.0,2025-05-24 09:59:51.858140,17,operador reseteo
7210,3,,2025-05-24 14:00:00.000000,19,ok
7211,4,,2025-05-24 14:00:00.000000,21,
7212,5,,2025-05-24 14:00:00.000000,20,s/n
7213,4,,2025-05-24 22:00:00.000000,20,
7214,1,,2025-05-24 22:00:00.000000,19,
7215,3,,2025-05-24 22:00:00.000000,21,s/n
7216,1,21.0,2025-05-24 23:08:26.630798,11,ok.
7217,2,51.0,2025-05-25 01:28:45.888299,14,sin novedad
7218,2,56.0,2025-05-25 02:21:48.740877,14,sin novedad
7219,5,,2025-05-25 06:00:00.000000,21,ok
7220,1,,2025-05-25 06:00:00.000000,21,s/n
7221,3,,2025-05-25 06:00:00.000000,19,
7222,4,,2025-05-25 06:00:00.000000,22,s/n
7223,4,85.0,2025-05-25 08:27:29.841848,17,operador reseteo
7224,2,,2025-05-25 14:00:00.000000,19,ok
7225,3,,2025-05-25 14:00:00.000000,21,normal
7226,4,,2025-05-25 14:00:00.000000,19,normal
7227,1,22.0,2025-05-25 19:10:34.597102,10,purga completa
7228,2,,2025-05-25 22:00:00.000000,22,normal
7229,5,,2025-05-25 22:00:00.000000,20,
7230,4,,2025-05-25 22:00:00.000000,22,ok
7231,5,124.0,2025-05-25 22:59:38.387079,14,OK
7232,4,99.0,2025-05-26 01:47:35.001193,13,OK
7233,3,,2025-05-26 06:00:00.000000,19,ok
7234,1,,2025-05-26 06:00:00.000000,21,ok
7235,5,,2025-05-26 06:00:00.000000,19,normal
7236,4,,2025-05-26 14:00:00.000000,22,ok
7237,2,,2025-05-26 14:00:00.000000,20,s/n
7238,5,127.0,2025-05-26 15:23:38.173514,16,sin intervencion
7239,5,139.0,2025-05-26 16:40:49.722372,3,por mantenimiento
7240,2,54.0,2025-05-26 17:06:29.578677,18,sin intervencion
7241,4,,2025-05-26 22:00:00.000000,20,ok
7242,2,,2025-05-26 22:00:00.000000,19,
7243,5,,2025-05-26 22:00:00.000000,21,s/n
7244,4,91.0,2025-05-26 22:14:45.150397,11,OK
7245,5,139.0,2025-05-26 22:20:07.699831,9,arranque normal
7246,4,108.0,2025-05-27 01:40:33.539138,13,sin novedad
7247,3,,2025-05-27 06:00:00.000000,22,ok
7248,5,,2025-05-27 06:00:00.000000,22,ok
7249,1,30.0,2025-05-27 07:41:48.056333,1,por mantenimiento
7250,2,57.0,2025-05-27 10:19:49.622234,11,
7251,1,30.0,2025-05-27 12:41:25.821824,9,OK
7252,5,136.0,2025-05-27 13:40:38.887372,11,ok.
7253,5,,2025-05-27 14:00:00.000000,21,normal
7254,4,,2025-05-27 14:00:00.000000,20,
7255,5,114.0,2025-05-27 19:03:48.404499,14,DRN OK
7256,1,,2025-05-27 22:00:00.000000,22,normal
7257,3,,2025-05-27 22:00:00.000000,21,s/n
7258,1,29.0,2025-05-28 02:42:02.611367,17,sin intervencion
7259,5,,2025-05-28 06:00:00.000000,22,normal
7260,2,,2025-05-28 07:19:06.811686,28,aviso proveedor externo
7261,1,36.0,2025-05-28 08:22:33.661747,10,OK
7262,2,56.0,2025-05-28 10:35:53.064091,15,restablecida sola
7263,4,,2025-05-28 14:00:00.000000,19,ok
7264,3,,2025-05-28 14:00:00.000000,22,ok
7265,5,,2025-05-28 14:00:00.000000,19,
7266,3,73.0,2025-05-28 17:07:22.348384,1,PARADA POR FALLA
7267,4,110.0,2025-05-28 18:02:11.862250,14,
7268,3,73.0,2025-05-28 18:55:52.653390,9,reanuda produccion
7269,1,,2025-05-28 22:00:00.000000,22,s/n
7270,3,,2025-05-28 22:00:00.000000,22,normal
7271,4,,2025-05-28 22:00:00.000000,20,normal
7272,5,,2025-05-28 22:00:00.000000,21,ok
7273,1,14.0,2025-05-29 00:39:32.214958,14,sin novedad
7274,2,48.0,2025-05-29 04:07:44.663403,18,sin intervencion
7275,3,69.0,2025-05-29 05:57:21.952812,10,purga completa
7276,5,,2025-05-29 06:00:00.000000,21,ok
7277,3,,2025-05-29 06:00:00.000000,20,
7278,2,,2025-05-29 06:00:00.000000,20,ok
7279,1,,2025-05-29 06:00:00.000000,21,
7280,1,5.0,2025-05-29 06:14:18.721320,14,OK
7281,1,32.0,2025-05-29 08:47:18.285017,17,restablecida sola
7282,1,,2025-05-29 10:18:13.271724,28,
7283,5,142.0,2025-05-29 10:41:16.732826,2,por mantenimiento
7284,1,29.0,2025-05-29 10:52:49.022377,10,
7285,5,,2025-05-29 14:00:00.000000,19,normal
7286,4,,2025-05-29 14:00:00.000000,22,
7287,5,142.0,2025-05-29 17:39:01.513021,6,arranque normal
7288,4,89.0,2025-05-29 20:00:39.429302,16,sin intervencion
7289,5,,2025-05-29 20:37:40.864267,28,
7290,4,,2025-05-29 22:00:00.000000,21,ok
7291,1,,2025-05-29 22:00:00.000000,22,ok
7292,2,,2025-05-29 22:00:00.000000,22,s/n
7293,5,,2025-05-29 22:00:00.000000,22,ok
7294,2,,2025-05-30 06:00:00.000000,21,s/n
7295,5,,2025-05-30 06:00:00.000000,22,
7296,3,,2025-05-30 06:00:00.000000,21,ok
7297,5,122.0,2025-05-30 06:42:33.859644,16,operador reseteo
7298,5,121.0,2025-05-30 07:56:42.146875,18,restablecida sola
7299,2,53.0,2025-05-30 13:23:56.091223,17,operador reseteo
7300,4,,2025-05-30 22:00:00.000000,20,normal
7301,5,,2025-05-30 22:00:00.000000,19,ok
7302,3,,2025-05-30 22:00:00.000000,22,s/n
7303,1,,2025-05-30 22:00:00.000000,21,normal
7304,1,27.0,2025-05-30 23:08:56.914929,10,ok.
7305,2,,2025-05-31 06:00:00.000000,21,s/n
7306,5,,2025-05-31 06:00:00.000000,21,normal
7307,3,,2025-05-31 06:00:00.000000,19,
7308,2,,2025-05-31 14:00:00.000000,19,normal
7309,1,19.0,2025-05-31 15:53:20.378094,13,sin novedad
7310,1,,2025-05-31 18:03:54.568795,28,ver informe adjunto
7311,5,125.0,2025-05-31 19:29:30.857452,12,OK
7312,1,,2025-05-31 22:00:00.000000,22,ok
7313,5,,2025-05-31 22:00:00.000000,22,s/n
7314,2,,2025-05-31 22:00:00.000000,22,
7315,3,73.0,2025-06-01 00:25:49.260379,12,OK
7316,1,10.0,2025-06-01 02:01:06.319606,10,OK
7317,5,,2025-06-01 06:00:00.000000,20,ok
7318,4,,2025-06-01 06:00:00.000000,19,ok
7319,2,,2025-06-01 06:00:00.000000,20,
7320,1,21.0,2025-06-01 07:29:51.060311,13,
7321,3,63.0,2025-06-01 13:25:13.575037,18,sin intervencion
7322,1,,2025-06-01 14:00:00.000000,20,
7323,3,,2025-06-01 14:00:00.000000,19,ok
7324,5,,2025-06-01 14:00:00.000000,19,ok
7325,3,,2025-06-01 22:00:00.000000,19,normal
7326,4,,2025-06-01 22:00:00.000000,22,
7327,1,29.0,2025-06-02 01:00:49.355508,16,operador reseteo
7328,3,,2025-06-02 06:00:00.000000,19,
7329,2,,2025-06-02 06:00:00.000000,21,
7330,4,,2025-06-02 06:00:00.000000,22,ok
7331,5,,2025-06-02 06:00:00.000000,22,s/n
7332,4,111.0,2025-06-02 09:24:06.560640,1,por mantenimiento
7333,4,111.0,2025-06-02 11:11:02.510958,8,
7334,3,64.0,2025-06-02 11:16:14.465143,12,purga completa
7335,3,,2025-06-02 14:00:00.000000,21,
7336,1,,2025-06-02 14:00:00.000000,22,normal
7337,2,,2025-06-02 14:00:00.000000,19,ok
7338,5,,2025-06-02 22:00:00.000000,22,ok
7339,2,,2025-06-02 22:00:00.000000,20,s/n
7340,4,92.0,2025-06-02 22:26:57.000430,11,
7341,1,8.0,2025-06-03 02:07:07.697197,13,
7342,4,,2025-06-03 03:59:27.576445,23,
7343,4,103.0,2025-06-03 04:20:03.184014,16,operador reseteo
7344,5,115.0,2025-06-03 05:11:36.070868,11,DRN OK
7345,3,77.0,2025-06-03 05:32:08.591274,13,ok.
7346,3,,2025-06-03 06:00:00.000000,21,normal
7347,5,,2025-06-03 06:00:00.000000,22,ok
7348,4,,2025-06-03 06:00:00.000000,21,ok
7349,1,,2025-06-03 06:00:00.000000,20,normal
7350,2,,2025-06-03 06:00:00.000000,21,
7351,2,57.0,2025-06-03 06:57:40.210037,12,DRN OK
7352,5,127.0,2025-06-03 10:45:18.991436,10,purga completa
7353,4,,2025-06-03 14:00:00.000000,20,normal
7354,5,,2025-06-03 14:00:00.000000,20,normal
7355,2,,2025-06-03 14:00:00.000000,20,
7356,1,,2025-06-03 14:00:00.000000,22,ok
7357,5,125.0,2025-06-03 15:01:55.958701,13,OK
7358,4,88.0,2025-06-03 18:03:22.127157,12,sin novedad
7359,4,105.0,2025-06-03 19:57:44.251601,15,restablecida sola
7360,2,,2025-06-03 22:00:00.000000,21,s/n
7361,3,,2025-06-03 22:00:00.000000,22,
7362,5,,2025-06-03 22:00:00.000000,19,s/n
7363,3,,2025-06-04 00:02:40.702000,27,aviso proveedor externo
7364,1,20.0,2025-06-04 02:51:30.362506,14,sin novedad
7365,5,134.0,2025-06-04 04:29:33.929353,10,sin novedad
7366,5,,2025-06-04 06:00:00.000000,19,normal
7367,4,,2025-06-04 06:00:00.000000,19,ok
7368,3,,2025-06-04 06:00:00.000000,19,s/n
7369,1,,2025-06-04 06:00:00.000000,21,ok
7370,2,59.0,2025-06-04 12:03:58.620436,14,OK
7371,4,,2025-06-04 14:00:00.000000,19,
7372,2,47.0,2025-06-04 14:15:26.264985,13,
7373,5,115.0,2025-06-04 16:37:42.037110,12,sin novedad
7374,1,29.0,2025-06-04 18:18:01.324911,18,restablecida sola
7375,4,,2025-06-04 22:00:00.000000,20,ok
7376,2,41.0,2025-06-05 04:55:55.947952,14,sin novedad
7377,4,,2025-06-05 06:00:00.000000,20,ok
7378,5,,2025-06-05 06:00:00.000000,22,ok
7379,3,77.0,2025-06-05 06:23:04.944406,18,sin intervencion
7380,1,15.0,2025-06-05 09:44:25.035298,14,ok.
7381,1,,2025-06-05 14:00:00.000000,19,
7382,5,,2025-06-05 14:00:00.000000,19,
7383,1,21.0,2025-06-05 15:32:44.578355,12,OK
7384,5,124.0,2025-06-05 15:42:09.119112,10,
7385,3,,2025-06-05 22:00:00.000000,19,
7386,3,,2025-06-06 01:46:04.829804,28,aviso proveedor externo
7387,5,142.0,2025-06-06 04:04:04.469065,18,operador reseteo
7388,1,,2025-06-06 06:00:00.000000,19,
7389,5,,2025-06-06 06:00:00.000000,21,
7390,4,,2025-06-06 06:00:00.000000,19,normal
7391,2,45.0,2025-06-06 11:05:29.487428,10,DRN OK
7392,4,,2025-06-06 14:00:00.000000,22,normal
7393,5,,2025-06-06 14:00:00.000000,22,normal
7394,2,,2025-06-06 14:00:00.000000,21,
7395,2,,2025-06-06 22:00:00.000000,22,s/n
7396,5,,2025-06-06 22:00:00.000000,20,normal
7397,3,,2025-06-06 22:09:53.952750,26,aviso proveedor externo
7398,5,141.0,2025-06-06 23:57:36.312998,11,sin novedad
7399,4,91.0,2025-06-07 04:23:18.116886,17,operador reseteo
7400,4,,2025-06-07 06:00:00.000000,22,s/n
7401,1,,2025-06-07 06:00:00.000000,19,s/n
7402,3,63.0,2025-06-07 07:12:33.838048,13,purga completa
7403,4,100.0,2025-06-07 08:31:46.807382,13,OK
7404,2,55.0,2025-06-07 11:50:57.100448,17,restablecida sola
7405,2,,2025-06-07 14:00:00.000000,19,normal
7406,5,,2025-06-07 14:00:00.000000,19,
7407,1,,2025-06-07 14:00:00.000000,21,normal
7408,3,,2025-06-07 14:00:00.000000,19,
7409,5,142.0,2025-06-07 16:26:21.988324,13,
7410,2,48.0,2025-06-07 18:17:23.307512,14,purga completa
7411,2,44.0,2025-06-07 19:21:38.407794,12,
7412,4,105.0,2025-06-07 21:34:09.706793,11,ok.
7413,4,,2025-06-07 22:00:00.000000,21,normal
7414,3,69.0,2025-06-07 22:35:56.812671,12,ok.
7415,4,85.0,2025-06-08 04:56:15.711910,13,DRN OK
7416,3,,2025-06-08 06:00:00.000000,21,s/n
7417,1,,2025-06-08 06:00:00.000000,20,s/n
7418,2,45.0,2025-06-08 09:00:37.518682,10,
7419,4,87.0,2025-06-08 09:18:27.030313,11,sin novedad
7420,2,46.0,2025-06-08 12:25:44.894966,11,sin novedad
7421,1,12.0,2025-06-08 12:33:28.715248,18,operador reseteo
7422,2,,2025-06-08 14:00:00.000000,21,normal
7423,1,29.0,2025-06-08 19:09:12.524781,15,restablecida sola
7424,3,,2025-06-08 22:00:00.000000,21,
7425,3,79.0,2025-06-08 22:37:08.399344,11,
7426,2,40.0,2025-06-08 22:54:27.514551,16,operador reseteo
7427,2,,2025-06-09 06:00:00.000000,21,normal
7428,1,,2025-06-09 06:00:00.000000,20,
7429,3,72.0,2025-06-09 09:00:40.054727,16,restablecida sola
7430,3,71.0,2025-06-09 10:22:23.857120,16,sin intervencion
7431,2,59.0,2025-06-09 10:54:26.565676,15,sin intervencion
7432,1,6.0,2025-06-09 11:13:59.248929,14,sin novedad
7433,4,84.0,2025-06-09 11:28:58.919535,11,sin novedad
7434,3,,2025-06-09 14:00:00.000000,21,s/n
7435,5,,2025-06-09 14:00:00.000000,22,normal
7436,3,76.0,2025-06-09 15:54:51.039898,13,ok.
7437,4,,2025-06-09 17:13:00.234385,26,aviso proveedor externo
7438,5,124.0,2025-06-09 17:37:09.703392,11,OK
7439,3,,2025-06-09 22:00:00.000000,20,ok
7440,5,,2025-06-09 22:00:00.000000,20,s/n
7441,4,,2025-06-09 22:00:00.000000,22,
7442,2,,2025-06-10 06:00:00.000000,19,s/n
7443,5,,2025-06-10 06:00:00.000000,21,
7444,3,75.0,2025-06-10 06:08:31.502564,13,ok.
7445,1,11.0,2025-06-10 07:48:40.311366,12,ok.
7446,3,68.0,2025-06-10 08:25:04.266272,14,ok.
7447,1,25.0,2025-06-10 08:29:36.230673,16,restablecida sola
7448,5,122.0,2025-06-10 09:02:10.378469,12,purga completa
7449,5,114.0,2025-06-10 11:03:27.147542,11,sin novedad
7450,4,91.0,2025-06-10 12:08:08.718196,11,
7451,3,,2025-06-10 14:00:00.000000,22,normal
7452,4,,2025-06-10 22:00:00.000000,20,
7453,2,,2025-06-10 22:00:00.000000,21,normal
7454,3,65.0,2025-06-10 23:49:29.701800,17,restablecida sola
7455,2,,2025-06-11 06:00:00.000000,20,ok
7456,2,40.0,2025-06-11 07:48:07.536055,14,
7457,3,80.0,2025-06-11 10:03:07.903583,16,operador reseteo
7458,1,,2025-06-11 14:00:00.000000,19,
7459,3,,2025-06-11 14:00:00.000000,20,
7460,5,142.0,2025-06-11 15:48:42.121295,10,sin novedad
7461,4,,2025-06-11 18:16:01.292211,28,aviso proveedor externo
7462,4,88.0,2025-06-11 18:59:08.574219,14,ok.
7463,5,,2025-06-11 22:00:00.000000,22,
7464,1,,2025-06-11 22:00:00.000000,19,
7465,1,24.0,2025-06-12 03:04:51.549149,10,ok.
7466,4,102.0,2025-06-12 05:10:35.372082,14,DRN OK
7467,2,,2025-06-12 06:00:00.000000,21,
7468,3,68.0,2025-06-12 07:15:25.156692,16,sin intervencion
7469,2,53.0,2025-06-12 09:20:51.292480,12,purga completa
7470,1,10.0,2025-06-12 13:54:51.843480,11,OK
7471,3,,2025-06-12 14:00:00.000000,22,normal
7472,5,,2025-06-12 14:00:00.000000,19,
7473,1,,2025-06-12 14:00:00.000000,19,normal
7474,2,52.0,2025-06-12 14:15:13.603117,16,restablecida sola
7475,5,129.0,2025-06-12 14:44:46.518675,11,
7476,1,24.0,2025-06-12 16:07:28.560290,15,sin intervencion
7477,3,63.0,2025-06-12 18:52:26.982955,10,
7478,2,,2025-06-13 06:00:00.000000,20,s/n
7479,1,,2025-06-13 06:00:00.000000,20,
7480,4,,2025-06-13 07:09:45.423901,24,aviso proveedor externo
7481,2,53.0,2025-06-13 11:54:39.344972,16,sin intervencion
7482,2,57.0,2025-06-13 12:58:14.618603,11,ok.
7483,3,,2025-06-13 14:00:00.000000,20,
7484,5,121.0,2025-06-13 16:35:13.654172,13,DRN OK
7485,3,76.0,2025-06-13 17:09:18.051047,12,DRN OK
7486,3,,2025-06-13 22:00:00.000000,22,normal
7487,2,,2025-06-13 22:00:00.000000,19,normal
7488,2,42.0,2025-06-14 00:08:23.871001,10,sin novedad
7489,4,,2025-06-14 06:00:00.000000,20,normal
7490,3,79.0,2025-06-14 08:37:33.343691,12,purga completa
7491,5,132.0,2025-06-14 09:57:00.416494,13,
7492,4,102.0,2025-06-14 11:36:50.909633,13,DRN OK
7493,1,13.0,2025-06-14 13:49:31.723845,11,
7494,3,,2025-06-14 14:00:00.000000,20,ok
7495,2,,2025-06-14 14:00:00.000000,19,
7496,3,72.0,2025-06-14 18:04:46.618097,15,restablecida sola
7497,4,,2025-06-14 22:00:00.000000,20,ok
7498,5,,2025-06-14 22:00:00.000000,19,ok
7499,2,,2025-06-14 22:00:00.000000,21,ok
7500,1,,2025-06-15 06:00:00.000000,19,s/n
7501,4,96.0,2025-06-15 08:03:52.078080,11,ok.
7502,4,,2025-06-15 14:00:00.000000,20,s/n
7503,2,,2025-06-15 14:00:00.000000,22,
7504,3,,2025-06-15 14:00:00.000000,19,normal
7505,3,72.0,2025-06-15 17:18:15.131476,12,OK
7506,3,81.0,2025-06-15 18:59:29.680889,16,operador reseteo
7507,1,,2025-06-15 22:00:00.000000,19,s/n
7508,5,,2025-06-15 22:00:00.000000,20,s/n
7509,5,115.0,2025-06-16 01:08:34.270199,10,sin novedad
7510,5,118.0,2025-06-16 03:28:14.588267,13,sin novedad
7511,2,44.0,2025-06-16 04:40:10.254105,11,DRN OK
7512,1,5.0,2025-06-16 04:49:20.561472,10,OK
7513,4,103.0,2025-06-16 05:56:04.116454,12,ok.
7514,1,,2025-06-16 06:00:00.000000,19,ok
7515,2,,2025-06-16 06:00:00.000000,21,normal
7516,3,80.0,2025-06-16 06:49:31.212162,13,
7517,3,77.0,2025-06-16 07:01:25.198726,13,ok.
7518,4,102.0,2025-06-16 09:08:27.931846,18,sin intervencion
7519,5,125.0,2025-06-16 10:05:18.055624,17,sin intervencion
7520,5,126.0,2025-06-16 11:42:22.021964,11,OK
7521,3,,2025-06-16 14:00:00.000000,20,ok
7522,1,,2025-06-16 14:00:00.000000,19,
7523,4,,2025-06-16 14:00:00.000000,22,s/n
7524,2,,2025-06-16 17:43:48.524268,25,ver informe adjunto
7525,4,,2025-06-16 22:00:00.000000,21,
7526,1,,2025-06-16 22:00:00.000000,22,normal
7527,3,,2025-06-16 22:00:00.000000,21,ok
7528,4,104.0,2025-06-16 22:10:22.263457,11,OK
7529,3,73.0,2025-06-17 00:36:56.544114,17,sin intervencion
7530,1,25.0,2025-06-17 01:02:55.836903,13,sin novedad
7531,2,51.0,2025-06-17 05:33:07.110250,12,sin novedad
7532,1,,2025-06-17 06:00:00.000000,22,ok
7533,2,,2025-06-17 06:00:00.000000,22,
7534,2,57.0,2025-06-17 06:55:34.911044,15,operador reseteo
7535,1,,2025-06-17 14:00:00.000000,20,s/n
7536,5,,2025-06-17 14:00:00.000000,21,
7537,3,,2025-06-17 14:00:00.000000,20,
7538,4,,2025-06-17 22:00:00.000000,21,
7539,3,,2025-06-17 22:00:00.000000,22,s/n
7540,2,,2025-06-18 06:00:00.000000,19,s/n
7541,3,,2025-06-18 06:00:00.000000,19,s/n
7542,4,,2025-06-18 06:00:00.000000,21,s/n
7543,2,39.0,2025-06-18 08:08:58.152766,17,restablecida sola
7544,5,136.0,2025-06-18 10:01:01.105583,10,purga completa
7545,2,56.0,2025-06-18 13:58:48.014435,11,
7546,1,,2025-06-18 14:00:00.000000,20,ok
7547,2,,2025-06-18 14:00:00.000000,22,ok
7548,1,24.0,2025-06-18 14:14:09.536776,5,por mantenimiento
7549,1,27.0,2025-06-18 14:31:15.353785,14,
7550,4,100.0,2025-06-18 14:36:27.104726,12,
7551,1,3.0,2025-06-18 17:03:23.724713,10,
7552,1,24.0,2025-06-18 17:55:29.318335,9,reanuda produccion
7553,2,55.0,2025-06-18 20:01:39.735960,4,por mantenimiento
7554,3,69.0,2025-06-18 20:04:57.667781,11,OK
7555,4,,2025-06-18 22:00:00.000000,22,s/n
7556,1,,2025-06-19 06:00:00.000000,20,normal
7557,3,,2025-06-19 06:00:00.000000,20,normal
7558,4,,2025-06-19 06:00:00.000000,20,
7559,2,55.0,2025-06-19 11:30:15.674203,7,arranque normal
7560,4,,2025-06-19 14:00:00.000000,22,normal
7561,3,,2025-06-19 14:00:00.000000,21,
7562,1,37.0,2025-06-19 14:43:29.381108,10,OK
7563,5,145.0,2025-06-19 17:29:21.351668,12,DRN OK
7564,1,33.0,2025-06-19 17:37:14.513256,13,purga completa
7565,4,,2025-06-19 22:00:00.000000,21,s/n
7566,3,,2025-06-19 22:00:00.000000,19,ok
7567,5,,2025-06-19 22:00:00.000000,19,normal
7568,2,42.0,2025-06-20 01:21:45.236097,17,operador reseteo
7569,5,138.0,2025-06-20 06:24:26.030120,13,OK
7570,4,111.0,2025-06-20 12:11:16.076344,11,ok.
7571,5,,2025-06-20 14:00:00.000000,22,ok
7572,4,,2025-06-20 14:00:00.000000,22,
7573,3,,2025-06-20 14:00:00.000000,21,ok
7574,1,,2025-06-20 14:00:00.000000,20,s/n
7575,2,39.0,2025-06-20 18:44:23.156614,15,sin intervencion
7576,5,,2025-06-20 22:00:00.000000,22,
7577,3,,2025-06-20 22:00:00.000000,20,normal
7578,1,36.0,2025-06-21 01:29:19.444486,15,operador reseteo
7579,4,97.0,2025-06-21 01:47:51.588769,14,sin novedad
7580,3,,2025-06-21 06:00:00.000000,19,
7581,5,,2025-06-21 06:00:00.000000,19,s/n
7582,3,66.0,2025-06-21 10:15:45.579310,13,sin novedad
7583,2,53.0,2025-06-21 13:13:18.480551,12,OK
7584,3,,2025-06-21 14:00:00.000000,19,s/n
7585,4,,2025-06-21 14:00:00.000000,20,normal
7586,5,131.0,2025-06-21 20:20:37.516227,13,ok.
7587,1,,2025-06-21 20:37:32.319597,28,ver informe adjunto
7588,3,,2025-06-21 22:00:00.000000,21,ok
7589,4,,2025-06-21 22:00:00.000000,20,s/n
7590,2,,2025-06-21 22:00:00.000000,19,
7591,3,69.0,2025-06-22 02:49:38.791079,11,ok.
7592,3,,2025-06-22 06:00:00.000000,20,
7593,2,,2025-06-22 06:00:00.000000,21,normal
7594,3,,2025-06-22 14:00:00.000000,21,normal
7595,4,,2025-06-22 14:00:00.000000,22,normal
7596,1,,2025-06-22 22:00:00.000000,21,normal
7597,3,,2025-06-22 22:00:00.000000,19,normal
7598,4,,2025-06-22 22:00:00.000000,19,
7599,2,,2025-06-22 22:00:00.000000,19,normal
7600,1,20.0,2025-06-23 04:32:04.641176,12,ok.
7601,1,37.0,2025-06-23 04:45:43.108503,14,sin novedad
7602,1,,2025-06-23 06:00:00.000000,20,
7603,2,,2025-06-23 06:00:00.000000,21,ok
7604,4,,2025-06-23 06:00:00.000000,22,
7605,3,,2025-06-23 06:00:00.000000,22,normal
7606,2,40.0,2025-06-23 08:35:47.403087,12,DRN OK
7607,5,,2025-06-23 14:00:00.000000,20,
7608,5,142.0,2025-06-23 14:04:46.185946,14,OK
7609,4,,2025-06-23 21:36:46.193321,24,ver informe adjunto
7610,5,,2025-06-23 22:00:00.000000,21,normal
7611,1,,2025-06-23 22:00:00.000000,21,normal
7612,2,,2025-06-23 22:00:00.000000,19,ok
7613,4,109.0,2025-06-24 02:14:15.073338,13,purga completa
7614,1,,2025-06-24 06:00:00.000000,21,normal
7615,4,,2025-06-24 06:00:00.000000,19,
7616,5,,2025-06-24 06:00:00.000000,19,
7617,4,90.0,2025-06-24 08:56:42.476506,4,PARADA POR FALLA
7618,1,31.0,2025-06-24 11:53:00.363361,12,purga completa
7619,2,59.0,2025-06-24 12:13:25.323733,5,PARADA POR FALLA
7620,5,,2025-06-24 14:00:00.000000,22,ok
7621,4,,2025-06-24 14:00:00.000000,19,
7622,1,19.0,2025-06-24 14:12:48.070406,11,
7623,4,90.0,2025-06-24 14:26:16.232188,6,reanuda produccion
7624,3,80.0,2025-06-24 17:42:23.411308,14,ok.
7625,2,55.0,2025-06-24 19:53:02.479869,16,operador reseteo
7626,2,59.0,2025-06-24 21:32:12.003428,6,reanuda produccion
7627,4,87.0,2025-06-24 21:53:07.611828,3,por mantenimiento
7628,5,,2025-06-24 22:00:00.000000,22,normal
7629,3,,2025-06-24 22:00:00.000000,21,
7630,1,,2025-06-24 22:00:00.000000,20,
7631,3,80.0,2025-06-25 03:01:39.668469,12,OK
7632,4,,2025-06-25 03:14:43.263160,27,ver informe adjunto
7633,1,24.0,2025-06-25 03:56:29.742266,14,ok.
7634,4,,2025-06-25 06:00:00.000000,19,s/n
7635,3,,2025-06-25 06:00:00.000000,22,s/n
7636,2,,2025-06-25 06:00:00.000000,21,ok
7637,1,,2025-06-25 06:00:00.000000,21,s/n
7638,5,,2025-06-25 06:00:00.000000,19,
7639,3,65.0,2025-06-25 10:23:32.044263,14,
7640,4,,2025-06-25 14:00:00.000000,22,s/n
7641,5,,2025-06-25 14:00:00.000000,21,normal
7642,3,,2025-06-25 14:00:00.000000,20,s/n
7643,2,52.0,2025-06-25 18:41:57.536611,12,ok.
7644,4,87.0,2025-06-25 19:55:26.215232,7,reanuda produccion
7645,5,115.0,2025-06-25 21:43:58.692599,16,operador reseteo
7646,5,,2025-06-25 22:00:00.000000,19,s/n
7647,3,,2025-06-25 22:00:00.000000,22,
7648,4,,2025-06-25 22:00:00.000000,21,s/n
7649,1,,2025-06-25 22:00:00.000000,22,s/n
7650,5,,2025-06-26 03:58:56.078200,28,ver informe adjunto
7651,3,,2025-06-26 06:00:00.000000,21,ok
7652,1,,2025-06-26 06:00:00.000000,22,s/n
7653,4,110.0,2025-06-26 07:34:51.064519,10,ok.
7654,2,41.0,2025-06-26 08:43:17.780136,16,operador reseteo
7655,2,51.0,2025-06-26 11:02:52.051508,12,purga completa
7656,2,44.0,2025-06-26 11:56:29.996965,10,OK
7657,1,24.0,2025-06-26 13:18:51.736263,13,ok.
7658,1,,2025-06-26 14:00:00.000000,21,normal
7659,5,,2025-06-26 14:00:00.000000,21,
7660,1,17.0,2025-06-26 17:05:44.782179,18,restablecida sola
7661,2,,2025-06-26 22:00:00.000000,19,s/n
7662,1,25.0,2025-06-26 22:45:51.766148,10,purga completa
7663,3,65.0,2025-06-26 22:47:17.584035,12,DRN OK
7664,3,68.0,2025-06-26 23:56:19.271380,13,purga completa
7665,1,11.0,2025-06-27 00:42:58.304354,14,ok.
7666,4,,2025-06-27 06:00:00.000000,19,normal
7667,3,,2025-06-27 06:00:00.000000,19,normal
7668,5,,2025-06-27 06:00:00.000000,21,normal
7669,1,3.0,2025-06-27 08:35:52.690994,12,OK
7670,4,,2025-06-27 14:00:00.000000,19,normal
7671,1,,2025-06-27 14:00:00.000000,22,ok
7672,5,136.0,2025-06-27 16:56:23.172992,14,purga completa
7673,1,2.0,2025-06-27 21:15:08.274948,16,operador reseteo
7674,1,20.0,2025-06-27 21:56:47.724342,11,sin novedad
7675,4,,2025-06-27 22:00:00.000000,19,ok
7676,2,,2025-06-27 22:00:00.000000,20,ok
7677,5,,2025-06-27 22:00:00.000000,19,normal
7678,3,,2025-06-28 06:00:00.000000,21,
7679,4,,2025-06-28 06:00:00.000000,22,s/n
7680,3,81.0,2025-06-28 10:07:45.709072,11,purga completa
7681,2,60.0,2025-06-28 11:04:18.079608,14,ok.
7682,5,116.0,2025-06-28 12:08:40.385880,18,operador reseteo
7683,3,63.0,2025-06-28 13:28:13.188338,1,PARADA POR FALLA
7684,3,,2025-06-28 14:00:00.000000,22,
7685,3,63.0,2025-06-28 16:41:08.707883,8,OK
7686,3,79.0,2025-06-28 21:49:16.297339,14,OK
7687,5,,2025-06-28 22:00:00.000000,19,normal
7688,2,,2025-06-28 22:00:00.000000,20,s/n
7689,3,76.0,2025-06-29 01:34:26.586536,11,ok.
7690,3,77.0,2025-06-29 04:02:23.472330,17,operador reseteo
7691,5,,2025-06-29 06:00:00.000000,21,
7692,2,,2025-06-29 06:00:00.000000,20,normal
7693,1,,2025-06-29 06:00:00.000000,21,s/n
7694,5,136.0,2025-06-29 06:45:06.321060,13,purga completa
7695,5,132.0,2025-06-29 08:25:49.025254,13,purga completa
7696,4,,2025-06-29 14:00:00.000000,22,ok
7697,2,,2025-06-29 14:00:00.000000,20,ok
7698,2,45.0,2025-06-29 14:46:15.649294,15,sin intervencion
7699,5,125.0,2025-06-29 15:17:24.807228,12,ok.
7700,1,,2025-06-29 22:00:00.000000,22,s/n
7701,2,,2025-06-29 22:00:00.000000,21,ok
7702,1,37.0,2025-06-29 22:28:11.352058,12,DRN OK
7703,2,40.0,2025-06-29 23:36:05.449280,13,sin novedad
7704,2,57.0,2025-06-30 00:06:10.188340,12,purga completa
7705,1,37.0,2025-06-30 01:12:04.009209,17,operador reseteo
7706,3,,2025-06-30 06:00:00.000000,21,
7707,5,,2025-06-30 06:00:00.000000,20,ok
7708,4,,2025-06-30 06:00:00.000000,21,normal
7709,3,65.0,2025-06-30 06:22:03.924965,15,sin intervencion
7710,2,61.0,2025-06-30 08:58:42.485010,2,PARADA POR FALLA
7711,5,142.0,2025-06-30 08:59:18.386362,13,purga completa
7712,3,77.0,2025-06-30 10:03:25.913447,15,sin intervencion
7713,1,17.0,2025-06-30 11:34:09.614666,13,DRN OK
7714,3,77.0,2025-06-30 11:59:09.290363,14,ok.
7715,5,144.0,2025-06-30 12:58:55.286655,2,por mantenimiento
7716,4,,2025-06-30 14:00:00.000000,22,ok
7717,5,,2025-06-30 14:00:00.000000,20,normal
7718,5,144.0,2025-06-30 15:13:43.680728,7,reanuda produccion
7719,2,55.0,2025-06-30 17:44:26.766389,14,OK
7720,3,81.0,2025-06-30 17:58:06.385558,18,operador reseteo
7721,2,48.0,2025-06-30 21:39:39.905585,12,OK
7722,3,,2025-06-30 22:00:00.000000,22,normal
7723,5,,2025-06-30 22:00:00.000000,20,s/n
7724,2,61.0,2025-07-01 05:37:30.657018,8,OK
7725,4,,2025-07-01 06:00:00.000000,21,
7726,1,,2025-07-01 06:00:00.000000,21,
7727,3,75.0,2025-07-01 08:52:16.659813,17,restablecida sola
7728,5,125.0,2025-07-01 11:20:43.257106,15,operador reseteo
7729,3,,2025-07-01 14:00:00.000000,19,ok
7730,4,,2025-07-01 14:00:00.000000,22,
7731,2,,2025-07-01 14:00:00.000000,19,ok
7732,3,71.0,2025-07-01 15:33:51.624876,12,
7733,2,51.0,2025-07-01 21:20:24.166881,16,restablecida sola
7734,4,,2025-07-01 22:00:00.000000,21,ok
7735,4,,2025-07-01 22:32:29.855388,29,aviso proveedor externo
7736,2,44.0,2025-07-02 03:41:02.916163,11,purga completa
7737,1,13.0,2025-07-02 03:59:24.393005,15,operador reseteo
7738,1,,2025-07-02 06:00:00.000000,21,ok
7739,3,73.0,2025-07-02 06:07:21.381767,13,sin novedad
7740,3,77.0,2025-07-02 06:35:15.056123,14,sin novedad
7741,3,64.0,2025-07-02 06:41:31.020175,16,operador reseteo
7742,4,99.0,2025-07-02 08:48:26.518664,10,DRN OK
7743,5,126.0,2025-07-02 10:03:19.913178,2,PARADA POR FALLA
7744,4,99.0,2025-07-02 11:01:17.802948,16,operador reseteo
7745,1,14.0,2025-07-02 13:00:14.026165,1,por mantenimiento
7746,2,,2025-07-02 14:00:00.000000,21,
7747,1,,2025-07-02 14:00:00.000000,19,normal
7748,5,126.0,2025-07-02 14:34:11.786411,9,reanuda produccion
7749,1,21.0,2025-07-02 17:14:25.984145,14,OK
7750,1,14.0,2025-07-02 18:32:37.302601,6,arranque normal
7751,3,80.0,2025-07-02 18:47:36.026829,10,DRN OK
7752,3,,2025-07-02 22:00:00.000000,20,normal
7753,4,,2025-07-02 22:00:00.000000,21,normal
7754,2,60.0,2025-07-03 02:08:32.884332,14,
7755,3,,2025-07-03 06:00:00.000000,22,
7756,4,,2025-07-03 06:00:00.000000,20,
7757,1,,2025-07-03 06:00:00.000000,21,
7758,5,,2025-07-03 06:00:00.000000,21,s/n
7759,1,10.0,2025-07-03 06:06:58.319284,13,purga completa
7760,5,121.0,2025-07-03 14:50:19.559699,13,sin novedad
7761,5,141.0,2025-07-03 16:02:11.263674,13,ok.
7762,2,44.0,2025-07-03 20:17:56.063356,14,OK
7763,4,,2025-07-03 22:00:00.000000,22,s/n
7764,2,61.0,2025-07-04 05:33:02.986311,13,ok.
7765,3,,2025-07-04 06:00:00.000000,19,ok
7766,5,,2025-07-04 06:00:00.000000,19,
7767,3,77.0,2025-07-04 08:32:27.716050,12,DRN OK
7768,1,24.0,2025-07-04 12:09:42.641498,13,purga completa
7769,3,,2025-07-04 14:00:00.000000,22,
7770,1,,2025-07-04 14:00:00.000000,22,ok
7771,5,,2025-07-04 14:00:00.000000,20,s/n
7772,2,45.0,2025-07-04 19:36:38.309177,17,operador reseteo
7773,3,,2025-07-04 22:00:00.000000,19,
7774,2,,2025-07-04 22:00:00.000000,22,
7775,4,,2025-07-04 22:00:00.000000,22,s/n
7776,5,,2025-07-04 22:00:00.000000,20,ok
7777,3,73.0,2025-07-04 22:19:12.193137,16,sin intervencion
7778,4,104.0,2025-07-05 01:29:54.412835,11,purga completa
7779,2,54.0,2025-07-05 02:25:21.963949,13,OK
7780,4,,2025-07-05 06:00:00.000000,20,normal
7781,1,37.0,2025-07-05 07:26:59.841070,16,restablecida sola
7782,4,97.0,2025-07-05 09:00:24.038268,12,
7783,5,124.0,2025-07-05 12:04:28.319223,10,OK
7784,4,,2025-07-05 14:00:00.000000,22,
7785,5,,2025-07-05 14:00:00.000000,21,
7786,1,,2025-07-05 14:00:00.000000,22,ok
7787,4,111.0,2025-07-05 18:43:18.016765,13,ok.
7788,3,,2025-07-05 22:00:00.000000,20,
7789,4,,2025-07-05 22:00:00.000000,21,ok
7790,4,,2025-07-06 06:00:00.000000,19,
7791,1,,2025-07-06 06:00:00.000000,19,ok
7792,2,,2025-07-06 06:00:00.000000,22,
7793,4,107.0,2025-07-06 10:58:10.281198,15,sin intervencion
7794,5,133.0,2025-07-06 11:01:14.525844,17,sin intervencion
7795,5,146.0,2025-07-06 11:43:43.564496,13,
7796,1,36.0,2025-07-06 12:16:16.724975,10,DRN OK
7797,3,,2025-07-06 14:00:00.000000,21,ok
7798,2,,2025-07-06 14:00:00.000000,22,ok
7799,4,92.0,2025-07-06 15:47:07.325766,2,PARADA POR FALLA
7800,3,68.0,2025-07-06 20:38:00.034347,11,ok.
7801,5,,2025-07-06 22:00:00.000000,22,s/n
7802,3,,2025-07-06 22:00:00.000000,22,s/n
7803,4,84.0,2025-07-06 23:41:40.408542,17,sin intervencion
7804,2,,2025-07-07 06:00:00.000000,21,
7805,5,,2025-07-07 06:00:00.000000,21,normal
7806,1,,2025-07-07 06:00:00.000000,21,
7807,3,,2025-07-07 06:00:00.000000,21,s/n
7808,4,92.0,2025-07-07 11:36:54.830039,7,reanuda produccion
7809,2,,2025-07-07 14:00:00.000000,22,ok
7810,3,66.0,2025-07-07 16:45:04.406832,10,sin novedad
7811,3,72.0,2025-07-07 18:58:02.097825,13,sin novedad
7812,1,35.0,2025-07-07 20:40:43.269694,16,restablecida sola
7813,4,,2025-07-07 22:00:00.000000,19,normal
7814,2,,2025-07-07 22:00:00.000000,19,ok
7815,5,,2025-07-07 22:00:00.000000,19,ok
7816,3,,2025-07-07 22:00:00.000000,19,ok
7817,3,81.0,2025-07-07 22:25:15.229067,10,
7818,2,46.0,2025-07-08 04:46:30.052947,15,sin intervencion
7819,1,26.0,2025-07-08 05:52:48.322149,10,DRN OK
7820,2,,2025-07-08 06:00:00.000000,21,normal
7821,5,,2025-07-08 06:00:00.000000,21,normal
7822,1,20.0,2025-07-08 06:21:51.789035,10,DRN OK
7823,2,47.0,2025-07-08 06:52:06.022448,12,DRN OK
7824,1,,2025-07-08 14:00:00.000000,19,
7825,3,,2025-07-08 14:00:00.000000,22,normal
7826,5,144.0,2025-07-08 20:01:54.829296,12,sin novedad
7827,1,,2025-07-08 22:00:00.000000,21,normal
7828,5,,2025-07-08 22:00:00.000000,22,ok
7829,3,,2025-07-08 22:00:00.000000,22,normal
7830,4,93.0,2025-07-09 03:37:26.386328,13,ok.
7831,3,,2025-07-09 06:00:00.000000,22,ok
7832,4,,2025-07-09 06:00:00.000000,21,ok
7833,1,17.0,2025-07-09 10:52:18.204945,11,OK
7834,1,12.0,2025-07-09 12:55:58.788901,5,
7835,4,,2025-07-09 14:00:00.000000,21,ok
7836,3,,2025-07-09 14:00:00.000000,19,
7837,2,,2025-07-09 14:00:00.000000,22,s/n
7838,5,123.0,2025-07-09 18:07:09.517674,10,sin novedad
7839,1,12.0,2025-07-09 19:06:46.241270,9,OK
7840,5,133.0,2025-07-09 21:40:59.611262,18,operador reseteo
7841,5,,2025-07-09 22:00:00.000000,20,s/n
7842,3,,2025-07-09 22:00:00.000000,21,ok
7843,1,,2025-07-09 22:00:00.000000,19,ok
7844,2,,2025-07-09 22:00:00.000000,22,ok
7845,4,,2025-07-09 22:00:00.000000,22,normal
7846,1,25.0,2025-07-09 22:10:24.006884,3,
7847,1,5.0,2025-07-10 02:18:35.143791,11,sin novedad
7848,5,146.0,2025-07-10 03:53:11.499340,10,purga completa
7849,2,53.0,2025-07-10 04:59:21.479030,13,ok.
7850,2,,2025-07-10 06:00:00.000000,22,ok
7851,5,,2025-07-10 06:00:00.000000,20,ok
7852,4,107.0,2025-07-10 09:26:14.313986,13,ok.
7853,3,,2025-07-10 10:23:18.730932,27,aviso proveedor externo
7854,4,90.0,2025-07-10 13:25:59.533963,11,OK
7855,2,,2025-07-10 14:00:00.000000,19,ok
7856,1,,2025-07-10 14:00:00.000000,19,
7857,3,66.0,2025-07-10 20:12:21.046160,14,
7858,3,,2025-07-10 22:00:00.000000,20,
7859,1,30.0,2025-07-11 00:04:43.000385,16,operador reseteo
7860,1,25.0,2025-07-11 05:32:49.448581,7,arranque normal
7861,2,,2025-07-11 06:00:00.000000,20,ok
7862,3,,2025-07-11 06:00:00.000000,20,
7863,5,,2025-07-11 06:00:00.000000,19,
7864,5,136.0,2025-07-11 08:10:44.540261,11,purga completa
7865,5,,2025-07-11 09:16:11.986183,28,aviso proveedor externo
7866,2,57.0,2025-07-11 13:04:23.930404,16,operador reseteo
7867,4,,2025-07-11 14:00:00.000000,22,
7868,3,,2025-07-11 14:00:00.000000,22,s/n
7869,2,,2025-07-11 14:00:00.000000,20,
7870,5,,2025-07-11 14:00:00.000000,19,
7871,1,,2025-07-11 14:00:00.000000,19,normal
7872,3,75.0,2025-07-11 16:08:06.525979,16,operador reseteo
7873,2,,2025-07-11 22:00:00.000000,22,s/n
7874,1,,2025-07-11 22:00:00.000000,20,s/n
7875,4,89.0,2025-07-12 00:45:35.159792,12,
7876,4,104.0,2025-07-12 02:10:35.070478,15,operador reseteo
7877,1,10.0,2025-07-12 05:32:30.463744,17,sin intervencion
7878,1,,2025-07-12 06:00:00.000000,19,ok
7879,2,,2025-07-12 06:00:00.000000,19,normal
7880,5,,2025-07-12 06:00:00.000000,21,ok
7881,2,41.0,2025-07-12 07:24:58.547725,16,sin intervencion
7882,2,40.0,2025-07-12 09:49:21.034264,16,sin intervencion
7883,2,,2025-07-12 14:00:00.000000,19,
7884,5,,2025-07-12 14:00:00.000000,20,ok
7885,1,35.0,2025-07-12 17:40:42.874928,18,operador reseteo
7886,5,,2025-07-12 19:15:04.706390,27,ver informe adjunto
7887,2,,2025-07-12 22:00:00.000000,19,
7888,2,41.0,2025-07-13 01:58:40.121166,13,OK
7889,3,66.0,2025-07-13 02:19:24.994809,10,
7890,3,80.0,2025-07-13 03:58:23.638989,10,
7891,4,89.0,2025-07-13 05:12:03.888318,17,sin intervencion
7892,3,,2025-07-13 06:00:00.000000,20,
7893,4,,2025-07-13 06:00:00.000000,22,s/n
7894,2,56.0,2025-07-13 12:13:55.462983,17,restablecida sola
7895,2,53.0,2025-07-13 13:47:15.968647,12,DRN OK
7896,3,,2025-07-13 14:00:00.000000,19,ok
7897,1,,2025-07-13 14:00:00.000000,21,s/n
7898,4,,2025-07-13 14:00:00.000000,21,
7899,4,92.0,2025-07-13 14:41:50.887065,14,ok.
7900,2,61.0,2025-07-13 19:41:05.112306,11,ok.
7901,1,5.0,2025-07-13 19:44:42.624772,13,purga completa
7902,4,88.0,2025-07-13 21:14:57.211643,12,sin novedad
7903,1,3.0,2025-07-13 21:40:28.487267,14,sin novedad
7904,5,,2025-07-13 22:00:00.000000,19,
7905,2,,2025-07-13 22:00:00.000000,21,normal
7906,1,,2025-07-13 22:00:00.000000,20,ok
7907,4,,2025-07-13 22:00:00.000000,21,ok
7908,4,97.0,2025-07-13 22:12:37.680548,14,sin novedad
7909,1,,2025-07-14 06:00:00.000000,21,s/n
7910,4,,2025-07-14 06:00:00.000000,21,
7911,1,33.0,2025-07-14 06:05:35.213693,12,purga completa
7912,3,79.0,2025-07-14 09:11:02.782619,11,ok.
7913,4,84.0,2025-07-14 11:29:20.895432,12,ok.
7914,5,,2025-07-14 14:00:00.000000,21,ok
7915,1,,2025-07-14 14:00:00.000000,19,normal
7916,2,,2025-07-14 14:00:00.000000,20,normal
7917,3,,2025-07-14 14:00:00.000000,22,ok
7918,5,132.0,2025-07-14 15:43:02.199297,18,restablecida sola
7919,2,,2025-07-14 22:00:00.000000,22,
7920,5,,2025-07-14 22:00:00.000000,20,s/n
7921,3,,2025-07-14 22:00:00.000000,19,
7922,4,,2025-07-15 06:00:00.000000,22,ok
7923,1,,2025-07-15 06:00:00.000000,22,normal
7924,3,,2025-07-15 06:53:32.580203,25,aviso proveedor externo
7925,2,41.0,2025-07-15 07:23:07.621263,12,purga completa
7926,4,89.0,2025-07-15 07:42:39.221200,14,DRN OK
7927,5,144.0,2025-07-15 08:22:42.369698,14,ok.
7928,1,37.0,2025-07-15 09:51:59.376069,2,PARADA POR FALLA
7929,1,37.0,2025-07-15 12:26:38.827175,8,arranque normal
7930,3,66.0,2025-07-15 12:42:23.640312,10,purga completa
7931,4,95.0,2025-07-15 13:10:59.405674,12,sin novedad
7932,4,,2025-07-15 14:00:00.000000,20,normal
7933,1,,2025-07-15 14:00:00.000000,21,s/n
7934,5,,2025-07-15 14:00:00.000000,22,ok
7935,4,89.0,2025-07-15 14:31:03.802483,15,operador reseteo
7936,2,42.0,2025-07-15 16:16:02.565781,1,PARADA POR FALLA
7937,5,123.0,2025-07-15 17:04:22.100454,17,operador reseteo
7938,5,126.0,2025-07-15 19:06:47.956365,11,sin novedad
7939,2,51.0,2025-07-15 19:18:37.591219,12,purga completa
7940,3,,2025-07-15 22:00:00.000000,19,ok
7941,5,,2025-07-15 22:00:00.000000,19,normal
7942,1,,2025-07-15 22:00:00.000000,21,normal
7943,2,42.0,2025-07-15 22:39:55.377826,9,OK
7944,3,80.0,2025-07-16 01:12:05.133550,18,restablecida sola
7945,3,65.0,2025-07-16 04:04:57.860253,16,restablecida sola
7946,4,110.0,2025-07-16 04:36:42.556659,14,DRN OK
7947,4,,2025-07-16 06:00:00.000000,20,
7948,5,,2025-07-16 06:00:00.000000,21,s/n
7949,2,,2025-07-16 06:00:00.000000,20,s/n
7950,1,,2025-07-16 06:00:00.000000,21,
7951,3,,2025-07-16 06:00:00.000000,21,ok
7952,2,60.0,2025-07-16 07:40:24.199418,2,por mantenimiento
7953,2,60.0,2025-07-16 12:40:16.197804,9,OK
7954,4,,2025-07-16 14:00:00.000000,20,ok
7955,1,,2025-07-16 14:00:00.000000,21,
7956,2,,2025-07-16 14:00:00.000000,19,
7957,5,,2025-07-16 14:00:00.000000,20,ok
7958,3,,2025-07-16 14:00:00.000000,20,ok
7959,1,5.0,2025-07-16 18:19:39.373569,18,operador reseteo
7960,3,,2025-07-16 22:00:00.000000,20,normal
7961,4,,2025-07-16 22:00:00.000000,22,
7962,2,,2025-07-16 22:00:00.000000,22,s/n
7963,3,79.0,2025-07-17 03:22:16.738836,18,sin intervencion
7964,1,,2025-07-17 06:00:00.000000,19,normal
7965,2,,2025-07-17 06:00:00.000000,20,ok
7966,3,,2025-07-17 06:00:00.000000,19,s/n
7967,4,,2025-07-17 14:00:00.000000,19,
7968,5,,2025-07-17 14:00:00.000000,19,s/n
7969,3,76.0,2025-07-17 14:18:47.954763,13,OK
7970,1,,2025-07-17 22:00:00.000000,22,s/n
7971,2,,2025-07-17 22:00:00.000000,20,
7972,5,,2025-07-17 22:00:00.000000,19,s/n
7973,4,,2025-07-17 22:00:00.000000,19,
7974,3,68.0,2025-07-18 02:00:29.947609,18,operador reseteo
7975,2,,2025-07-18 06:00:00.000000,22,ok
7976,5,,2025-07-18 06:00:00.000000,19,ok
7977,3,,2025-07-18 06:00:00.000000,20,ok
7978,2,,2025-07-18 14:00:00.000000,19,s/n
7979,3,,2025-07-18 14:00:00.000000,20,
7980,4,97.0,2025-07-18 15:19:14.911957,14,OK
7981,5,,2025-07-18 22:00:00.000000,20,s/n
7982,3,,2025-07-18 22:00:00.000000,20,
7983,4,,2025-07-18 22:00:00.000000,19,
7984,5,123.0,2025-07-18 22:30:11.094663,15,operador reseteo
7985,3,66.0,2025-07-19 02:01:11.579041,11,purga completa
7986,1,,2025-07-19 06:00:00.000000,21,
7987,3,,2025-07-19 06:00:00.000000,21,s/n
7988,2,,2025-07-19 06:00:00.000000,20,
7989,5,,2025-07-19 06:00:00.000000,20,
7990,4,,2025-07-19 06:00:00.000000,20,normal
7991,5,122.0,2025-07-19 06:55:26.574635,11,sin novedad
7992,1,30.0,2025-07-19 10:44:08.568619,5,por mantenimiento
7993,2,49.0,2025-07-19 10:45:17.312450,17,operador reseteo
7994,1,33.0,2025-07-19 10:48:07.021469,3,ver OT
7995,1,25.0,2025-07-19 11:39:57.489911,1,por mantenimiento
7996,1,25.0,2025-07-19 13:12:24.496840,10,DRN OK
7997,3,,2025-07-19 14:00:00.000000,20,s/n
7998,1,,2025-07-19 14:00:00.000000,21,normal
7999,1,25.0,2025-07-19 14:04:59.391123,9,
8000,1,36.0,2025-07-19 14:09:25.846697,15,restablecida sola
8001,4,112.0,2025-07-19 15:20:14.858391,14,
8002,1,33.0,2025-07-19 16:00:03.597681,8,
8003,5,,2025-07-19 22:00:00.000000,22,normal
8004,4,,2025-07-19 22:00:00.000000,20,
8005,2,,2025-07-19 22:00:00.000000,19,ok
8006,1,,2025-07-19 22:00:00.000000,22,s/n
8007,1,31.0,2025-07-20 04:39:23.427788,16,operador reseteo
8008,5,114.0,2025-07-20 04:42:11.687896,15,operador reseteo
8009,4,,2025-07-20 06:00:00.000000,21,ok
8010,3,,2025-07-20 08:33:50.676338,29,
8011,5,,2025-07-20 14:00:00.000000,20,normal
8012,2,,2025-07-20 14:00:00.000000,19,normal
8013,2,44.0,2025-07-20 16:01:25.459497,12,DRN OK
8014,4,,2025-07-20 17:46:33.143637,26,ver informe adjunto
8015,4,,2025-07-20 22:00:00.000000,21,
8016,5,,2025-07-20 22:00:00.000000,22,normal
8017,3,,2025-07-20 22:00:00.000000,22,normal
8018,4,112.0,2025-07-21 00:44:15.179017,14,OK
8019,3,68.0,2025-07-21 03:52:15.597553,13,ok.
8020,1,30.0,2025-07-21 03:53:29.829820,9,reanuda produccion
8021,3,,2025-07-21 06:00:00.000000,20,ok
8022,3,75.0,2025-07-21 10:03:43.564909,11,
8023,2,45.0,2025-07-21 12:13:59.420526,5,ver OT
8024,5,,2025-07-21 14:00:00.000000,19,normal
8025,2,,2025-07-21 14:00:00.000000,19,ok
8026,3,,2025-07-21 14:00:00.000000,22,ok
8027,4,,2025-07-21 14:00:00.000000,22,ok
8028,5,136.0,2025-07-22 04:08:20.947852,14,sin novedad
8029,2,,2025-07-22 06:00:00.000000,19,
8030,1,,2025-07-22 06:00:00.000000,19,ok
8031,2,61.0,2025-07-22 09:52:10.659702,10,purga completa
8032,3,72.0,2025-07-22 12:44:47.348186,14,ok.
8033,2,45.0,2025-07-22 14:26:13.533031,8,
8034,4,,2025-07-22 22:00:00.000000,22,normal
8035,1,,2025-07-22 22:00:00.000000,22,s/n
8036,2,,2025-07-22 22:00:00.000000,21,ok
8037,2,57.0,2025-07-22 22:23:24.147862,4,PARADA POR FALLA
8038,2,57.0,2025-07-23 04:25:03.471953,8,reanuda produccion
8039,4,,2025-07-23 06:00:00.000000,20,normal
8040,5,,2025-07-23 06:00:00.000000,19,s/n
8041,3,,2025-07-23 06:00:00.000000,20,ok
8042,4,107.0,2025-07-23 06:00:41.603624,17,restablecida sola
8043,1,6.0,2025-07-23 08:30:26.997903,16,operador reseteo
8044,4,,2025-07-23 14:00:00.000000,21,
8045,2,,2025-07-23 14:00:00.000000,21,
8046,3,,2025-07-23 14:00:00.000000,19,ok
8047,1,,2025-07-23 14:52:57.884797,27,
8048,2,56.0,2025-07-23 15:19:42.050722,12,purga completa
8049,4,100.0,2025-07-23 16:50:28.675993,15,sin intervencion
8050,2,56.0,2025-07-23 17:30:10.975362,11,
8051,1,13.0,2025-07-23 18:38:18.128869,14,
8052,2,,2025-07-23 22:00:00.000000,19,normal
8053,3,,2025-07-23 22:00:00.000000,19,ok
8054,5,,2025-07-23 22:00:00.000000,19,normal
8055,3,69.0,2025-07-24 05:23:43.353802,10,purga completa
8056,1,,2025-07-24 06:00:00.000000,20,ok
8057,3,,2025-07-24 06:00:00.000000,21,normal
8058,4,,2025-07-24 06:00:00.000000,22,normal
8059,1,19.0,2025-07-24 08:34:44.195743,17,operador reseteo
8060,2,,2025-07-24 08:55:25.180334,26,ver informe adjunto
8061,2,39.0,2025-07-24 12:18:19.888891,2,PARADA POR FALLA
8062,2,48.0,2025-07-24 12:42:21.674191,10,OK
8063,4,,2025-07-24 14:00:00.000000,21,
8064,2,,2025-07-24 14:00:00.000000,22,s/n
8065,1,,2025-07-24 14:00:00.000000,20,s/n
8066,5,146.0,2025-07-24 16:30:00.345276,16,operador reseteo
8067,2,39.0,2025-07-24 16:30:16.115297,6,
8068,2,55.0,2025-07-24 17:33:37.651494,17,operador reseteo
8069,4,111.0,2025-07-24 17:57:25.451144,10,sin novedad
8070,2,45.0,2025-07-24 19:09:56.756120,16,restablecida sola
8071,5,146.0,2025-07-24 20:26:13.272217,11,purga completa
8072,1,,2025-07-24 22:00:00.000000,19,ok
8073,1,22.0,2025-07-25 00:31:15.048773,14,purga completa
8074,1,,2025-07-25 06:00:00.000000,20,normal
8075,4,,2025-07-25 06:00:00.000000,22,s/n
8076,3,,2025-07-25 06:00:00.000000,20,normal
8077,1,4.0,2025-07-25 10:21:17.435043,18,operador reseteo
8078,1,31.0,2025-07-25 11:31:33.985381,12,purga completa
8079,1,,2025-07-25 14:00:00.000000,21,normal
8080,3,,2025-07-25 14:00:00.000000,21,s/n
8081,5,,2025-07-25 14:00:00.000000,19,ok
8082,2,,2025-07-25 14:00:00.000000,21,ok
8083,1,20.0,2025-07-25 15:22:41.451584,15,restablecida sola
8084,2,56.0,2025-07-25 17:13:26.770160,12,purga completa
8085,4,,2025-07-25 22:00:00.000000,21,ok
8086,2,,2025-07-25 22:00:00.000000,21,ok
8087,5,129.0,2025-07-25 23:46:35.686828,17,operador reseteo
8088,1,,2025-07-26 06:00:00.000000,21,
8089,2,,2025-07-26 06:00:00.000000,19,ok
8090,4,109.0,2025-07-26 07:01:29.706634,10,OK
8091,4,89.0,2025-07-26 07:18:57.183831,13,sin novedad
8092,4,96.0,2025-07-26 07:52:42.751578,13,ok.
8093,3,,2025-07-26 14:00:00.000000,21,ok
8094,2,,2025-07-26 14:00:00.000000,19,
8095,3,80.0,2025-07-26 19:49:35.672931,10,OK
8096,3,63.0,2025-07-26 21:14:42.873285,11,DRN OK
8097,3,,2025-07-26 22:00:00.000000,21,
8098,4,,2025-07-26 22:00:00.000000,19,normal
8099,4,103.0,2025-07-26 22:13:32.865244,10,OK
8100,5,135.0,2025-07-27 03:45:15.800263,11,purga completa
8101,5,127.0,2025-07-27 03:48:49.425914,16,restablecida sola
8102,3,,2025-07-27 06:00:00.000000,22,s/n
8103,1,,2025-07-27 06:00:00.000000,22,normal
8104,5,,2025-07-27 06:00:00.000000,22,s/n
8105,2,54.0,2025-07-27 07:23:15.249775,12,sin novedad
8106,5,132.0,2025-07-27 11:09:02.896964,2,ver OT
8107,4,,2025-07-27 14:00:00.000000,20,normal
8108,5,,2025-07-27 14:00:00.000000,19,normal
8109,3,,2025-07-27 14:00:00.000000,22,s/n
8110,5,132.0,2025-07-27 15:32:17.901551,9,reanuda produccion
8111,5,141.0,2025-07-27 20:24:18.867140,12,OK
8112,3,,2025-07-28 06:00:00.000000,21,
8113,1,,2025-07-28 06:00:00.000000,19,normal
8114,4,102.0,2025-07-28 07:49:18.785439,13,DRN OK
8115,1,26.0,2025-07-28 08:08:17.687214,13,DRN OK
8116,3,63.0,2025-07-28 08:39:58.930152,10,
8117,1,17.0,2025-07-28 09:29:43.366296,13,OK
8118,4,107.0,2025-07-28 10:08:30.489045,12,purga completa
8119,4,,2025-07-28 14:00:00.000000,19,normal
8120,1,,2025-07-28 14:00:00.000000,21,
8121,5,134.0,2025-07-28 17:20:16.253601,12,
8122,3,73.0,2025-07-28 19:58:54.279250,13,purga completa
8123,3,,2025-07-28 22:00:00.000000,19,
8124,2,,2025-07-28 22:00:00.000000,21,ok
8125,5,,2025-07-28 22:00:00.000000,20,ok
8126,5,118.0,2025-07-28 23:35:21.348695,13,ok.
8127,4,,2025-07-29 06:00:00.000000,22,s/n
8128,1,,2025-07-29 06:00:00.000000,22,ok
8129,2,,2025-07-29 06:00:00.000000,21,s/n
8130,5,,2025-07-29 06:00:00.000000,22,ok
8131,2,57.0,2025-07-29 15:51:34.131367,12,
8132,4,,2025-07-29 16:42:16.848652,28,
8133,1,19.0,2025-07-29 17:21:57.368568,14,
8134,4,89.0,2025-07-29 21:09:49.894794,11,sin novedad
8135,4,,2025-07-29 22:00:00.000000,21,normal
8136,4,91.0,2025-07-29 22:56:59.520466,14,DRN OK
8137,1,6.0,2025-07-30 02:31:49.999992,11,sin novedad
8138,4,,2025-07-30 06:00:00.000000,22,
8139,3,,2025-07-30 06:00:00.000000,19,
8140,5,,2025-07-30 06:00:00.000000,22,normal
8141,2,,2025-07-30 06:00:00.000000,22,
8142,1,17.0,2025-07-30 08:56:32.682679,1,por mantenimiento
8143,2,44.0,2025-07-30 13:07:33.873348,11,
8144,4,,2025-07-30 14:00:00.000000,21,s/n
8145,5,,2025-07-30 14:00:00.000000,20,ok
8146,2,,2025-07-30 14:00:00.000000,22,normal
8147,5,129.0,2025-07-30 14:04:14.389866,12,purga completa
8148,5,122.0,2025-07-30 15:45:44.318101,15,sin intervencion
8149,4,95.0,2025-07-30 17:14:05.473752,18,sin intervencion
8150,3,72.0,2025-07-30 21:58:35.244356,13,purga completa
8151,4,,2025-07-30 22:00:00.000000,21,ok
8152,1,,2025-07-30 22:00:00.000000,19,
8153,1,17.0,2025-07-31 05:19:26.165567,8,arranque normal
8154,5,,2025-07-31 06:00:00.000000,22,
8155,1,,2025-07-31 06:00:00.000000,21,
8156,5,127.0,2025-07-31 11:34:14.714789,16,operador reseteo
8157,2,61.0,2025-07-31 14:02:41.074282,3,ver OT
8158,2,42.0,2025-07-31 14:04:42.612276,12,OK
8159,2,59.0,2025-07-31 15:00:08.362119,14,
8160,2,46.0,2025-07-31 19:43:17.213926,10,sin novedad
8161,2,61.0,2025-07-31 19:55:22.310107,8,reanuda produccion
8162,5,,2025-07-31 22:00:00.000000,20,
8163,3,,2025-07-31 22:00:00.000000,19,ok
8164,2,45.0,2025-07-31 23:32:59.585780,10,sin novedad
8165,5,,2025-08-01 06:00:00.000000,19,normal
8166,1,4.0,2025-08-01 06:00:00.475073,17,operador reseteo
8167,2,,2025-08-01 07:41:54.058550,24,
8168,3,75.0,2025-08-01 10:42:55.448982,12,purga completa
8169,2,48.0,2025-08-01 12:42:11.447424,14,ok.
8170,2,,2025-08-01 14:00:00.000000,19,normal
8171,4,,2025-08-01 14:00:00.000000,21,ok
8172,5,146.0,2025-08-01 16:01:34.673528,18,sin intervencion
8173,2,55.0,2025-08-01 16:23:42.112867,17,restablecida sola
8174,2,57.0,2025-08-01 18:32:12.287336,13,sin novedad
8175,3,66.0,2025-08-01 21:40:35.545998,18,restablecida sola
8176,3,,2025-08-01 22:00:00.000000,21,ok
8177,5,,2025-08-01 22:00:00.000000,20,
8178,3,,2025-08-02 06:00:00.000000,19,ok
8179,1,,2025-08-02 06:00:00.000000,20,normal
8180,5,,2025-08-02 06:00:00.000000,22,ok
8181,2,,2025-08-02 06:00:00.000000,22,s/n
8182,5,123.0,2025-08-02 06:01:23.348446,14,OK
8183,2,56.0,2025-08-02 07:10:33.508730,18,sin intervencion
8184,5,,2025-08-02 14:00:00.000000,22,s/n
8185,2,,2025-08-02 14:00:00.000000,22,s/n
8186,5,144.0,2025-08-02 18:13:24.756625,11,purga completa
8187,1,,2025-08-02 22:00:00.000000,19,
8188,3,,2025-08-02 22:00:00.000000,19,s/n
8189,2,,2025-08-02 22:00:00.000000,19,
8190,4,92.0,2025-08-03 01:14:20.074826,12,ok.
8191,4,,2025-08-03 06:00:00.000000,20,
8192,2,,2025-08-03 06:00:00.000000,22,ok
8193,5,,2025-08-03 06:00:00.000000,20,normal
8194,1,,2025-08-03 06:00:00.000000,20,ok
8195,1,32.0,2025-08-03 06:25:11.598114,2,por mantenimiento
8196,1,33.0,2025-08-03 11:25:34.969574,2,PARADA POR FALLA
8197,1,32.0,2025-08-03 12:13:51.024830,8,
8198,1,31.0,2025-08-03 12:18:10.517080,11,DRN OK
8199,3,,2025-08-03 12:35:31.851206,27,ver informe adjunto
8200,4,,2025-08-03 14:00:00.000000,19,normal
8201,1,,2025-08-03 14:00:00.000000,21,ok
8202,1,,2025-08-03 15:48:58.965078,27,
8203,1,33.0,2025-08-03 17:03:29.083040,9,arranque normal
8204,1,8.0,2025-08-03 17:49:16.419350,12,sin novedad
8205,2,45.0,2025-08-03 18:38:23.775264,14,purga completa
8206,3,,2025-08-03 22:00:00.000000,22,s/n
8207,2,,2025-08-03 22:00:00.000000,22,
8208,5,,2025-08-03 22:00:00.000000,21,s/n
8209,4,,2025-08-03 22:00:00.000000,21,
8210,1,,2025-08-03 22:00:00.000000,19,ok
8211,4,88.0,2025-08-04 02:02:17.342333,17,restablecida sola
8212,1,,2025-08-04 06:00:00.000000,20,normal
8213,5,,2025-08-04 06:00:00.000000,21,normal
8214,4,,2025-08-04 06:00:00.000000,20,s/n
8215,2,52.0,2025-08-04 11:04:52.626488,18,restablecida sola
8216,4,,2025-08-04 11:41:31.394227,29,ver informe adjunto
8217,4,85.0,2025-08-04 13:38:27.323694,12,purga completa
8218,5,,2025-08-04 14:00:00.000000,19,s/n
8219,2,,2025-08-04 14:00:00.000000,21,ok
8220,4,,2025-08-04 14:00:00.000000,19,s/n
8221,2,52.0,2025-08-04 14:20:33.926388,16,operador reseteo
8222,3,70.0,2025-08-04 16:18:09.610060,14,purga completa
8223,5,132.0,2025-08-04 17:57:44.334561,12,OK
8224,1,15.0,2025-08-04 19:14:43.242115,10,ok.
8225,3,66.0,2025-08-04 20:13:19.306488,15,sin intervencion
8226,5,,2025-08-04 22:00:00.000000,21,s/n
8227,2,48.0,2025-08-04 23:06:51.198252,11,OK
8228,3,64.0,2025-08-05 01:08:50.372843,14,OK
8229,5,123.0,2025-08-05 03:41:23.071071,18,restablecida sola
8230,1,18.0,2025-08-05 05:57:00.257697,11,DRN OK
8231,3,,2025-08-05 06:00:00.000000,21,s/n
8232,4,,2025-08-05 06:00:00.000000,19,ok
8233,3,64.0,2025-08-05 08:05:42.056469,18,restablecida sola
8234,5,,2025-08-05 09:39:43.235779,27,
8235,4,110.0,2025-08-05 10:03:45.100069,1,
8236,4,102.0,2025-08-05 11:12:59.286437,12,OK
8237,3,70.0,2025-08-05 13:24:55.330935,14,ok.
8238,3,,2025-08-05 14:00:00.000000,20,ok
8239,4,,2025-08-05 14:00:00.000000,22,normal
8240,4,110.0,2025-08-05 14:00:07.661939,7,reanuda produccion
8241,2,,2025-08-05 22:00:00.000000,20,ok
8242,1,,2025-08-05 22:00:00.000000,19,normal
8243,3,81.0,2025-08-05 22:06:09.760931,10,ok.
8244,4,89.0,2025-08-05 23:19:54.891739,11,purga completa
8245,4,,2025-08-06 06:00:00.000000,22,
8246,3,,2025-08-06 06:00:00.000000,21,ok
8247,3,80.0,2025-08-06 11:30:36.391605,10,purga completa
8248,4,84.0,2025-08-06 13:05:33.681195,11,ok.
8249,2,,2025-08-06 14:00:00.000000,22,ok
8250,2,46.0,2025-08-06 14:30:08.760674,17,sin intervencion
8251,4,97.0,2025-08-06 14:30:31.205074,5,PARADA POR FALLA
8252,4,99.0,2025-08-06 19:21:17.139870,12,
8253,4,97.0,2025-08-06 20:42:52.630846,7,OK
8254,4,,2025-08-06 22:00:00.000000,20,s/n
8255,3,,2025-08-06 22:00:00.000000,22,
8256,1,,2025-08-06 22:00:00.000000,20,ok
8257,4,,2025-08-07 06:00:00.000000,22,ok
8258,2,,2025-08-07 06:00:00.000000,20,
8259,3,,2025-08-07 06:00:00.000000,22,ok
8260,3,76.0,2025-08-07 06:44:23.458310,11,OK
8261,5,126.0,2025-08-07 10:35:18.095461,10,DRN OK
8262,1,7.0,2025-08-07 11:48:24.369840,14,purga completa
8263,3,,2025-08-07 14:00:00.000000,20,s/n
8264,5,,2025-08-07 14:00:00.000000,19,ok
8265,2,54.0,2025-08-07 17:39:30.238755,11,OK
8266,2,,2025-08-07 22:00:00.000000,22,ok
8267,2,48.0,2025-08-07 22:28:08.618355,13,purga completa
8268,5,117.0,2025-08-08 02:29:21.486593,2,PARADA POR FALLA
8269,5,121.0,2025-08-08 02:58:00.562240,11,DRN OK
8270,1,4.0,2025-08-08 04:42:58.233552,18,restablecida sola
8271,5,,2025-08-08 06:00:00.000000,22,ok
8272,4,,2025-08-08 06:00:00.000000,19,s/n
8273,3,,2025-08-08 06:00:00.000000,20,
8274,1,8.0,2025-08-08 12:11:59.781734,14,sin novedad
8275,3,80.0,2025-08-08 12:51:05.355988,4,
8276,2,41.0,2025-08-08 13:45:31.844654,16,operador reseteo
8277,2,,2025-08-08 14:00:00.000000,21,ok
8278,3,,2025-08-08 14:00:00.000000,21,s/n
8279,4,,2025-08-08 14:00:00.000000,22,normal
8280,3,80.0,2025-08-08 16:36:17.053404,9,reanuda produccion
8281,4,104.0,2025-08-08 21:55:44.670301,11,purga completa
8282,1,4.0,2025-08-08 23:07:32.300803,12,ok.
8283,2,57.0,2025-08-09 00:54:36.140492,18,operador reseteo
8284,1,31.0,2025-08-09 02:18:36.153690,11,
8285,3,,2025-08-09 06:00:00.000000,22,s/n
8286,1,,2025-08-09 06:00:00.000000,22,s/n
8287,4,,2025-08-09 06:00:00.000000,22,ok
8288,3,71.0,2025-08-09 08:12:22.719578,14,purga completa
8289,1,19.0,2025-08-09 09:14:27.885722,13,sin novedad
8290,4,104.0,2025-08-09 10:38:09.087077,17,restablecida sola
8291,2,,2025-08-09 12:11:44.859203,27,ver informe adjunto
8292,5,117.0,2025-08-09 12:21:02.591217,8,reanuda produccion
8293,4,,2025-08-09 14:00:00.000000,19,
8294,2,,2025-08-09 14:00:00.000000,22,s/n
8295,3,,2025-08-09 22:00:00.000000,21,normal
8296,1,,2025-08-09 22:00:00.000000,19,
8297,2,51.0,2025-08-09 23:46:26.369972,12,ok.
8298,3,,2025-08-10 03:23:53.719385,23,ver informe adjunto
8299,3,71.0,2025-08-10 03:48:19.635097,14,sin novedad
8300,3,76.0,2025-08-10 04:08:20.012878,10,OK
8301,5,,2025-08-10 06:00:00.000000,22,
8302,4,,2025-08-10 06:00:00.000000,21,ok
8303,3,,2025-08-10 06:00:00.000000,22,s/n
8304,1,,2025-08-10 06:00:00.000000,20,ok
8305,4,109.0,2025-08-10 06:16:23.339500,13,sin novedad
8306,1,19.0,2025-08-10 07:27:38.013348,15,sin intervencion
8307,1,35.0,2025-08-10 09:41:27.066861,18,operador reseteo
8308,2,41.0,2025-08-10 12:26:28.395943,13,OK
8309,2,,2025-08-10 14:00:00.000000,20,normal
8310,2,57.0,2025-08-10 17:40:54.954967,11,OK
8311,5,118.0,2025-08-10 18:23:20.683645,11,purga completa
8312,5,,2025-08-10 22:00:00.000000,21,s/n
8313,2,,2025-08-10 22:00:00.000000,22,s/n
8314,3,,2025-08-10 22:00:00.000000,21,normal
8315,1,18.0,2025-08-11 01:45:22.774556,13,DRN OK
8316,5,117.0,2025-08-11 03:33:01.498103,4,ver OT
8317,2,48.0,2025-08-11 04:40:00.361395,17,sin intervencion
8318,1,,2025-08-11 06:00:00.000000,22,s/n
8319,1,26.0,2025-08-11 06:12:14.051725,1,ver OT
8320,2,44.0,2025-08-11 06:34:44.198229,10,purga completa
8321,1,26.0,2025-08-11 09:49:33.366967,9,OK
8322,3,68.0,2025-08-11 10:29:40.799240,17,operador reseteo
8323,5,,2025-08-11 14:00:00.000000,19,ok
8324,3,,2025-08-11 14:00:00.000000,22,
8325,5,125.0,2025-08-11 15:18:22.473232,17,restablecida sola
8326,1,29.0,2025-08-11 16:29:35.870402,15,operador reseteo
8327,5,117.0,2025-08-11 17:53:35.425355,8,arranque normal
8328,2,,2025-08-11 22:00:00.000000,22,
8329,3,,2025-08-11 22:00:00.000000,21,
8330,4,,2025-08-11 22:00:00.000000,21,s/n
8331,4,90.0,2025-08-11 22:11:54.958837,17,sin intervencion
8332,3,75.0,2025-08-12 03:56:23.000473,11,purga completa
8333,2,,2025-08-12 06:00:00.000000,19,
8334,1,,2025-08-12 06:00:00.000000,22,normal
8335,3,,2025-08-12 06:00:00.000000,21,ok
8336,4,97.0,2025-08-12 08:25:46.845799,10,OK
8337,3,81.0,2025-08-12 10:28:10.041680,11,sin novedad
8338,4,96.0,2025-08-12 11:01:59.263487,13,
8339,2,,2025-08-12 16:51:56.980408,29,aviso proveedor externo
8340,3,,2025-08-12 22:00:00.000000,19,ok
8341,1,,2025-08-12 22:00:00.000000,20,
8342,4,,2025-08-12 22:00:00.000000,19,
8343,4,104.0,2025-08-13 00:55:16.736615,14,purga completa
8344,2,,2025-08-13 06:00:00.000000,22,s/n
8345,3,,2025-08-13 06:00:00.000000,20,ok
8346,1,,2025-08-13 06:00:00.000000,20,ok
8347,4,,2025-08-13 06:00:00.000000,21,ok
8348,3,,2025-08-13 14:00:00.000000,21,ok
8349,2,,2025-08-13 14:00:00.000000,20,
8350,5,121.0,2025-08-13 16:05:50.808637,10,
8351,1,33.0,2025-08-13 18:47:41.371838,14,purga completa
8352,1,,2025-08-13 22:00:00.000000,22,ok
8353,4,,2025-08-13 22:00:00.000000,21,normal
8354,1,13.0,2025-08-13 22:10:36.660620,15,restablecida sola
8355,1,27.0,2025-08-14 00:40:38.193326,10,
8356,2,,2025-08-14 06:00:00.000000,21,s/n
8357,3,,2025-08-14 06:00:00.000000,19,s/n
8358,5,,2025-08-14 06:00:00.000000,20,ok
8359,1,,2025-08-14 06:00:00.000000,19,
8360,1,19.0,2025-08-14 07:18:13.875182,14,sin novedad
8361,1,14.0,2025-08-14 09:29:32.423875,11,ok.
8362,5,131.0,2025-08-14 10:43:00.028990,10,DRN OK
8363,1,,2025-08-14 14:00:00.000000,19,normal
8364,2,,2025-08-14 22:00:00.000000,21,
8365,1,,2025-08-14 22:00:00.000000,22,
8366,1,32.0,2025-08-15 02:17:14.319800,17,sin intervencion
8367,2,61.0,2025-08-15 04:57:29.506129,12,purga completa
8368,5,,2025-08-15 06:00:00.000000,20,normal
8369,4,,2025-08-15 06:00:00.000000,22,
8370,1,,2025-08-15 06:00:00.000000,20,
8371,2,,2025-08-15 06:00:00.000000,19,normal
8372,4,92.0,2025-08-15 12:13:55.081029,13,purga completa
8373,1,,2025-08-15 14:00:00.000000,22,
8374,3,,2025-08-15 14:00:00.000000,20,normal
8375,5,,2025-08-15 14:00:00.000000,21,s/n
8376,3,81.0,2025-08-15 14:10:17.518418,14,ok.
8377,1,,2025-08-15 15:52:32.375649,26,ver informe adjunto
8378,2,44.0,2025-08-15 21:09:00.065524,10,OK
8379,3,,2025-08-15 22:00:00.000000,20,
8380,4,,2025-08-15 22:00:00.000000,21,ok
8381,1,,2025-08-15 22:00:00.000000,19,ok
8382,5,,2025-08-15 22:00:00.000000,21,
8383,4,92.0,2025-08-15 22:27:58.254728,10,DRN OK
8384,3,,2025-08-16 06:00:00.000000,20,ok
8385,5,,2025-08-16 06:00:00.000000,21,normal
8386,4,,2025-08-16 06:00:00.000000,20,
8387,1,,2025-08-16 06:00:00.000000,22,normal
8388,1,,2025-08-16 14:00:00.000000,22,s/n
8389,4,,2025-08-16 22:00:00.000000,19,
8390,1,,2025-08-16 22:00:00.000000,22,
8391,5,140.0,2025-08-17 01:45:55.243159,13,
8392,2,,2025-08-17 06:00:00.000000,21,
8393,4,,2025-08-17 06:00:00.000000,22,ok
8394,1,,2025-08-17 06:00:00.000000,21,
8395,3,75.0,2025-08-17 07:50:16.321394,13,DRN OK
8396,3,80.0,2025-08-17 08:56:18.216125,12,sin novedad
8397,3,79.0,2025-08-17 09:48:21.286256,11,purga completa
8398,4,97.0,2025-08-17 09:54:13.261535,17,operador reseteo
8399,1,,2025-08-17 14:00:00.000000,21,normal
8400,4,,2025-08-17 14:00:00.000000,22,
8401,2,,2025-08-17 22:00:00.000000,19,
8402,5,,2025-08-17 22:00:00.000000,19,s/n
8403,1,,2025-08-17 22:00:00.000000,19,
8404,4,,2025-08-17 22:00:00.000000,21,s/n
8405,3,79.0,2025-08-18 05:00:15.127513,11,OK
8406,3,,2025-08-18 06:00:00.000000,21,normal
8407,5,,2025-08-18 06:00:00.000000,19,normal
8408,1,,2025-08-18 06:00:00.000000,22,s/n
8409,5,127.0,2025-08-18 09:34:38.700184,11,purga completa
8410,4,110.0,2025-08-18 11:06:24.619964,13,OK
8411,2,55.0,2025-08-18 13:02:52.793698,13,purga completa
8412,4,,2025-08-18 13:33:03.175047,25,ver informe adjunto
8413,3,,2025-08-18 14:00:00.000000,22,normal
8414,5,,2025-08-18 14:00:00.000000,21,normal
8415,2,,2025-08-18 14:00:00.000000,20,normal
8416,4,,2025-08-18 14:00:00.000000,20,
8417,1,,2025-08-18 14:00:00.000000,22,ok
8418,2,,2025-08-18 22:00:00.000000,20,
8419,3,,2025-08-18 22:00:00.000000,21,
8420,2,54.0,2025-08-19 01:50:55.586647,11,
8421,1,,2025-08-19 06:00:00.000000,21,normal
8422,1,19.0,2025-08-19 06:49:54.995461,14,DRN OK
8423,3,69.0,2025-08-19 07:12:47.641047,11,sin novedad
8424,3,71.0,2025-08-19 10:46:09.047704,14,OK
8425,1,,2025-08-19 14:00:00.000000,20,normal
8426,4,,2025-08-19 14:00:00.000000,20,
8427,1,24.0,2025-08-19 18:32:47.501767,12,ok.
8428,3,,2025-08-19 22:00:00.000000,19,normal
8429,5,116.0,2025-08-20 04:23:37.002869,12,purga completa
8430,1,17.0,2025-08-20 04:56:58.613869,15,operador reseteo
8431,1,,2025-08-20 06:00:00.000000,22,ok
8432,4,,2025-08-20 06:00:00.000000,20,normal
8433,2,55.0,2025-08-20 08:16:00.606263,14,DRN OK
8434,5,,2025-08-20 14:00:00.000000,19,ok
8435,1,30.0,2025-08-20 15:20:51.031636,5,por mantenimiento
8436,5,129.0,2025-08-20 18:27:31.824505,13,sin novedad
8437,1,30.0,2025-08-20 19:51:06.278310,8,OK
8438,4,,2025-08-20 22:00:00.000000,21,ok
8439,2,60.0,2025-08-20 23:13:48.035156,12,
8440,5,135.0,2025-08-21 05:43:52.775584,13,ok.
8441,4,,2025-08-21 06:00:00.000000,20,
8442,5,,2025-08-21 06:00:00.000000,22,
8443,2,,2025-08-21 06:00:00.000000,20,normal
8444,1,,2025-08-21 06:00:00.000000,19,s/n
8445,3,77.0,2025-08-21 10:46:28.054685,12,ok.
8446,1,,2025-08-21 14:00:00.000000,20,
8447,5,,2025-08-21 14:00:00.000000,21,s/n
8448,4,,2025-08-21 14:00:00.000000,22,
8449,2,41.0,2025-08-21 20:56:44.102424,11,OK
8450,3,,2025-08-21 22:00:00.000000,21,normal
8451,1,,2025-08-21 22:00:00.000000,19,s/n
8452,2,42.0,2025-08-21 22:50:04.504517,13,purga completa
8453,3,68.0,2025-08-22 02:15:05.731921,12,sin novedad
8454,5,135.0,2025-08-22 02:19:59.131369,10,OK
8455,1,11.0,2025-08-22 04:54:38.086400,11,
8456,2,,2025-08-22 06:00:00.000000,21,normal
8457,1,,2025-08-22 06:00:00.000000,22,s/n
8458,5,,2025-08-22 06:00:00.000000,19,ok
8459,4,,2025-08-22 06:00:00.000000,19,s/n
8460,3,,2025-08-22 06:00:00.000000,21,ok
8461,1,36.0,2025-08-22 07:46:25.847896,12,sin novedad
8462,1,32.0,2025-08-22 11:03:44.739681,2,ver OT
8463,3,72.0,2025-08-22 11:18:45.721839,11,ok.
8464,2,,2025-08-22 14:00:00.000000,22,s/n
8465,1,32.0,2025-08-22 14:38:00.850250,9,OK
8466,1,31.0,2025-08-22 15:55:17.501568,14,DRN OK
8467,5,144.0,2025-08-22 16:18:57.946007,17,operador reseteo
8468,5,118.0,2025-08-22 17:43:50.147330,17,sin intervencion
8469,4,110.0,2025-08-22 21:51:21.449482,15,operador reseteo
8470,5,,2025-08-22 22:00:00.000000,20,
8471,1,,2025-08-22 22:00:00.000000,19,normal
8472,4,,2025-08-22 22:00:00.000000,21,s/n
8473,3,81.0,2025-08-23 00:43:11.451366,11,OK
8474,3,72.0,2025-08-23 00:59:52.453017,11,sin novedad
8475,5,136.0,2025-08-23 04:06:05.036614,17,restablecida sola
8476,1,36.0,2025-08-23 04:22:49.762300,17,operador reseteo
8477,4,95.0,2025-08-23 04:37:41.142308,11,OK
8478,1,,2025-08-23 06:00:00.000000,22,
8479,2,,2025-08-23 06:00:00.000000,21,s/n
8480,5,,2025-08-23 06:00:00.000000,22,s/n
8481,1,27.0,2025-08-23 07:17:24.810088,13,ok.
8482,2,53.0,2025-08-23 07:57:37.760167,14,DRN OK
8483,2,,2025-08-23 14:00:00.000000,19,s/n
8484,1,,2025-08-23 14:00:00.000000,20,normal
8485,3,,2025-08-23 14:00:00.000000,21,s/n
8486,4,108.0,2025-08-23 18:27:59.110704,11,OK
8487,1,29.0,2025-08-23 19:29:38.314685,14,OK
8488,1,,2025-08-23 22:00:00.000000,19,s/n
8489,4,,2025-08-23 22:00:00.000000,20,ok
8490,3,,2025-08-23 22:00:00.000000,21,normal
8491,3,,2025-08-24 06:00:00.000000,21,normal
8492,2,,2025-08-24 06:00:00.000000,21,normal
8493,2,54.0,2025-08-24 06:10:19.632128,11,purga completa
8494,5,126.0,2025-08-24 10:15:47.432831,17,restablecida sola
8495,5,140.0,2025-08-24 10:29:30.200201,11,DRN OK
8496,2,,2025-08-24 14:00:00.000000,22,
8497,4,108.0,2025-08-24 14:00:25.492044,12,ok.
8498,5,141.0,2025-08-24 15:14:00.628413,12,sin novedad
8499,5,124.0,2025-08-24 16:14:23.000000,1,por mantenimiento
8500,2,56.0,2025-08-24 19:14:49.620705,13,DRN OK
8501,5,124.0,2025-08-24 19:40:22.357664,9,
8502,4,,2025-08-24 22:00:00.000000,19,
8503,3,,2025-08-24 22:00:00.000000,22,normal
8504,1,,2025-08-24 22:00:00.000000,22,normal
8505,5,,2025-08-25 06:00:00.000000,22,normal
8506,2,,2025-08-25 06:00:00.000000,19,normal
8507,1,,2025-08-25 06:00:00.000000,21,normal
8508,4,,2025-08-25 06:00:00.000000,19,ok
8509,5,146.0,2025-08-25 09:04:12.010757,12,sin novedad
8510,5,133.0,2025-08-25 11:08:05.699356,12,DRN OK
8511,2,61.0,2025-08-25 13:38:11.943490,14,DRN OK
8512,5,,2025-08-25 14:00:00.000000,22,
8513,3,,2025-08-25 14:00:00.000000,21,ok
8514,4,,2025-08-25 14:00:00.000000,21,ok
8515,3,,2025-08-25 22:00:00.000000,22,normal
8516,4,,2025-08-25 22:00:00.000000,20,normal
8517,3,,2025-08-26 06:00:00.000000,21,normal
8518,5,131.0,2025-08-26 11:00:34.157769,17,operador reseteo
8519,3,80.0,2025-08-26 12:46:14.463923,18,operador reseteo
8520,5,,2025-08-26 14:00:00.000000,20,normal
8521,1,,2025-08-26 14:00:00.000000,22,normal
8522,2,,2025-08-26 14:00:00.000000,20,
8523,2,45.0,2025-08-26 14:25:51.111130,11,OK
8524,5,132.0,2025-08-26 14:37:31.199314,2,
8525,1,13.0,2025-08-26 18:24:10.911373,15,restablecida sola
8526,5,132.0,2025-08-26 18:28:22.862436,6,arranque normal
8527,3,79.0,2025-08-26 21:47:18.078108,10,sin novedad
8528,3,68.0,2025-08-26 21:52:54.591432,14,OK
8529,3,,2025-08-26 22:00:00.000000,19,s/n
8530,2,,2025-08-26 22:00:00.000000,19,normal
8531,4,90.0,2025-08-27 03:55:13.654249,10,DRN OK
8532,4,112.0,2025-08-27 04:46:35.155032,12,OK
8533,5,,2025-08-27 06:00:00.000000,21,ok
8534,2,,2025-08-27 06:00:00.000000,19,normal
8535,1,,2025-08-27 06:00:00.000000,19,normal
8536,4,98.0,2025-08-27 10:08:30.633559,13,DRN OK
8537,5,141.0,2025-08-27 10:13:38.029030,13,OK
8538,1,,2025-08-27 14:00:00.000000,22,normal
8539,2,,2025-08-27 14:00:00.000000,21,
8540,2,47.0,2025-08-27 15:20:41.827346,12,
8541,3,79.0,2025-08-27 15:34:49.515833,12,ok.
8542,5,124.0,2025-08-27 18:01:34.345208,13,sin novedad
8543,5,136.0,2025-08-27 18:46:03.233942,11,sin novedad
8544,3,63.0,2025-08-27 21:52:08.482947,18,restablecida sola
8545,3,,2025-08-27 22:00:00.000000,21,s/n
8546,4,,2025-08-28 06:00:00.000000,20,normal
8547,1,,2025-08-28 06:00:00.000000,22,ok
8548,2,,2025-08-28 14:00:00.000000,19,ok
8549,3,,2025-08-28 14:00:00.000000,22,
8550,4,,2025-08-28 14:00:00.000000,21,ok
8551,5,118.0,2025-08-28 16:33:45.235965,13,purga completa
8552,2,39.0,2025-08-28 19:30:18.533212,11,purga completa
8553,5,118.0,2025-08-28 20:32:56.668312,17,restablecida sola
8554,1,,2025-08-28 22:00:00.000000,22,
8555,5,,2025-08-28 22:00:00.000000,20,s/n
8556,4,109.0,2025-08-29 05:22:39.229461,17,restablecida sola
8557,1,,2025-08-29 06:00:00.000000,21,
8558,5,,2025-08-29 06:00:00.000000,21,
8559,4,,2025-08-29 06:00:00.000000,21,s/n
8560,3,71.0,2025-08-29 09:35:52.683783,16,sin intervencion
8561,5,119.0,2025-08-29 13:34:26.729314,11,
8562,4,,2025-08-29 14:00:00.000000,22,ok
8563,1,,2025-08-29 14:00:00.000000,22,s/n
8564,4,108.0,2025-08-29 14:33:30.493889,13,sin novedad
8565,1,5.0,2025-08-29 17:01:11.190860,12,DRN OK
8566,4,95.0,2025-08-29 17:46:45.538086,13,OK
8567,3,,2025-08-29 22:00:00.000000,21,normal
8568,4,,2025-08-29 22:00:00.000000,20,ok
8569,2,,2025-08-30 04:15:16.434519,28,
8570,2,,2025-08-30 06:00:00.000000,22,ok
8571,4,,2025-08-30 06:00:00.000000,22,s/n
8572,4,97.0,2025-08-30 11:45:10.824449,16,restablecida sola
8573,3,76.0,2025-08-30 13:06:16.350707,12,purga completa
8574,3,65.0,2025-08-30 13:52:39.147370,18,sin intervencion
8575,5,,2025-08-30 14:00:00.000000,21,ok
8576,2,,2025-08-30 14:00:00.000000,21,
8577,4,,2025-08-30 14:00:00.000000,19,normal
8578,5,127.0,2025-08-30 19:25:58.511700,17,operador reseteo
8579,3,75.0,2025-08-30 19:44:48.993592,14,OK
8580,5,,2025-08-30 22:00:00.000000,22,ok
8581,2,,2025-08-30 22:00:00.000000,22,
8582,4,,2025-08-30 22:00:00.000000,21,
8583,2,49.0,2025-08-30 22:34:15.000352,11,
8584,5,142.0,2025-08-31 04:32:45.235320,17,restablecida sola
8585,4,88.0,2025-08-31 05:26:42.426860,10,purga completa
8586,3,,2025-08-31 06:00:00.000000,19,
8587,4,,2025-08-31 06:00:00.000000,21,normal
8588,2,,2025-08-31 06:00:00.000000,19,normal
8589,1,,2025-08-31 06:00:00.000000,20,s/n
8590,4,,2025-08-31 14:00:00.000000,21,s/n
8591,5,,2025-08-31 14:00:00.000000,20,
8592,2,,2025-08-31 14:00:00.000000,21,
8593,5,140.0,2025-08-31 15:32:23.679622,11,sin novedad
8594,4,,2025-08-31 21:16:15.439031,29,ver informe adjunto
8595,4,,2025-08-31 22:00:00.000000,20,ok
8596,1,25.0,2025-09-01 03:40:28.977452,11,OK
8597,3,76.0,2025-09-01 03:51:33.799423,10,OK
8598,1,,2025-09-01 06:00:00.000000,22,
8599,3,,2025-09-01 06:00:00.000000,21,s/n
8600,5,,2025-09-01 06:00:00.000000,21,
8601,4,,2025-09-01 06:00:00.000000,19,ok
8602,1,35.0,2025-09-01 09:58:08.875833,18,sin intervencion
8603,2,46.0,2025-09-01 10:01:57.886983,2,PARADA POR FALLA
8604,4,107.0,2025-09-01 13:16:07.512898,14,sin novedad
8605,3,,2025-09-01 14:00:00.000000,22,normal
8606,5,,2025-09-01 14:00:00.000000,19,normal
8607,4,112.0,2025-09-01 14:03:06.464789,17,operador reseteo
8608,2,46.0,2025-09-01 14:39:03.568710,9,OK
8609,2,57.0,2025-09-01 15:51:17.279346,17,operador reseteo
8610,4,108.0,2025-09-01 20:42:34.244581,12,purga completa
8611,5,129.0,2025-09-01 20:57:51.537994,14,purga completa
8612,3,,2025-09-01 22:00:00.000000,19,normal
8613,5,,2025-09-01 22:00:00.000000,19,ok
8614,5,129.0,2025-09-01 22:20:26.886348,11,purga completa
8615,3,,2025-09-02 06:00:00.000000,21,
8616,2,,2025-09-02 06:00:00.000000,21,normal
8617,4,,2025-09-02 06:00:00.000000,21,ok
8618,5,,2025-09-02 06:00:00.000000,21,normal
8619,5,145.0,2025-09-02 07:55:26.078659,15,restablecida sola
8620,4,100.0,2025-09-02 09:44:06.498928,12,ok.
8621,2,,2025-09-02 10:04:54.979910,26,ver informe adjunto
8622,3,68.0,2025-09-02 10:41:37.861787,18,sin intervencion
8623,1,,2025-09-02 14:00:00.000000,19,normal
8624,5,,2025-09-02 14:00:00.000000,21,
8625,3,,2025-09-02 14:00:00.000000,19,ok
8626,4,,2025-09-02 14:00:00.000000,22,ok
8627,2,,2025-09-02 14:00:00.000000,22,s/n
8628,2,59.0,2025-09-02 15:28:57.376512,10,ok.
8629,5,115.0,2025-09-02 16:22:47.495028,10,ok.
8630,4,98.0,2025-09-02 17:51:07.949104,10,purga completa
8631,1,32.0,2025-09-02 19:02:12.531370,15,restablecida sola
8632,3,,2025-09-02 21:33:50.928553,27,ver informe adjunto
8633,1,,2025-09-02 22:00:00.000000,20,
8634,3,,2025-09-02 22:00:00.000000,22,ok
8635,2,,2025-09-02 22:00:00.000000,20,ok
8636,5,141.0,2025-09-03 03:35:43.012733,11,DRN OK
8637,5,117.0,2025-09-03 05:36:25.148072,1,ver OT
8638,1,,2025-09-03 06:00:00.000000,22,s/n
8639,5,,2025-09-03 06:00:00.000000,20,
8640,4,,2025-09-03 06:00:00.000000,19,
8641,5,,2025-09-03 08:13:09.502722,28,aviso proveedor externo
8642,4,90.0,2025-09-03 11:43:37.514323,14,ok.
8643,1,,2025-09-03 14:00:00.000000,20,
8644,2,,2025-09-03 14:00:00.000000,21,s/n
8645,3,,2025-09-03 14:00:00.000000,21,normal
8646,3,77.0,2025-09-03 17:47:40.963631,14,
8647,2,,2025-09-03 22:00:00.000000,19,s/n
8648,1,,2025-09-03 22:00:00.000000,21,ok
8649,1,,2025-09-03 22:41:31.606892,27,aviso proveedor externo
8650,3,66.0,2025-09-04 04:40:16.095899,14,OK
8651,1,19.0,2025-09-04 05:37:52.200626,13,purga completa
8652,2,,2025-09-04 06:00:00.000000,19,ok
8653,4,,2025-09-04 06:00:00.000000,20,ok
8654,1,24.0,2025-09-04 10:42:39.284193,3,
8655,2,52.0,2025-09-04 13:37:58.256889,14,
8656,1,24.0,2025-09-04 18:15:46.208192,7,arranque normal
8657,4,102.0,2025-09-04 18:47:23.518068,10,sin novedad
8658,2,39.0,2025-09-04 19:25:27.792891,11,sin novedad
8659,5,129.0,2025-09-04 21:49:50.681934,10,sin novedad
8660,5,,2025-09-04 22:00:00.000000,20,
8661,1,,2025-09-04 22:00:00.000000,19,normal
8662,2,,2025-09-04 22:00:00.000000,22,normal
8663,3,75.0,2025-09-05 01:56:05.391588,16,sin intervencion
8664,5,117.0,2025-09-05 02:06:44.066474,8,OK
8665,5,141.0,2025-09-05 02:19:46.823587,14,
8666,1,13.0,2025-09-05 03:44:20.846759,16,operador reseteo
8667,5,140.0,2025-09-05 04:54:33.511957,13,purga completa
8668,4,,2025-09-05 06:00:00.000000,22,
8669,5,,2025-09-05 06:00:00.000000,19,
8670,3,,2025-09-05 06:50:59.660806,24,ver informe adjunto
8671,4,90.0,2025-09-05 07:35:23.344102,17,restablecida sola
8672,1,6.0,2025-09-05 08:24:51.212269,2,por mantenimiento
8673,1,6.0,2025-09-05 11:15:39.488189,8,OK
8674,2,52.0,2025-09-05 11:37:46.579802,12,purga completa
8675,5,,2025-09-05 14:00:00.000000,19,ok
8676,2,52.0,2025-09-05 20:30:58.138529,13,
8677,4,111.0,2025-09-05 20:52:58.899096,12,DRN OK
8678,1,29.0,2025-09-05 23:37:55.487608,13,ok.
8679,4,110.0,2025-09-06 00:18:40.383429,10,
8680,2,,2025-09-06 06:00:00.000000,20,normal
8681,5,119.0,2025-09-06 11:21:05.165550,14,purga completa
8682,4,99.0,2025-09-06 12:02:28.073809,3,por mantenimiento
8683,1,,2025-09-06 14:00:00.000000,19,normal
8684,5,,2025-09-06 14:00:00.000000,20,s/n
8685,4,,2025-09-06 14:00:00.000000,20,
8686,3,76.0,2025-09-06 17:21:48.971803,14,ok.
8687,1,6.0,2025-09-06 17:31:09.728046,4,
8688,3,65.0,2025-09-06 19:02:19.886017,12,purga completa
8689,5,,2025-09-06 22:00:00.000000,21,normal
8690,4,,2025-09-06 22:00:00.000000,22,
8691,1,,2025-09-06 22:00:00.000000,20,ok
8692,1,3.0,2025-09-07 01:17:27.482247,14,purga completa
8693,4,111.0,2025-09-07 01:33:59.536260,14,OK
8694,4,99.0,2025-09-07 04:27:37.731915,9,OK
8695,2,61.0,2025-09-07 04:31:44.369340,2,PARADA POR FALLA
8696,5,,2025-09-07 06:00:00.000000,20,ok
8697,4,,2025-09-07 06:00:00.000000,20,normal
8698,4,83.0,2025-09-07 13:52:19.980740,18,sin intervencion
8699,4,,2025-09-07 14:00:00.000000,22,normal
8700,5,,2025-09-07 14:00:00.000000,20,normal
8701,3,,2025-09-07 14:00:00.000000,22,s/n
8702,2,47.0,2025-09-07 15:50:33.909908,4,ver OT
8703,2,39.0,2025-09-07 18:24:49.300813,11,OK
8704,4,97.0,2025-09-07 19:14:56.220538,17,operador reseteo
8705,2,47.0,2025-09-07 21:41:51.862159,8,
8706,3,70.0,2025-09-07 21:45:39.369539,18,restablecida sola
8707,5,,2025-09-07 22:00:00.000000,22,s/n
8708,1,,2025-09-07 22:00:00.000000,22,
8709,4,,2025-09-07 22:00:00.000000,22,ok
8710,5,132.0,2025-09-07 22:21:47.396186,17,operador reseteo
8711,1,26.0,2025-09-08 01:54:02.518949,15,restablecida sola
8712,2,40.0,2025-09-08 02:55:41.273242,11,ok.
8713,4,,2025-09-08 06:00:00.000000,21,s/n
8714,3,,2025-09-08 06:00:00.000000,20,normal
8715,5,134.0,2025-09-08 12:04:30.800523,13,sin novedad
8716,3,,2025-09-08 14:00:00.000000,22,ok
8717,1,,2025-09-08 14:00:00.000000,21,ok
8718,4,97.0,2025-09-08 16:17:15.219256,10,ok.
8719,1,6.0,2025-09-08 17:49:19.409795,7,arranque normal
8720,2,61.0,2025-09-08 18:35:28.793957,6,OK
8721,5,,2025-09-08 22:00:00.000000,21,normal
8722,3,,2025-09-08 22:00:00.000000,19,normal
8723,3,,2025-09-08 22:31:52.029147,26,
8724,4,83.0,2025-09-08 23:19:28.874722,11,sin novedad
8725,3,80.0,2025-09-09 01:58:43.101672,10,ok.
8726,1,15.0,2025-09-09 02:53:02.614159,15,sin intervencion
8727,1,,2025-09-09 06:00:00.000000,22,ok
8728,4,,2025-09-09 06:00:00.000000,19,normal
8729,2,,2025-09-09 06:00:00.000000,20,normal
8730,5,,2025-09-09 06:00:00.000000,19,ok
8731,3,75.0,2025-09-09 11:27:57.742547,12,purga completa
8732,1,,2025-09-09 14:00:00.000000,21,normal
8733,5,,2025-09-09 14:00:00.000000,22,
8734,3,,2025-09-09 14:00:00.000000,21,s/n
8735,5,144.0,2025-09-09 21:08:54.283387,10,sin novedad
8736,1,,2025-09-09 22:00:00.000000,20,ok
8737,5,,2025-09-09 22:00:00.000000,20,ok
8738,3,,2025-09-09 22:00:00.000000,21,s/n
8739,3,63.0,2025-09-10 00:32:05.877908,10,sin novedad
8740,5,126.0,2025-09-10 02:49:14.434205,10,
8741,2,,2025-09-10 06:00:00.000000,21,
8742,1,31.0,2025-09-10 06:29:05.487622,11,
8743,2,57.0,2025-09-10 12:08:58.051379,10,sin novedad
8744,1,,2025-09-10 14:00:00.000000,21,s/n
8745,3,,2025-09-10 14:00:00.000000,22,ok
8746,4,,2025-09-10 14:00:00.000000,20,ok
8747,3,72.0,2025-09-10 18:18:55.514093,17,operador reseteo
8748,2,39.0,2025-09-10 19:55:44.987878,15,sin intervencion
8749,2,,2025-09-10 22:00:00.000000,20,ok
8750,4,,2025-09-10 22:00:00.000000,19,s/n
8751,3,,2025-09-10 22:00:00.000000,20,ok
8752,5,,2025-09-10 22:00:00.000000,22,
8753,5,,2025-09-11 06:00:00.000000,20,normal
8754,2,42.0,2025-09-11 10:59:20.875784,5,
8755,1,,2025-09-11 14:00:00.000000,19,
8756,5,,2025-09-11 14:00:00.000000,22,ok
8757,5,,2025-09-11 22:00:00.000000,19,s/n
8758,2,,2025-09-11 22:00:00.000000,20,s/n
8759,1,,2025-09-11 22:00:00.000000,21,
8760,2,42.0,2025-09-11 22:49:44.408539,7,reanuda produccion
8761,1,17.0,2025-09-12 00:01:47.838961,11,sin novedad
8762,4,95.0,2025-09-12 03:27:55.577533,11,DRN OK
8763,5,,2025-09-12 06:00:00.000000,21,normal
8764,4,,2025-09-12 06:00:00.000000,20,s/n
8765,3,,2025-09-12 06:00:00.000000,22,normal
8766,1,,2025-09-12 06:00:00.000000,21,ok
8767,2,,2025-09-12 06:00:00.000000,21,ok
8768,5,136.0,2025-09-12 10:45:08.068781,12,sin novedad
8769,1,,2025-09-12 14:00:00.000000,21,s/n
8770,2,,2025-09-12 14:00:00.000000,21,ok
8771,3,,2025-09-12 14:00:00.000000,19,
8772,1,24.0,2025-09-12 14:16:42.630666,12,purga completa
8773,1,29.0,2025-09-12 19:45:13.069323,17,operador reseteo
8774,2,,2025-09-12 22:00:00.000000,20,ok
8775,5,,2025-09-13 06:00:00.000000,20,ok
8776,4,,2025-09-13 06:00:00.000000,22,
8777,3,,2025-09-13 06:00:00.000000,22,normal
8778,3,,2025-09-13 14:00:00.000000,20,ok
8779,1,,2025-09-13 14:00:00.000000,20,ok
8780,5,,2025-09-13 14:00:00.000000,22,s/n
8781,2,,2025-09-13 14:00:00.000000,21,s/n
8782,3,69.0,2025-09-13 14:03:46.770053,11,DRN OK
8783,3,,2025-09-13 14:33:42.472727,27,
8784,4,107.0,2025-09-13 18:53:06.558564,11,
8785,5,,2025-09-13 22:00:00.000000,21,
8786,1,,2025-09-13 22:00:00.000000,19,ok
8787,4,,2025-09-13 22:00:00.000000,19,ok
8788,3,,2025-09-13 22:00:00.000000,19,ok
8789,3,80.0,2025-09-13 23:35:42.346266,13,DRN OK
8790,5,129.0,2025-09-14 00:02:31.406250,10,
8791,3,,2025-09-14 06:00:00.000000,22,normal
8792,3,77.0,2025-09-14 12:00:40.625493,15,sin intervencion
8793,4,,2025-09-14 14:00:00.000000,22,s/n
8794,5,,2025-09-14 14:00:00.000000,22,s/n
8795,2,,2025-09-14 14:00:00.000000,19,s/n
8796,5,138.0,2025-09-14 15:18:51.891810,11,
8797,5,139.0,2025-09-14 19:20:31.095349,13,ok.
8798,4,85.0,2025-09-14 19:30:44.384064,16,sin intervencion
8799,4,,2025-09-14 22:00:00.000000,20,ok
8800,1,,2025-09-14 22:00:00.000000,20,s/n
8801,5,,2025-09-14 22:00:00.000000,20,
8802,2,61.0,2025-09-14 22:09:28.406372,10,DRN OK
8803,2,42.0,2025-09-15 00:53:06.852146,18,sin intervencion
8804,2,60.0,2025-09-15 01:02:15.425046,14,DRN OK
8805,5,116.0,2025-09-15 03:11:33.496791,12,sin novedad
8806,1,,2025-09-15 06:00:00.000000,22,
8807,5,,2025-09-15 06:00:00.000000,22,s/n
8808,3,65.0,2025-09-15 11:33:24.125847,13,DRN OK
8809,2,,2025-09-15 14:00:00.000000,20,normal
8810,5,,2025-09-15 14:00:00.000000,19,
8811,1,11.0,2025-09-15 14:03:39.631600,11,ok.
8812,3,69.0,2025-09-15 14:36:42.775959,15,restablecida sola
8813,1,,2025-09-15 22:00:00.000000,22,normal
8814,5,,2025-09-15 22:00:00.000000,20,
8815,4,,2025-09-15 22:00:00.000000,22,ok
8816,3,73.0,2025-09-16 03:11:51.493440,13,DRN OK
8817,3,,2025-09-16 06:00:00.000000,20,ok
8818,2,45.0,2025-09-16 12:35:52.482634,17,operador reseteo
8819,4,87.0,2025-09-16 13:08:57.430561,14,purga completa
8820,2,,2025-09-16 14:00:00.000000,19,normal
8821,2,,2025-09-16 22:00:00.000000,22,s/n
8822,1,,2025-09-16 22:00:00.000000,20,normal
8823,5,,2025-09-16 22:00:00.000000,21,normal
8824,3,,2025-09-16 22:00:00.000000,21,ok
8825,1,25.0,2025-09-16 23:01:03.886923,10,sin novedad
8826,1,21.0,2025-09-17 02:02:59.489404,14,purga completa
8827,5,136.0,2025-09-17 04:38:43.661008,12,
8828,2,40.0,2025-09-17 06:04:46.911409,17,operador reseteo
8829,4,,2025-09-17 14:00:00.000000,22,s/n
8830,2,,2025-09-17 14:00:00.000000,20,normal
8831,5,134.0,2025-09-17 15:10:52.390211,11,OK
8832,3,76.0,2025-09-17 18:43:02.742375,16,restablecida sola
8833,1,35.0,2025-09-17 18:53:11.451838,13,purga completa
8834,4,,2025-09-17 22:00:00.000000,22,s/n
8835,2,,2025-09-17 22:00:00.000000,19,
8836,2,,2025-09-18 06:00:00.000000,19,
8837,1,,2025-09-18 06:00:00.000000,21,
8838,5,,2025-09-18 06:00:00.000000,19,s/n
8839,4,,2025-09-18 06:00:00.000000,19,normal
8840,5,,2025-09-18 14:00:00.000000,19,normal
8841,3,,2025-09-18 14:00:00.000000,21,ok
8842,2,,2025-09-18 14:00:00.000000,20,
8843,1,,2025-09-18 14:00:00.000000,19,normal
8844,3,,2025-09-18 17:12:38.510706,24,aviso proveedor externo
8845,1,,2025-09-18 22:00:00.000000,22,ok
8846,3,,2025-09-18 22:00:00.000000,20,ok
8847,2,,2025-09-18 22:00:00.000000,19,normal
8848,5,,2025-09-18 22:00:00.000000,20,ok
8849,1,,2025-09-18 22:53:29.407109,23,aviso proveedor externo
8850,2,44.0,2025-09-19 03:13:54.899744,4,por mantenimiento
8851,1,17.0,2025-09-19 04:02:26.174995,14,DRN OK
8852,5,,2025-09-19 06:00:00.000000,21,ok
8853,2,,2025-09-19 14:00:00.000000,20,ok
8854,5,,2025-09-19 14:00:00.000000,19,s/n
8855,3,,2025-09-19 14:00:00.000000,20,normal
8856,1,24.0,2025-09-19 17:32:06.992364,17,restablecida sola
8857,5,135.0,2025-09-19 18:50:24.733386,2,ver OT
8858,5,,2025-09-19 22:00:00.000000,20,s/n
8859,2,,2025-09-19 22:00:00.000000,19,s/n
8860,4,85.0,2025-09-19 23:28:46.978523,11,OK
8861,1,7.0,2025-09-20 04:07:55.063737,17,operador reseteo
8862,4,,2025-09-20 06:00:00.000000,22,
8863,3,,2025-09-20 06:00:00.000000,19,ok
8864,3,80.0,2025-09-20 07:05:59.108741,14,OK
8865,5,131.0,2025-09-20 11:44:30.131784,13,sin novedad
8866,4,,2025-09-20 14:00:00.000000,20,
8867,1,,2025-09-20 14:00:00.000000,22,ok
8868,2,44.0,2025-09-20 14:28:39.050252,8,OK
8869,2,61.0,2025-09-20 14:40:18.943013,3,
8870,3,75.0,2025-09-20 16:47:23.342461,11,
8871,2,61.0,2025-09-20 19:17:30.898491,6,arranque normal
8872,2,,2025-09-20 22:00:00.000000,22,s/n
8873,3,,2025-09-20 22:00:00.000000,22,ok
8874,5,,2025-09-20 22:00:00.000000,21,ok
8875,5,135.0,2025-09-21 01:43:20.450018,6,OK
8876,3,63.0,2025-09-21 02:46:49.880661,10,sin novedad
8877,3,,2025-09-21 06:00:00.000000,22,s/n
8878,2,,2025-09-21 06:00:00.000000,21,s/n
8879,4,93.0,2025-09-21 12:20:35.938117,18,restablecida sola
8880,1,,2025-09-21 14:00:00.000000,19,ok
8881,2,,2025-09-21 14:00:00.000000,21,ok
8882,3,66.0,2025-09-21 14:56:08.381706,10,purga completa
8883,5,125.0,2025-09-21 15:44:02.462542,13,OK
8884,3,66.0,2025-09-21 16:37:39.712180,4,ver OT
8885,2,47.0,2025-09-21 16:50:46.028284,10,DRN OK
8886,3,66.0,2025-09-21 21:36:27.774067,6,reanuda produccion
8887,4,,2025-09-21 22:00:00.000000,20,normal
8888,2,,2025-09-21 22:00:00.000000,22,ok
8889,3,,2025-09-21 22:00:00.000000,22,normal
8890,5,,2025-09-22 06:00:00.000000,19,normal
8891,2,,2025-09-22 06:00:00.000000,19,s/n
8892,3,,2025-09-22 06:00:00.000000,21,normal
8893,3,72.0,2025-09-22 08:49:32.991186,13,ok.
8894,3,70.0,2025-09-22 10:12:29.792093,10,sin novedad
8895,4,96.0,2025-09-22 11:58:01.990212,14,DRN OK
8896,5,,2025-09-22 14:00:00.000000,21,s/n
8897,2,,2025-09-22 14:00:00.000000,19,ok
8898,3,,2025-09-22 14:00:00.000000,22,s/n
8899,1,,2025-09-22 20:54:45.761048,25,
8900,4,98.0,2025-09-22 21:11:46.854152,10,DRN OK
8901,1,,2025-09-22 22:00:00.000000,21,s/n
8902,3,,2025-09-22 22:00:00.000000,22,normal
8903,5,,2025-09-22 22:00:00.000000,21,s/n
8904,5,,2025-09-22 23:31:47.563860,28,aviso proveedor externo
8905,4,103.0,2025-09-23 00:04:50.701513,16,restablecida sola
8906,3,,2025-09-23 06:00:00.000000,21,s/n
8907,5,,2025-09-23 06:00:00.000000,21,ok
8908,2,,2025-09-23 06:00:00.000000,20,s/n
8909,3,63.0,2025-09-23 09:00:46.852945,10,
8910,5,133.0,2025-09-23 10:32:19.403817,11,OK
8911,5,141.0,2025-09-23 11:25:54.245687,1,
8912,5,,2025-09-23 14:00:00.000000,22,s/n
8913,5,141.0,2025-09-23 15:03:51.572843,9,
8914,2,48.0,2025-09-23 15:17:13.974864,17,operador reseteo
8915,1,7.0,2025-09-23 16:01:32.617941,11,
8916,1,3.0,2025-09-23 16:19:25.427745,11,DRN OK
8917,5,133.0,2025-09-23 19:35:32.112863,17,operador reseteo
8918,5,,2025-09-23 22:00:00.000000,21,ok
8919,2,,2025-09-23 22:00:00.000000,19,ok
8920,1,,2025-09-23 22:00:00.000000,19,ok
8921,3,,2025-09-23 22:00:00.000000,21,s/n
8922,4,,2025-09-23 22:00:00.000000,22,normal
8923,2,57.0,2025-09-23 22:04:21.934038,17,sin intervencion
8924,4,85.0,2025-09-23 23:16:03.116659,14,
8925,1,,2025-09-24 06:00:00.000000,20,ok
8926,5,,2025-09-24 06:00:00.000000,19,
8927,2,,2025-09-24 06:00:00.000000,19,
8928,4,,2025-09-24 06:00:00.000000,19,normal
8929,5,,2025-09-24 14:00:00.000000,20,s/n
8930,4,,2025-09-24 22:00:00.000000,21,ok
8931,5,,2025-09-24 22:00:00.000000,19,
8932,4,98.0,2025-09-24 23:02:19.187664,10,DRN OK
8933,3,64.0,2025-09-25 00:34:30.892693,11,purga completa
8934,5,117.0,2025-09-25 01:46:18.401062,13,
8935,5,,2025-09-25 06:00:00.000000,21,normal
8936,2,60.0,2025-09-25 06:59:09.752716,12,DRN OK
8937,2,49.0,2025-09-25 08:59:18.027926,11,sin novedad
8938,3,66.0,2025-09-25 09:32:38.291153,12,
8939,3,65.0,2025-09-25 13:24:15.536810,14,ok.
8940,4,104.0,2025-09-25 13:41:42.873870,15,operador reseteo
8941,5,,2025-09-25 14:00:00.000000,19,ok
8942,1,,2025-09-25 14:00:00.000000,19,ok
8943,5,,2025-09-25 22:00:00.000000,19,ok
8944,1,2.0,2025-09-26 04:32:41.662366,13,ok.
8945,5,,2025-09-26 06:00:00.000000,22,ok
8946,4,,2025-09-26 06:00:00.000000,22,ok
8947,2,,2025-09-26 06:00:00.000000,20,
8948,2,42.0,2025-09-26 06:13:17.575913,5,por mantenimiento
8949,2,42.0,2025-09-26 12:21:14.638007,9,
8950,3,81.0,2025-09-26 20:58:37.454798,17,restablecida sola
8951,4,87.0,2025-09-26 21:22:24.192648,17,restablecida sola
8952,1,,2025-09-26 22:00:00.000000,21,ok
8953,4,,2025-09-26 22:00:00.000000,20,normal
8954,5,138.0,2025-09-27 04:29:14.780509,11,purga completa
8955,4,87.0,2025-09-27 05:36:41.053188,17,restablecida sola
8956,2,,2025-09-27 06:00:00.000000,21,normal
8957,1,,2025-09-27 06:00:00.000000,22,
8958,5,,2025-09-27 06:00:00.000000,22,
8959,3,,2025-09-27 06:00:00.000000,20,normal
8960,5,142.0,2025-09-27 07:59:32.582508,17,restablecida sola
8961,1,35.0,2025-09-27 08:55:13.740506,5,por mantenimiento
8962,5,130.0,2025-09-27 10:42:46.827839,11,sin novedad
8963,1,35.0,2025-09-27 11:58:01.169585,7,OK
8964,5,,2025-09-27 14:00:00.000000,19,
8965,2,,2025-09-27 14:00:00.000000,21,normal
8966,4,,2025-09-27 14:00:00.000000,21,normal
8967,3,,2025-09-27 14:00:00.000000,19,ok
8968,3,68.0,2025-09-27 16:19:05.423088,12,DRN OK
8969,3,66.0,2025-09-27 17:38:21.236696,11,
8970,3,,2025-09-27 22:00:00.000000,21,s/n
8971,2,,2025-09-27 22:00:00.000000,19,ok
8972,5,,2025-09-27 22:00:00.000000,20,ok
8973,1,,2025-09-27 22:00:00.000000,22,
8974,1,3.0,2025-09-27 23:37:22.376939,4,
8975,4,83.0,2025-09-28 03:57:09.083761,13,purga completa
8976,4,100.0,2025-09-28 05:11:52.892009,16,operador reseteo
8977,5,138.0,2025-09-28 08:54:42.544882,4,
8978,5,138.0,2025-09-28 11:47:45.012338,8,OK
8979,3,79.0,2025-09-28 13:44:33.142795,10,ok.
8980,4,,2025-09-28 14:00:00.000000,21,s/n
8981,1,,2025-09-28 14:00:00.000000,21,normal
8982,3,,2025-09-28 14:00:00.000000,19,
8983,5,,2025-09-28 14:00:00.000000,19,
8984,5,132.0,2025-09-28 14:01:51.671423,10,purga completa
8985,5,117.0,2025-09-28 14:11:07.129657,17,operador reseteo
8986,4,85.0,2025-09-28 15:16:02.853410,17,sin intervencion
8987,3,81.0,2025-09-28 15:41:32.348424,15,restablecida sola
8988,2,41.0,2025-09-28 17:41:29.336022,12,
8989,5,,2025-09-28 22:00:00.000000,19,
8990,1,,2025-09-28 22:00:00.000000,19,
8991,3,72.0,2025-09-29 01:30:45.035936,11,
8992,2,42.0,2025-09-29 05:07:49.704999,12,DRN OK
8993,1,,2025-09-29 06:00:00.000000,22,s/n
8994,4,,2025-09-29 06:00:00.000000,21,s/n
8995,5,,2025-09-29 06:00:00.000000,21,
8996,2,,2025-09-29 06:00:00.000000,19,ok
8997,3,71.0,2025-09-29 09:19:41.610361,16,sin intervencion
8998,2,40.0,2025-09-29 13:24:53.046503,12,DRN OK
8999,1,,2025-09-29 14:00:00.000000,20,ok
9000,2,56.0,2025-09-29 17:22:58.755236,13,DRN OK
9001,4,100.0,2025-09-29 21:35:22.129490,15,restablecida sola
9002,2,45.0,2025-09-29 21:47:27.294289,17,sin intervencion
9003,1,,2025-09-29 22:00:00.000000,19,s/n
9004,5,,2025-09-29 22:00:00.000000,20,normal
9005,2,,2025-09-29 22:00:00.000000,21,ok
9006,3,,2025-09-29 22:00:00.000000,19,ok
9007,1,3.0,2025-09-29 23:32:09.592738,7,
9008,1,6.0,2025-09-30 01:50:14.175575,18,restablecida sola
9009,3,,2025-09-30 06:00:00.000000,19,normal
9010,5,139.0,2025-09-30 06:16:40.608789,14,sin novedad
9011,2,48.0,2025-09-30 10:23:05.197711,18,operador reseteo
9012,1,30.0,2025-09-30 11:19:04.763197,5,
9013,1,5.0,2025-09-30 13:15:07.070636,13,OK
9014,1,,2025-09-30 14:00:00.000000,22,ok
9015,3,,2025-09-30 14:00:00.000000,19,ok
9016,2,,2025-09-30 14:00:00.000000,20,s/n
9017,1,36.0,2025-09-30 14:09:01.124080,10,ok.
9018,5,131.0,2025-09-30 16:10:41.699409,10,purga completa
9019,5,,2025-09-30 22:00:00.000000,20,
9020,3,,2025-09-30 22:00:00.000000,20,s/n
9021,2,40.0,2025-10-01 01:51:58.743457,10,purga completa
9022,2,,2025-10-01 04:23:47.868604,24,ver informe adjunto
9023,1,,2025-10-01 06:00:00.000000,22,ok
9024,3,63.0,2025-10-01 06:28:09.771333,17,restablecida sola
9025,2,51.0,2025-10-01 06:31:54.994951,11,
9026,5,118.0,2025-10-01 06:33:49.045005,12,DRN OK
9027,2,56.0,2025-10-01 06:33:55.163357,18,sin intervencion
9028,1,30.0,2025-10-01 09:23:11.860697,6,reanuda produccion
9029,5,133.0,2025-10-01 13:19:18.286989,13,sin novedad
9030,4,,2025-10-01 14:00:00.000000,19,
9031,2,,2025-10-01 14:00:00.000000,21,ok
9032,5,,2025-10-01 14:00:00.000000,22,ok
9033,5,140.0,2025-10-01 15:45:09.867645,13,
9034,3,72.0,2025-10-01 16:16:29.341831,11,OK
9035,4,109.0,2025-10-01 20:04:43.243360,18,restablecida sola
9036,4,,2025-10-01 22:00:00.000000,21,s/n
9037,5,,2025-10-01 22:00:00.000000,19,normal
9038,3,,2025-10-01 22:00:00.000000,21,
9039,2,52.0,2025-10-01 23:17:53.631650,10,DRN OK
9040,1,,2025-10-02 06:00:00.000000,21,s/n
9041,5,,2025-10-02 06:00:00.000000,21,normal
9042,3,,2025-10-02 06:00:00.000000,21,s/n
9043,3,,2025-10-02 11:09:43.453432,27,aviso proveedor externo
9044,1,7.0,2025-10-02 11:51:22.745644,11,sin novedad
9045,1,,2025-10-02 14:00:00.000000,19,normal
9046,2,39.0,2025-10-02 18:27:18.475977,10,sin novedad
9047,2,53.0,2025-10-02 19:29:08.261804,12,OK
9048,3,73.0,2025-10-02 19:34:53.914009,17,restablecida sola
9049,2,46.0,2025-10-02 19:38:06.242785,13,sin novedad
9050,1,,2025-10-02 22:00:00.000000,22,
9051,5,,2025-10-02 22:00:00.000000,22,s/n
9052,2,,2025-10-02 22:00:00.000000,21,s/n
9053,3,,2025-10-02 22:00:00.000000,22,s/n
9054,2,,2025-10-02 22:39:57.290364,27,ver informe adjunto
9055,4,108.0,2025-10-02 23:03:58.890904,15,operador reseteo
9056,1,18.0,2025-10-03 04:25:15.576671,18,restablecida sola
9057,4,,2025-10-03 06:00:00.000000,19,
9058,2,,2025-10-03 06:00:00.000000,21,ok
9059,5,142.0,2025-10-03 09:50:07.101161,12,ok.
9060,2,,2025-10-03 10:22:55.239583,28,
9061,3,,2025-10-03 14:00:00.000000,21,normal
9062,1,,2025-10-03 14:00:00.000000,20,
9063,4,,2025-10-03 14:00:00.000000,19,s/n
9064,5,,2025-10-03 14:00:00.000000,19,ok
9065,5,125.0,2025-10-03 14:12:23.729993,12,OK
9066,4,104.0,2025-10-03 17:00:59.767129,11,purga completa
9067,3,76.0,2025-10-03 18:02:22.497827,16,operador reseteo
9068,1,,2025-10-03 22:00:00.000000,20,
9069,5,,2025-10-03 22:00:00.000000,19,s/n
9070,3,,2025-10-03 22:00:00.000000,22,normal
9071,4,,2025-10-03 22:00:00.000000,19,
9072,3,,2025-10-04 01:11:26.936583,26,ver informe adjunto
9073,4,,2025-10-04 06:00:00.000000,19,
9074,5,,2025-10-04 06:00:00.000000,22,normal
9075,2,56.0,2025-10-04 08:46:03.271083,15,operador reseteo
9076,5,125.0,2025-10-04 09:10:10.708185,12,
9077,2,,2025-10-04 14:00:00.000000,22,ok
9078,4,,2025-10-04 14:00:00.000000,22,
9079,2,39.0,2025-10-04 15:02:31.926105,16,operador reseteo
9080,4,,2025-10-04 22:00:00.000000,19,ok
9081,3,,2025-10-04 22:00:00.000000,20,s/n
9082,3,72.0,2025-10-05 00:22:58.238377,13,
9083,1,15.0,2025-10-05 02:17:16.475294,10,sin novedad
9084,2,40.0,2025-10-05 05:40:05.521283,13,ok.
9085,1,,2025-10-05 06:00:00.000000,20,normal
9086,4,,2025-10-05 06:00:00.000000,19,ok
9087,3,,2025-10-05 06:00:00.000000,19,s/n
9088,3,79.0,2025-10-05 06:55:59.371123,13,ok.
9089,3,80.0,2025-10-05 07:55:45.772839,13,ok.
9090,1,11.0,2025-10-05 08:06:46.018131,17,operador reseteo
9091,5,117.0,2025-10-05 09:13:09.257463,12,sin novedad
9092,5,116.0,2025-10-05 11:09:13.380265,11,DRN OK
9093,3,,2025-10-05 14:00:00.000000,22,ok
9094,1,,2025-10-05 14:00:00.000000,20,ok
9095,2,,2025-10-05 14:00:00.000000,22,s/n
9096,4,111.0,2025-10-05 17:05:15.927888,4,ver OT
9097,5,118.0,2025-10-05 18:20:37.054690,15,operador reseteo
9098,4,111.0,2025-10-05 20:22:56.829257,7,reanuda produccion
9099,1,27.0,2025-10-05 21:16:20.007661,14,sin novedad
9100,2,,2025-10-05 22:00:00.000000,22,normal
9101,5,,2025-10-05 22:00:00.000000,22,s/n
9102,3,68.0,2025-10-06 03:32:05.676918,11,purga completa
9103,1,31.0,2025-10-06 04:31:55.364878,13,ok.
9104,5,,2025-10-06 06:00:00.000000,19,ok
9105,1,,2025-10-06 06:00:00.000000,22,normal
9106,3,,2025-10-06 06:00:00.000000,21,
9107,2,55.0,2025-10-06 08:36:18.766640,12,ok.
9108,2,,2025-10-06 10:05:32.168632,27,ver informe adjunto
9109,4,92.0,2025-10-06 10:30:35.200951,12,DRN OK
9110,1,15.0,2025-10-06 11:11:48.426555,10,DRN OK
9111,4,,2025-10-06 14:00:00.000000,20,normal
9112,3,,2025-10-06 14:00:00.000000,21,s/n
9113,2,39.0,2025-10-06 16:56:52.821924,5,ver OT
9114,4,108.0,2025-10-06 18:32:52.118848,17,operador reseteo
9115,1,14.0,2025-10-06 19:56:31.852865,18,sin intervencion
9116,1,,2025-10-06 22:00:00.000000,20,
9117,3,,2025-10-06 22:00:00.000000,19,
9118,2,39.0,2025-10-06 22:01:37.297781,7,
9119,2,39.0,2025-10-07 01:54:45.140094,13,OK
9120,3,77.0,2025-10-07 05:58:29.723148,12,DRN OK
9121,3,,2025-10-07 06:00:00.000000,22,normal
9122,4,,2025-10-07 06:00:00.000000,22,
9123,5,,2025-10-07 06:00:00.000000,19,s/n
9124,3,76.0,2025-10-07 08:42:08.232420,1,ver OT
9125,3,76.0,2025-10-07 12:28:13.258194,6,arranque normal
9126,1,,2025-10-07 14:00:00.000000,19,normal
9127,1,19.0,2025-10-07 17:05:00.126022,11,OK
9128,2,52.0,2025-10-07 19:28:09.304820,15,restablecida sola
9129,5,,2025-10-07 22:00:00.000000,19,s/n
9130,3,,2025-10-07 22:00:00.000000,19,ok
9131,3,72.0,2025-10-07 22:45:43.535109,10,OK
9132,4,84.0,2025-10-08 02:51:11.847722,10,sin novedad
9133,3,,2025-10-08 06:00:00.000000,20,normal
9134,1,,2025-10-08 06:00:00.000000,22,
9135,5,,2025-10-08 06:00:00.000000,21,ok
9136,4,83.0,2025-10-08 07:12:15.306883,15,sin intervencion
9137,1,,2025-10-08 07:18:47.513083,24,ver informe adjunto
9138,3,,2025-10-08 10:41:19.626195,24,aviso proveedor externo
9139,5,126.0,2025-10-08 11:50:17.736102,13,DRN OK
9140,3,,2025-10-08 14:00:00.000000,20,s/n
9141,5,,2025-10-08 14:00:00.000000,21,ok
9142,4,,2025-10-08 14:00:00.000000,21,s/n
9143,3,70.0,2025-10-08 19:45:41.204380,10,ok.
9144,5,,2025-10-08 22:00:00.000000,20,
9145,4,,2025-10-09 06:00:00.000000,21,s/n
9146,1,19.0,2025-10-09 06:32:40.621630,12,OK
9147,4,,2025-10-09 14:00:00.000000,20,normal
9148,2,56.0,2025-10-09 14:00:21.802012,12,DRN OK
9149,4,,2025-10-09 22:00:00.000000,19,
9150,3,,2025-10-09 22:00:00.000000,20,normal
9151,2,,2025-10-09 22:00:00.000000,19,
9152,1,,2025-10-09 22:00:00.000000,21,
9153,5,,2025-10-09 22:00:00.000000,21,s/n
9154,2,47.0,2025-10-10 03:57:39.517537,10,OK
9155,1,21.0,2025-10-10 04:05:07.871329,15,operador reseteo
9156,3,80.0,2025-10-10 05:00:59.754108,10,
9157,1,,2025-10-10 06:00:00.000000,22,normal
9158,3,79.0,2025-10-10 12:31:10.907669,10,DRN OK
9159,1,,2025-10-10 14:00:00.000000,19,ok
9160,3,,2025-10-10 14:00:00.000000,21,ok
9161,4,,2025-10-10 14:00:00.000000,22,s/n
9162,2,,2025-10-10 14:00:00.000000,22,ok
9163,1,24.0,2025-10-10 15:52:34.118941,14,
9164,1,18.0,2025-10-10 17:12:01.831993,12,purga completa
9165,4,,2025-10-10 22:00:00.000000,20,
9166,2,,2025-10-10 22:00:00.000000,19,normal
9167,3,,2025-10-10 22:00:00.000000,21,ok
9168,3,64.0,2025-10-11 03:02:07.199252,11,purga completa
9169,3,80.0,2025-10-11 05:09:46.445502,11,sin novedad
9170,5,,2025-10-11 06:00:00.000000,22,ok
9171,3,,2025-10-11 06:00:00.000000,21,normal
9172,4,,2025-10-11 06:00:00.000000,20,ok
9173,1,37.0,2025-10-11 07:09:58.404673,14,
9174,4,100.0,2025-10-11 07:55:59.101941,11,OK
9175,3,76.0,2025-10-11 11:29:09.305444,1,PARADA POR FALLA
9176,2,,2025-10-11 14:00:00.000000,20,ok
9177,3,76.0,2025-10-11 15:32:18.330650,9,reanuda produccion
9178,4,,2025-10-11 22:00:00.000000,20,ok
9179,2,,2025-10-11 22:00:00.000000,20,
9180,1,,2025-10-11 22:00:00.000000,21,s/n
9181,1,3.0,2025-10-11 22:51:07.948146,10,sin novedad
9182,5,130.0,2025-10-12 05:24:46.522577,12,DRN OK
9183,2,,2025-10-12 06:00:00.000000,22,normal
9184,3,,2025-10-12 06:00:00.000000,19,s/n
9185,5,,2025-10-12 06:00:00.000000,20,ok
9186,2,,2025-10-12 06:54:22.806054,29,
9187,4,83.0,2025-10-12 07:17:21.590185,3,
9188,1,31.0,2025-10-12 10:14:42.381674,17,operador reseteo
9189,3,,2025-10-12 10:29:12.880338,23,ver informe adjunto
9190,4,111.0,2025-10-12 11:21:12.833362,16,sin intervencion
9191,3,,2025-10-12 11:42:44.757412,24,
9192,4,83.0,2025-10-12 11:53:55.486652,6,reanuda produccion
9193,2,,2025-10-12 14:00:00.000000,19,ok
9194,3,,2025-10-12 14:00:00.000000,19,s/n
9195,5,,2025-10-12 14:00:00.000000,19,s/n
9196,1,31.0,2025-10-12 15:05:33.875962,4,
9197,1,31.0,2025-10-12 18:18:36.209282,9,
9198,4,93.0,2025-10-12 20:08:13.730262,14,purga completa
9199,4,95.0,2025-10-12 21:00:53.509547,13,OK
9200,1,,2025-10-12 22:00:00.000000,20,s/n
9201,4,,2025-10-12 22:00:00.000000,22,ok
9202,3,,2025-10-12 22:00:00.000000,20,s/n
9203,5,,2025-10-12 22:00:00.000000,21,
9204,1,17.0,2025-10-12 23:45:07.673752,13,DRN OK
9205,4,96.0,2025-10-13 02:36:52.991795,11,DRN OK
9206,4,,2025-10-13 06:00:00.000000,20,s/n
9207,3,,2025-10-13 06:00:00.000000,20,
9208,5,142.0,2025-10-13 10:12:39.493009,11,sin novedad
9209,2,,2025-10-13 11:12:12.080254,28,
9210,4,,2025-10-13 14:00:00.000000,19,
9211,5,,2025-10-13 14:00:00.000000,19,normal
9212,3,71.0,2025-10-13 15:59:41.768512,13,DRN OK
9213,2,45.0,2025-10-13 17:05:16.008931,18,restablecida sola
9214,4,89.0,2025-10-13 18:24:08.444371,18,operador reseteo
9215,3,,2025-10-13 22:00:00.000000,20,s/n
9216,4,,2025-10-13 22:00:00.000000,20,normal
9217,5,,2025-10-13 22:00:00.000000,22,ok
9218,2,,2025-10-13 22:00:00.000000,21,normal
9219,4,88.0,2025-10-14 04:16:47.909033,12,DRN OK
9220,5,,2025-10-14 06:00:00.000000,20,s/n
9221,3,,2025-10-14 06:00:00.000000,19,
9222,2,,2025-10-14 06:00:00.000000,20,ok
9223,2,,2025-10-14 14:00:00.000000,19,s/n
9224,1,,2025-10-14 14:00:00.000000,21,
9225,4,92.0,2025-10-14 19:58:39.667952,14,ok.
9226,5,125.0,2025-10-14 20:38:38.548003,11,DRN OK
9227,3,77.0,2025-10-14 21:07:38.253646,10,purga completa
9228,2,,2025-10-14 22:00:00.000000,19,normal
9229,1,,2025-10-14 22:00:00.000000,20,ok
9230,1,,2025-10-15 06:00:00.000000,19,normal
9231,4,,2025-10-15 06:00:00.000000,19,normal
9232,2,,2025-10-15 06:00:00.000000,22,
9233,5,,2025-10-15 06:00:00.000000,19,normal
9234,2,53.0,2025-10-15 10:48:33.697188,5,por mantenimiento
9235,3,,2025-10-15 11:37:07.408076,29,
9236,2,53.0,2025-10-15 12:38:00.041020,8,
9237,5,,2025-10-15 14:00:00.000000,20,ok
9238,4,,2025-10-15 14:00:00.000000,22,ok
9239,3,81.0,2025-10-15 15:37:25.981297,13,ok.
9240,5,118.0,2025-10-15 20:01:54.377791,12,OK
9241,3,,2025-10-15 22:00:00.000000,19,s/n
9242,1,,2025-10-15 22:00:00.000000,22,
9243,2,59.0,2025-10-15 23:55:37.926080,14,purga completa
9244,3,72.0,2025-10-16 04:18:51.692780,12,sin novedad
9245,1,,2025-10-16 04:33:26.338341,24,ver informe adjunto
9246,1,,2025-10-16 06:00:00.000000,22,
9247,4,,2025-10-16 06:00:00.000000,19,s/n
9248,3,,2025-10-16 06:00:00.000000,19,ok
9249,5,129.0,2025-10-16 10:17:09.098077,13,purga completa
9250,4,,2025-10-16 14:00:00.000000,21,normal
9251,2,56.0,2025-10-16 16:08:45.786855,12,sin novedad
9252,5,139.0,2025-10-16 21:51:21.853220,17,operador reseteo
9253,5,,2025-10-16 22:00:00.000000,22,s/n
9254,4,93.0,2025-10-17 00:20:38.833087,15,sin intervencion
9255,1,7.0,2025-10-17 04:56:05.806499,12,OK
9256,2,,2025-10-17 06:00:00.000000,19,
9257,4,102.0,2025-10-17 06:54:17.472277,13,sin novedad
9258,4,,2025-10-17 14:00:00.000000,22,normal
9259,5,,2025-10-17 14:00:00.000000,20,ok
9260,5,119.0,2025-10-17 14:31:00.206971,14,OK
9261,5,138.0,2025-10-17 16:23:56.710982,10,OK
9262,2,42.0,2025-10-17 16:39:12.693166,11,DRN OK
9263,4,99.0,2025-10-17 16:47:05.139430,12,purga completa
9264,1,32.0,2025-10-17 21:58:12.886250,5,por mantenimiento
9265,1,,2025-10-17 22:00:00.000000,19,ok
9266,3,,2025-10-17 22:00:00.000000,21,ok
9267,2,,2025-10-18 06:00:00.000000,19,ok
9268,1,,2025-10-18 06:00:00.000000,19,s/n
9269,1,32.0,2025-10-18 08:29:51.817389,9,OK
9270,5,124.0,2025-10-18 12:07:29.919416,5,por mantenimiento
9271,1,29.0,2025-10-18 12:19:05.536588,12,purga completa
9272,1,,2025-10-18 14:00:00.000000,20,normal
9273,3,,2025-10-18 14:00:00.000000,21,ok
9274,2,,2025-10-18 14:00:00.000000,19,
9275,3,80.0,2025-10-18 14:49:38.315556,12,DRN OK
9276,5,124.0,2025-10-18 17:20:50.075994,8,
9277,4,109.0,2025-10-18 19:25:05.386330,13,sin novedad
9278,2,,2025-10-18 22:00:00.000000,22,
9279,5,,2025-10-18 22:00:00.000000,19,s/n
9280,3,,2025-10-19 04:42:50.475402,29,ver informe adjunto
9281,1,6.0,2025-10-19 05:16:37.902322,10,OK
9282,2,,2025-10-19 06:00:00.000000,20,s/n
9283,1,,2025-10-19 06:00:00.000000,22,ok
9284,3,71.0,2025-10-19 09:23:19.987180,10,OK
9285,2,,2025-10-19 14:00:00.000000,19,normal
9286,5,,2025-10-19 14:00:00.000000,22,s/n
9287,1,2.0,2025-10-19 14:52:19.462612,3,
9288,1,15.0,2025-10-19 15:25:13.015875,4,por mantenimiento
9289,1,2.0,2025-10-19 16:52:35.147770,7,
9290,1,17.0,2025-10-19 18:09:27.359658,11,
9291,1,15.0,2025-10-19 20:12:20.417077,6,arranque normal
9292,4,,2025-10-19 22:00:00.000000,21,s/n
9293,3,,2025-10-19 22:00:00.000000,20,s/n
9294,1,,2025-10-19 22:00:00.000000,22,normal
9295,2,,2025-10-19 22:00:00.000000,21,
9296,5,,2025-10-19 22:09:56.439138,23,ver informe adjunto
9297,4,112.0,2025-10-19 22:19:00.938712,14,sin novedad
9298,5,,2025-10-20 06:00:00.000000,20,normal
9299,3,,2025-10-20 06:00:00.000000,20,s/n
9300,4,107.0,2025-10-20 10:37:06.659279,14,DRN OK
9301,4,,2025-10-20 14:00:00.000000,19,
9302,3,,2025-10-20 14:00:00.000000,19,
9303,1,,2025-10-20 14:04:17.071284,27,ver informe adjunto
9304,4,87.0,2025-10-20 15:07:15.348208,11,sin novedad
9305,5,,2025-10-20 22:00:00.000000,22,ok
9306,5,134.0,2025-10-20 23:56:37.860235,11,
9307,1,,2025-10-21 06:00:00.000000,22,ok
9308,4,,2025-10-21 06:00:00.000000,21,normal
9309,3,,2025-10-21 06:00:00.000000,20,normal
9310,4,83.0,2025-10-21 06:30:40.358707,14,
9311,4,,2025-10-21 14:00:00.000000,21,ok
9312,1,,2025-10-21 14:00:00.000000,20,ok
9313,3,,2025-10-21 14:00:00.000000,19,
9314,2,,2025-10-21 14:00:00.000000,19,s/n
9315,5,,2025-10-21 16:29:42.075958,29,aviso proveedor externo
9316,5,,2025-10-21 22:00:00.000000,19,s/n
9317,3,80.0,2025-10-22 02:33:10.084227,13,OK
9318,3,70.0,2025-10-22 03:04:14.499055,14,DRN OK
9319,2,,2025-10-22 06:00:00.000000,19,s/n
9320,2,39.0,2025-10-22 06:00:21.536300,14,sin novedad
9321,2,52.0,2025-10-22 06:08:13.918494,14,purga completa
9322,2,39.0,2025-10-22 08:23:44.468984,4,
9323,5,125.0,2025-10-22 09:23:17.860172,12,DRN OK
9324,3,80.0,2025-10-22 10:53:18.255932,11,purga completa
9325,2,39.0,2025-10-22 11:24:27.768184,6,arranque normal
9326,3,,2025-10-22 14:00:00.000000,21,ok
9327,1,,2025-10-22 14:00:00.000000,19,ok
9328,1,,2025-10-22 22:00:00.000000,22,s/n
9329,1,10.0,2025-10-22 23:23:17.626330,11,sin novedad
9330,5,141.0,2025-10-23 01:32:42.112344,4,
9331,4,89.0,2025-10-23 02:12:40.210365,12,DRN OK
9332,2,,2025-10-23 06:00:00.000000,19,
9333,1,,2025-10-23 06:00:00.000000,22,ok
9334,3,,2025-10-23 06:00:00.000000,22,
9335,4,,2025-10-23 06:00:00.000000,19,ok
9336,4,83.0,2025-10-23 06:26:50.628102,10,sin novedad
9337,3,71.0,2025-10-23 09:34:37.768510,14,sin novedad
9338,5,141.0,2025-10-23 10:03:36.985915,8,OK
9339,5,131.0,2025-10-23 11:48:53.324774,12,purga completa
9340,5,,2025-10-23 14:00:00.000000,22,s/n
9341,1,,2025-10-23 14:00:00.000000,19,s/n
9342,2,,2025-10-23 14:00:00.000000,19,ok
9343,4,112.0,2025-10-23 16:44:04.804780,10,
9344,4,100.0,2025-10-23 18:13:23.627266,10,DRN OK
9345,5,,2025-10-23 22:00:00.000000,20,
9346,2,,2025-10-23 22:00:00.000000,20,
9347,3,75.0,2025-10-23 22:10:23.510611,10,ok.
9348,3,73.0,2025-10-24 02:15:23.211778,11,OK
9349,4,,2025-10-24 06:00:00.000000,21,s/n
9350,1,,2025-10-24 06:00:00.000000,22,ok
9351,2,,2025-10-24 06:00:00.000000,21,
9352,5,116.0,2025-10-24 08:55:59.970601,11,purga completa
9353,3,72.0,2025-10-24 12:02:31.558309,11,DRN OK
9354,1,35.0,2025-10-24 12:33:07.484553,14,OK
9355,3,,2025-10-24 13:22:06.137805,23,
9356,3,,2025-10-24 14:00:00.000000,22,normal
9357,5,,2025-10-24 14:00:00.000000,20,s/n
9358,2,59.0,2025-10-24 20:21:46.075852,14,DRN OK
9359,2,,2025-10-24 22:00:00.000000,20,normal
9360,3,,2025-10-24 22:00:00.000000,20,
9361,1,,2025-10-24 22:00:00.000000,21,s/n
9362,4,,2025-10-24 22:00:00.000000,21,ok
9363,5,,2025-10-24 22:00:00.000000,22,normal
9364,4,89.0,2025-10-24 23:48:11.679302,17,sin intervencion
9365,2,51.0,2025-10-25 02:17:14.097493,10,OK
9366,5,115.0,2025-10-25 02:22:02.239310,16,sin intervencion
9367,1,32.0,2025-10-25 04:34:07.433245,11,sin novedad
9368,3,,2025-10-25 06:00:00.000000,21,
9369,4,97.0,2025-10-25 06:51:39.864913,18,sin intervencion
9370,2,40.0,2025-10-25 11:18:12.662522,13,DRN OK
9371,5,129.0,2025-10-25 11:51:36.145958,10,ok.
9372,4,,2025-10-25 14:00:00.000000,19,s/n
9373,3,,2025-10-25 14:00:00.000000,21,normal
9374,2,,2025-10-25 14:00:00.000000,19,normal
9375,3,71.0,2025-10-25 15:06:40.670295,10,
9376,1,,2025-10-25 22:00:00.000000,19,s/n
9377,5,,2025-10-25 22:00:00.000000,21,
9378,5,130.0,2025-10-25 23:25:56.816725,16,sin intervencion
9379,5,140.0,2025-10-26 00:00:13.552556,18,operador reseteo
9380,4,100.0,2025-10-26 01:37:35.064155,13,purga completa
9381,3,70.0,2025-10-26 05:02:40.005967,12,ok.
9382,5,,2025-10-26 06:00:00.000000,19,normal
9383,1,,2025-10-26 06:00:00.000000,22,s/n
9384,5,139.0,2025-10-26 06:45:26.326517,5,por mantenimiento
9385,1,30.0,2025-10-26 09:41:00.009336,5,ver OT
9386,5,139.0,2025-10-26 13:08:32.844841,9,OK
9387,5,122.0,2025-10-26 13:28:26.622533,14,OK
9388,1,30.0,2025-10-26 13:31:46.349492,7,arranque normal
9389,4,,2025-10-26 14:00:00.000000,21,normal
9390,2,,2025-10-26 14:00:00.000000,19,normal
9391,5,,2025-10-26 14:00:00.000000,21,
9392,1,,2025-10-26 14:00:00.000000,21,ok
9393,2,,2025-10-26 22:00:00.000000,19,
9394,5,,2025-10-26 22:00:00.000000,21,normal
9395,4,,2025-10-26 22:00:00.000000,22,s/n
9396,2,,2025-10-27 06:00:00.000000,22,normal
9397,5,,2025-10-27 06:00:00.000000,22,ok
9398,3,,2025-10-27 06:00:00.000000,22,ok
9399,1,,2025-10-27 06:00:00.000000,21,
9400,4,87.0,2025-10-27 08:35:17.147592,16,operador reseteo
9401,5,,2025-10-27 14:00:00.000000,21,s/n
9402,5,,2025-10-27 22:00:00.000000,22,ok
9403,2,54.0,2025-10-27 23:17:04.646640,11,OK
9404,4,112.0,2025-10-28 01:36:46.720033,11,DRN OK
9405,2,,2025-10-28 06:00:00.000000,20,ok
9406,3,79.0,2025-10-28 07:18:06.313733,15,sin intervencion
9407,1,20.0,2025-10-28 07:31:27.225159,15,sin intervencion
9408,5,126.0,2025-10-28 13:31:11.518464,10,purga completa
9409,5,,2025-10-28 14:00:00.000000,20,
9410,2,,2025-10-28 14:00:00.000000,19,
9411,1,,2025-10-28 14:00:00.000000,21,s/n
9412,3,,2025-10-28 14:00:00.000000,20,ok
9413,4,,2025-10-28 14:00:00.000000,20,ok
9414,2,41.0,2025-10-28 18:39:01.201959,13,purga completa
9415,1,31.0,2025-10-28 20:54:22.755563,13,ok.
9416,2,46.0,2025-10-29 01:20:03.678012,12,ok.
9417,1,,2025-10-29 01:20:36.824970,27,aviso proveedor externo
9418,2,,2025-10-29 06:00:00.000000,19,ok
9419,5,,2025-10-29 06:00:00.000000,19,normal
9420,3,80.0,2025-10-29 12:20:31.227888,11,OK
9421,5,134.0,2025-10-29 12:59:02.010402,11,purga completa
9422,2,53.0,2025-10-29 13:34:30.554071,14,
9423,5,,2025-10-29 14:00:00.000000,19,s/n
9424,2,,2025-10-29 14:00:00.000000,22,
9425,4,,2025-10-29 14:00:00.000000,21,normal
9426,3,,2025-10-29 14:00:00.000000,22,normal
9427,1,5.0,2025-10-29 17:48:23.182637,13,OK
9428,3,75.0,2025-10-29 21:03:40.941645,16,restablecida sola
9429,3,64.0,2025-10-29 21:13:25.724508,12,DRN OK
9430,2,,2025-10-29 22:00:00.000000,21,s/n
9431,3,,2025-10-29 22:00:00.000000,20,ok
9432,5,,2025-10-29 22:00:00.000000,21,normal
9433,1,,2025-10-29 22:00:00.000000,19,normal
9434,4,,2025-10-29 22:00:00.000000,21,ok
9435,2,40.0,2025-10-30 01:06:04.195662,12,purga completa
9436,5,,2025-10-30 06:00:00.000000,22,normal
9437,3,,2025-10-30 06:00:00.000000,21,s/n
9438,4,,2025-10-30 06:00:00.000000,19,normal
9439,2,,2025-10-30 06:00:00.000000,20,
9440,5,,2025-10-30 08:35:28.624016,27,ver informe adjunto
9441,5,130.0,2025-10-30 10:20:33.484700,11,ok.
9442,4,105.0,2025-10-30 11:28:55.242030,11,DRN OK
9443,3,,2025-10-30 14:00:00.000000,22,
9444,5,,2025-10-30 14:00:00.000000,19,
9445,1,,2025-10-30 14:00:00.000000,21,
9446,4,95.0,2025-10-30 17:08:19.404369,17,operador reseteo
9447,4,108.0,2025-10-30 17:56:55.182787,18,operador reseteo
9448,2,,2025-10-30 22:00:00.000000,22,
9449,4,,2025-10-30 22:00:00.000000,22,s/n
9450,3,,2025-10-30 22:00:00.000000,19,normal
9451,1,6.0,2025-10-31 05:16:19.786366,16,sin intervencion
9452,2,,2025-10-31 06:00:00.000000,22,normal
9453,5,,2025-10-31 06:00:00.000000,21,
9454,2,,2025-10-31 14:00:00.000000,19,normal
9455,1,32.0,2025-10-31 16:55:43.905631,17,sin intervencion
9456,4,,2025-10-31 22:00:00.000000,19,
9457,5,138.0,2025-11-01 00:15:11.947167,13,sin novedad
9458,2,48.0,2025-11-01 00:25:24.373524,16,sin intervencion
9459,4,,2025-11-01 06:00:00.000000,22,normal
9460,2,,2025-11-01 06:00:00.000000,20,s/n
9461,5,,2025-11-01 06:00:00.000000,20,ok
9462,3,,2025-11-01 06:00:00.000000,21,
9463,3,65.0,2025-11-01 12:29:26.512171,11,ok.
9464,4,,2025-11-01 14:00:00.000000,21,
9465,1,,2025-11-01 14:00:00.000000,19,
9466,3,,2025-11-01 14:00:00.000000,21,ok
9467,5,134.0,2025-11-01 14:37:12.547654,11,ok.
9468,1,,2025-11-01 14:51:48.367012,27,ver informe adjunto
9469,2,59.0,2025-11-01 16:51:55.745530,1,
9470,2,59.0,2025-11-01 19:40:33.184241,9,arranque normal
9471,1,14.0,2025-11-01 19:45:42.884595,12,purga completa
9472,5,,2025-11-01 22:00:00.000000,19,s/n
9473,4,,2025-11-01 22:00:00.000000,19,ok
9474,1,,2025-11-01 22:00:00.000000,19,normal
9475,1,25.0,2025-11-01 23:14:40.839546,14,
9476,5,,2025-11-02 06:00:00.000000,20,ok
9477,4,,2025-11-02 06:00:00.000000,22,normal
9478,2,,2025-11-02 06:00:00.000000,20,normal
9479,1,,2025-11-02 06:00:00.000000,22,
9480,5,125.0,2025-11-02 09:11:18.816773,11,DRN OK
9481,3,63.0,2025-11-02 10:47:11.559629,14,ok.
9482,1,6.0,2025-11-02 11:44:32.391710,1,PARADA POR FALLA
9483,5,124.0,2025-11-02 12:37:28.685798,12,purga completa
9484,5,118.0,2025-11-02 13:06:29.925368,11,sin novedad
9485,1,,2025-11-02 14:00:00.000000,21,ok
9486,5,,2025-11-02 14:00:00.000000,20,normal
9487,4,104.0,2025-11-02 14:34:58.785098,13,ok.
9488,4,90.0,2025-11-02 18:27:54.592664,10,sin novedad
9489,2,47.0,2025-11-02 21:03:47.595954,17,restablecida sola
9490,5,,2025-11-02 22:00:00.000000,22,normal
9491,1,,2025-11-02 22:00:00.000000,20,normal
9492,3,,2025-11-02 22:00:00.000000,22,ok
9493,5,135.0,2025-11-02 23:09:44.832119,14,OK
9494,4,,2025-11-03 06:00:00.000000,20,ok
9495,3,69.0,2025-11-03 07:16:40.204176,13,ok.
9496,1,7.0,2025-11-03 10:29:13.428987,16,restablecida sola
9497,4,104.0,2025-11-03 12:16:55.389667,17,restablecida sola
9498,1,31.0,2025-11-03 12:22:13.553882,13,ok.
9499,4,99.0,2025-11-03 13:24:24.662348,14,purga completa
9500,4,,2025-11-03 14:00:00.000000,21,normal
9501,1,,2025-11-03 14:00:00.000000,22,normal
9502,5,,2025-11-03 14:00:00.000000,21,
9503,5,123.0,2025-11-03 16:20:00.466168,15,restablecida sola
9504,1,7.0,2025-11-03 21:02:35.882872,16,restablecida sola
9505,2,,2025-11-03 22:00:00.000000,22,ok
9506,5,,2025-11-03 22:00:00.000000,22,s/n
9507,1,,2025-11-03 22:00:00.000000,19,
9508,4,84.0,2025-11-04 03:29:17.667435,15,sin intervencion
9509,1,14.0,2025-11-04 03:33:55.482675,13,DRN OK
9510,1,,2025-11-04 06:00:00.000000,20,ok
9511,2,,2025-11-04 06:00:00.000000,19,normal
9512,2,40.0,2025-11-04 07:39:45.111163,13,DRN OK
9513,1,6.0,2025-11-04 08:48:52.072405,8,
9514,5,116.0,2025-11-04 10:57:37.593982,17,sin intervencion
9515,2,39.0,2025-11-04 11:18:36.822967,12,purga completa
9516,5,130.0,2025-11-04 12:16:49.175432,11,DRN OK
9517,4,,2025-11-04 12:37:40.919656,27,
9518,5,133.0,2025-11-04 13:41:31.599283,12,ok.
9519,1,,2025-11-04 14:00:00.000000,20,normal
9520,2,,2025-11-04 14:00:00.000000,19,
9521,5,,2025-11-04 14:00:00.000000,21,ok
9522,2,56.0,2025-11-04 16:43:42.984027,12,
9523,5,122.0,2025-11-04 17:25:12.152288,10,purga completa
9524,5,119.0,2025-11-04 17:32:23.311894,16,restablecida sola
9525,2,45.0,2025-11-04 22:41:13.640543,16,operador reseteo
9526,4,95.0,2025-11-04 23:36:37.902630,10,purga completa
9527,4,108.0,2025-11-05 01:33:46.325201,11,OK
9528,2,51.0,2025-11-05 04:20:17.098149,5,PARADA POR FALLA
9529,5,,2025-11-05 06:00:00.000000,21,
9530,2,,2025-11-05 06:00:00.000000,20,ok
9531,4,,2025-11-05 06:00:00.000000,19,s/n
9532,1,,2025-11-05 06:00:00.000000,20,ok
9533,4,103.0,2025-11-05 07:44:50.345831,15,sin intervencion
9534,1,3.0,2025-11-05 13:16:23.210431,2,
9535,1,,2025-11-05 14:00:00.000000,20,
9536,3,,2025-11-05 14:00:00.000000,21,
9537,4,84.0,2025-11-05 14:33:18.041799,2,PARADA POR FALLA
9538,4,111.0,2025-11-05 16:25:20.875093,13,DRN OK
9539,2,57.0,2025-11-05 20:20:56.976028,13,purga completa
9540,4,84.0,2025-11-05 20:56:46.327258,6,reanuda produccion
9541,5,131.0,2025-11-05 21:00:25.901155,17,operador reseteo
9542,1,3.0,2025-11-05 21:48:11.701749,7,arranque normal
9543,5,,2025-11-05 22:00:00.000000,22,normal
9544,3,,2025-11-05 22:00:00.000000,22,
9545,2,,2025-11-05 22:00:00.000000,21,ok
9546,1,27.0,2025-11-05 22:06:11.415304,10,OK
9547,2,51.0,2025-11-06 02:45:38.451844,7,
9548,3,79.0,2025-11-06 04:12:07.808843,12,
9549,3,81.0,2025-11-06 05:04:58.619778,17,operador reseteo
9550,3,,2025-11-06 06:00:00.000000,19,normal
9551,1,,2025-11-06 06:00:00.000000,19,s/n
9552,5,,2025-11-06 06:00:00.000000,20,
9553,2,,2025-11-06 14:00:00.000000,19,normal
9554,5,,2025-11-06 14:00:00.000000,20,
9555,2,48.0,2025-11-06 14:13:35.755648,12,purga completa
9556,4,105.0,2025-11-06 18:21:21.840172,18,restablecida sola
9557,1,25.0,2025-11-06 19:04:02.881713,12,sin novedad
9558,5,129.0,2025-11-06 20:06:36.479728,11,
9559,2,61.0,2025-11-06 20:43:34.943698,12,
9560,3,,2025-11-06 22:00:00.000000,20,ok
9561,4,,2025-11-06 22:00:00.000000,21,ok
9562,1,,2025-11-06 22:00:00.000000,19,normal
9563,2,59.0,2025-11-06 22:26:40.347284,11,
9564,5,121.0,2025-11-07 00:29:21.189819,17,operador reseteo
9565,3,79.0,2025-11-07 02:25:48.316334,12,
9566,5,,2025-11-07 03:04:45.041745,25,aviso proveedor externo
9567,3,,2025-11-07 06:00:00.000000,22,s/n
9568,1,,2025-11-07 06:00:00.000000,20,normal
9569,5,,2025-11-07 06:00:00.000000,22,s/n
9570,5,126.0,2025-11-07 12:44:18.625814,11,DRN OK
9571,4,,2025-11-07 14:00:00.000000,21,s/n
9572,3,76.0,2025-11-07 19:09:51.385292,11,ok.
9573,4,88.0,2025-11-07 21:29:27.894214,10,sin novedad
9574,5,,2025-11-07 22:00:00.000000,22,normal
9575,3,,2025-11-07 22:00:00.000000,19,normal
9576,2,,2025-11-07 22:00:00.000000,20,
9577,1,,2025-11-08 06:00:00.000000,19,ok
9578,3,69.0,2025-11-08 13:24:07.105100,15,restablecida sola
9579,2,,2025-11-08 14:00:00.000000,22,normal
9580,5,,2025-11-08 14:00:00.000000,19,ok
9581,4,111.0,2025-11-08 14:10:20.509279,2,ver OT
9582,2,,2025-11-08 15:15:18.190950,24,aviso proveedor externo
9583,3,65.0,2025-11-08 17:30:04.993453,12,sin novedad
9584,4,,2025-11-08 22:00:00.000000,21,ok
9585,2,,2025-11-08 22:00:00.000000,20,s/n
9586,4,92.0,2025-11-09 03:04:10.886043,11,sin novedad
9587,2,40.0,2025-11-09 04:10:03.927332,10,DRN OK
9588,2,59.0,2025-11-09 05:09:58.275182,14,purga completa
9589,5,,2025-11-09 06:00:00.000000,19,ok
9590,3,,2025-11-09 06:00:00.000000,22,normal
9591,2,,2025-11-09 06:00:00.000000,20,
9592,4,85.0,2025-11-09 09:20:20.447309,12,purga completa
9593,3,79.0,2025-11-09 09:35:10.856656,14,
9594,4,111.0,2025-11-09 11:17:01.589476,7,
9595,1,15.0,2025-11-09 13:56:45.962467,4,
9596,4,,2025-11-09 14:00:00.000000,19,normal
9597,3,,2025-11-09 14:00:00.000000,21,s/n
9598,1,,2025-11-09 14:00:00.000000,19,ok
9599,2,,2025-11-09 14:00:00.000000,19,
9600,2,60.0,2025-11-09 14:22:02.387367,2,
9601,2,60.0,2025-11-09 16:43:47.899851,8,
9602,1,15.0,2025-11-09 16:56:18.714964,9,reanuda produccion
9603,5,123.0,2025-11-09 17:00:03.774790,11,OK
9604,3,81.0,2025-11-09 17:29:19.541582,15,sin intervencion
9605,4,108.0,2025-11-09 18:43:27.572983,17,operador reseteo
9606,2,46.0,2025-11-09 20:15:19.943985,12,ok.
9607,1,15.0,2025-11-09 20:47:30.022161,10,
9608,5,,2025-11-09 22:00:00.000000,21,s/n
9609,3,,2025-11-09 22:00:00.000000,19,ok
9610,3,71.0,2025-11-09 22:03:37.257924,11,DRN OK
9611,5,131.0,2025-11-09 22:32:27.670686,11,
9612,5,126.0,2025-11-09 22:46:01.579036,14,sin novedad
9613,5,124.0,2025-11-10 02:28:58.100923,14,OK
9614,1,,2025-11-10 06:00:00.000000,20,s/n
9615,5,,2025-11-10 06:00:00.000000,19,ok
9616,5,139.0,2025-11-10 12:26:26.830457,12,DRN OK
9617,4,,2025-11-10 14:00:00.000000,19,ok
9618,1,,2025-11-10 14:00:00.000000,20,s/n
9619,3,,2025-11-10 14:00:00.000000,22,ok
9620,3,75.0,2025-11-10 15:00:27.690194,13,purga completa
9621,1,2.0,2025-11-10 16:36:25.760362,13,OK
9622,4,88.0,2025-11-10 19:13:31.882718,15,sin intervencion
9623,2,59.0,2025-11-10 20:45:57.861593,16,operador reseteo
9624,1,,2025-11-10 22:00:00.000000,21,ok
9625,2,,2025-11-10 22:00:00.000000,19,normal
9626,1,6.0,2025-11-11 03:29:50.192478,17,sin intervencion
9627,3,72.0,2025-11-11 04:06:25.450379,17,restablecida sola
9628,5,,2025-11-11 06:00:00.000000,21,
9629,1,,2025-11-11 06:00:00.000000,21,ok
9630,2,,2025-11-11 06:00:00.000000,19,normal
9631,5,146.0,2025-11-11 13:52:25.749306,15,sin intervencion
9632,3,,2025-11-11 14:00:00.000000,21,
9633,2,,2025-11-11 14:00:00.000000,21,
9634,1,,2025-11-11 14:00:00.000000,20,s/n
9635,1,21.0,2025-11-11 17:48:17.885231,18,operador reseteo
9636,4,96.0,2025-11-11 19:27:29.946354,13,DRN OK
9637,4,,2025-11-11 19:36:38.842146,29,
9638,2,39.0,2025-11-11 20:06:10.948484,17,restablecida sola
9639,3,,2025-11-11 22:00:00.000000,19,normal
9640,5,,2025-11-11 22:00:00.000000,19,
9641,2,,2025-11-11 22:00:00.000000,20,normal
9642,3,79.0,2025-11-12 01:31:39.278130,13,DRN OK
9643,4,,2025-11-12 06:00:00.000000,19,ok
9644,5,117.0,2025-11-12 08:06:39.591814,14,sin novedad
9645,5,138.0,2025-11-12 11:36:53.712702,10,DRN OK
9646,4,100.0,2025-11-12 11:37:12.225473,11,ok.
9647,5,,2025-11-12 13:16:57.408084,28,aviso proveedor externo
9648,4,,2025-11-12 14:00:00.000000,22,ok
9649,5,,2025-11-12 14:00:00.000000,19,normal
9650,5,124.0,2025-11-12 14:11:59.688987,16,operador reseteo
9651,1,21.0,2025-11-12 17:01:32.765805,10,OK
9652,4,,2025-11-12 22:00:00.000000,20,normal
9653,1,,2025-11-12 22:00:00.000000,22,s/n
9654,5,,2025-11-13 06:00:00.000000,19,normal
9655,1,,2025-11-13 06:00:00.000000,20,normal
9656,4,,2025-11-13 06:00:00.000000,20,normal
9657,2,,2025-11-13 14:00:00.000000,21,normal
9658,4,84.0,2025-11-13 15:00:56.241156,14,OK
9659,4,109.0,2025-11-13 18:10:28.633355,12,OK
9660,2,60.0,2025-11-13 19:11:41.801926,11,purga completa
9661,1,25.0,2025-11-13 19:39:14.369688,12,DRN OK
9662,3,,2025-11-13 22:00:00.000000,20,
9663,5,,2025-11-13 22:00:00.000000,21,
9664,2,57.0,2025-11-14 01:50:24.194505,18,restablecida sola
9665,1,30.0,2025-11-14 05:00:54.463686,16,sin intervencion
9666,2,,2025-11-14 06:00:00.000000,19,
9667,3,80.0,2025-11-14 08:06:58.608679,18,restablecida sola
9668,5,131.0,2025-11-14 08:38:14.999411,18,sin intervencion
9669,3,70.0,2025-11-14 08:48:49.935631,10,ok.
9670,1,13.0,2025-11-14 12:10:21.527744,11,sin novedad
9671,5,,2025-11-14 14:00:00.000000,21,ok
9672,1,,2025-11-14 14:00:00.000000,20,normal
9673,2,,2025-11-14 14:00:00.000000,21,ok
9674,4,,2025-11-14 14:00:00.000000,22,
9675,2,40.0,2025-11-14 19:13:16.377263,15,sin intervencion
9676,4,,2025-11-14 22:00:00.000000,19,s/n
9677,1,15.0,2025-11-15 01:39:00.480835,13,purga completa
9678,5,123.0,2025-11-15 04:12:11.430841,12,DRN OK
9679,5,,2025-11-15 06:00:00.000000,19,normal
9680,4,,2025-11-15 06:00:00.000000,19,ok
9681,1,,2025-11-15 06:00:00.000000,22,ok
9682,2,44.0,2025-11-15 07:14:41.645976,13,OK
9683,3,76.0,2025-11-15 11:58:51.249407,5,por mantenimiento
9684,2,57.0,2025-11-15 12:09:48.308798,13,OK
9685,3,75.0,2025-11-15 12:44:10.053322,12,sin novedad
9686,5,,2025-11-15 14:00:00.000000,22,ok
9687,2,,2025-11-15 14:00:00.000000,22,
9688,4,,2025-11-15 14:00:00.000000,20,
9689,3,,2025-11-15 14:00:00.000000,20,s/n
9690,1,,2025-11-15 14:00:00.000000,22,
9691,2,47.0,2025-11-15 18:29:30.242993,10,OK
9692,1,11.0,2025-11-15 19:24:55.153949,12,ok.
9693,5,,2025-11-15 22:00:00.000000,20,
9694,2,,2025-11-15 22:00:00.000000,22,normal
9695,3,,2025-11-15 22:00:00.000000,19,s/n
9696,2,60.0,2025-11-15 22:42:50.274605,18,operador reseteo
9697,4,84.0,2025-11-15 23:31:26.990591,13,OK
9698,5,146.0,2025-11-16 05:25:48.110246,18,sin intervencion
9699,2,,2025-11-16 06:00:00.000000,22,ok
9700,5,,2025-11-16 06:00:00.000000,19,ok
9701,1,10.0,2025-11-16 09:11:00.333530,14,OK
9702,1,32.0,2025-11-16 10:44:30.730423,12,OK
9703,3,76.0,2025-11-16 12:08:09.606458,7,reanuda produccion
9704,5,124.0,2025-11-16 12:28:55.104164,14,purga completa
9705,4,,2025-11-16 14:00:00.000000,21,normal
9706,1,,2025-11-16 14:00:00.000000,21,
9707,3,65.0,2025-11-16 14:00:40.360316,12,ok.
9708,2,40.0,2025-11-16 15:15:09.075871,12,sin novedad
9709,2,49.0,2025-11-16 17:03:19.074545,10,OK
9710,1,,2025-11-16 22:00:00.000000,22,
9711,4,,2025-11-16 22:00:00.000000,21,s/n
9712,5,,2025-11-16 22:00:00.000000,20,s/n
9713,4,108.0,2025-11-16 23:09:48.529139,13,ok.
9714,2,59.0,2025-11-17 01:33:29.111245,13,purga completa
9715,3,,2025-11-17 06:00:00.000000,21,
9716,2,,2025-11-17 06:00:00.000000,21,ok
9717,1,,2025-11-17 06:00:00.000000,21,s/n
9718,2,,2025-11-17 13:50:29.233972,29,
9719,5,,2025-11-17 14:00:00.000000,21,
9720,4,,2025-11-17 14:00:00.000000,21,normal
9721,1,,2025-11-17 14:00:00.000000,21,
9722,1,33.0,2025-11-17 15:55:21.665964,12,sin novedad
9723,5,122.0,2025-11-17 18:48:58.874817,14,purga completa
9724,5,,2025-11-17 22:00:00.000000,22,normal
9725,4,,2025-11-17 22:00:00.000000,20,s/n
9726,4,105.0,2025-11-18 01:27:57.601373,14,DRN OK
9727,4,,2025-11-18 06:00:00.000000,19,normal
9728,5,,2025-11-18 06:00:00.000000,19,ok
9729,5,129.0,2025-11-18 09:11:57.493778,16,operador reseteo
9730,2,49.0,2025-11-18 10:06:09.448352,18,operador reseteo
9731,3,76.0,2025-11-18 11:16:01.621578,17,sin intervencion
9732,2,54.0,2025-11-18 11:37:31.401600,11,DRN OK
9733,2,,2025-11-18 13:21:57.263563,27,
9734,1,32.0,2025-11-18 13:57:49.610947,11,sin novedad
9735,3,,2025-11-18 14:00:00.000000,19,normal
9736,5,,2025-11-18 14:00:00.000000,19,
9737,3,70.0,2025-11-18 14:05:35.218469,13,OK
9738,1,22.0,2025-11-18 16:33:27.060306,11,
9739,3,,2025-11-18 22:00:00.000000,19,normal
9740,3,69.0,2025-11-18 23:07:37.940523,18,operador reseteo
9741,3,65.0,2025-11-19 02:29:07.652459,10,purga completa
9742,1,25.0,2025-11-19 04:09:40.656944,14,OK
9743,1,,2025-11-19 06:00:00.000000,20,
9744,4,,2025-11-19 06:00:00.000000,20,s/n
9745,3,81.0,2025-11-19 10:42:13.545809,14,ok.
9746,2,51.0,2025-11-19 11:42:19.316538,10,
9747,5,,2025-11-19 14:00:00.000000,20,ok
9748,2,,2025-11-19 14:00:00.000000,22,s/n
9749,4,,2025-11-19 14:00:00.000000,22,normal
9750,2,59.0,2025-11-19 15:48:57.025453,15,operador reseteo
9751,1,12.0,2025-11-19 17:27:28.617120,10,purga completa
9752,2,52.0,2025-11-19 20:03:35.420117,10,OK
9753,3,73.0,2025-11-19 21:05:33.083240,18,sin intervencion
9754,2,,2025-11-19 22:00:00.000000,20,
9755,4,88.0,2025-11-19 22:55:13.758497,13,sin novedad
9756,3,81.0,2025-11-19 23:19:24.869540,12,DRN OK
9757,5,,2025-11-19 23:53:50.574388,24,aviso proveedor externo
9758,4,,2025-11-20 06:00:00.000000,21,normal
9759,3,,2025-11-20 06:00:00.000000,22,
9760,5,,2025-11-20 06:00:00.000000,21,
9761,2,,2025-11-20 06:00:00.000000,19,s/n
9762,2,49.0,2025-11-20 06:48:01.301187,10,purga completa
9763,1,8.0,2025-11-20 09:33:14.904691,13,purga completa
9764,1,35.0,2025-11-20 12:18:33.464093,14,ok.
9765,1,,2025-11-20 14:00:00.000000,19,normal
9766,5,,2025-11-20 14:00:00.000000,19,s/n
9767,1,7.0,2025-11-20 16:06:40.484149,13,ok.
9768,4,,2025-11-20 22:00:00.000000,20,
9769,3,65.0,2025-11-20 23:01:40.108557,11,DRN OK
9770,4,99.0,2025-11-21 02:18:06.226840,14,DRN OK
9771,3,63.0,2025-11-21 02:41:29.114936,15,operador reseteo
9772,5,115.0,2025-11-21 03:31:14.165052,17,sin intervencion
9773,2,53.0,2025-11-21 05:24:38.821539,14,OK
9774,3,,2025-11-21 06:00:00.000000,22,s/n
9775,5,,2025-11-21 06:00:00.000000,19,s/n
9776,1,,2025-11-21 06:00:00.000000,21,ok
9777,4,,2025-11-21 06:00:00.000000,20,s/n
9778,3,,2025-11-21 09:51:38.458929,29,aviso proveedor externo
9779,1,27.0,2025-11-21 13:42:58.931757,13,OK
9780,2,,2025-11-21 14:00:00.000000,21,ok
9781,1,,2025-11-21 14:00:00.000000,22,s/n
9782,3,,2025-11-21 14:00:00.000000,19,
9783,1,18.0,2025-11-21 15:26:20.028317,2,PARADA POR FALLA
9784,1,10.0,2025-11-21 16:51:24.076841,10,sin novedad
9785,1,18.0,2025-11-21 17:39:55.624602,8,OK
9786,3,69.0,2025-11-21 20:53:38.439737,13,OK
9787,2,,2025-11-21 22:00:00.000000,22,
9788,4,,2025-11-21 22:00:00.000000,22,normal
9789,3,75.0,2025-11-22 01:30:52.017601,18,restablecida sola
9790,2,56.0,2025-11-22 02:40:12.128672,10,DRN OK
9791,3,69.0,2025-11-22 03:55:54.761570,14,OK
9792,2,,2025-11-22 06:00:00.000000,22,s/n
9793,5,141.0,2025-11-22 08:28:35.868279,12,ok.
9794,1,13.0,2025-11-22 09:48:33.476494,12,sin novedad
9795,1,,2025-11-22 14:00:00.000000,22,normal
9796,5,,2025-11-22 14:00:00.000000,22,normal
9797,4,,2025-11-22 14:00:00.000000,22,
9798,3,,2025-11-22 14:00:00.000000,20,s/n
9799,2,56.0,2025-11-22 16:14:50.034955,5,por mantenimiento
9800,2,52.0,2025-11-22 17:01:44.789711,1,
9801,3,68.0,2025-11-22 17:57:27.864017,14,DRN OK
9802,1,24.0,2025-11-22 18:18:38.157064,15,restablecida sola
9803,2,56.0,2025-11-22 20:03:13.804114,9,reanuda produccion
9804,5,,2025-11-22 22:00:00.000000,22,s/n
9805,1,,2025-11-22 22:00:00.000000,21,normal
9806,2,,2025-11-22 22:00:00.000000,22,
9807,4,,2025-11-22 22:00:00.000000,20,ok
9808,1,8.0,2025-11-23 00:25:24.641467,16,restablecida sola
9809,2,49.0,2025-11-23 00:39:16.877203,11,sin novedad
9810,4,102.0,2025-11-23 02:45:07.511808,1,PARADA POR FALLA
9811,2,52.0,2025-11-23 03:02:43.153766,7,reanuda produccion
9812,2,,2025-11-23 06:00:00.000000,21,
9813,5,,2025-11-23 06:00:00.000000,19,normal
9814,3,,2025-11-23 06:00:00.000000,20,normal
9815,5,122.0,2025-11-23 07:12:19.265741,10,OK
9816,5,114.0,2025-11-23 10:06:08.080872,10,purga completa
9817,2,53.0,2025-11-23 10:58:45.389838,18,restablecida sola
9818,4,102.0,2025-11-23 11:16:47.128338,8,reanuda produccion
9819,5,,2025-11-23 14:00:00.000000,22,
9820,4,,2025-11-23 14:00:00.000000,19,ok
9821,2,,2025-11-23 14:00:00.000000,19,
9822,3,,2025-11-23 14:00:00.000000,20,ok
9823,1,24.0,2025-11-23 14:09:26.952746,12,sin novedad
9824,2,51.0,2025-11-23 14:51:26.481599,14,purga completa
9825,5,115.0,2025-11-23 15:54:23.281200,10,
9826,1,26.0,2025-11-23 16:56:02.890390,12,sin novedad
9827,5,119.0,2025-11-23 17:32:28.119407,11,
9828,5,115.0,2025-11-23 18:41:24.717214,14,sin novedad
9829,4,102.0,2025-11-23 19:11:04.171492,13,ok.
9830,5,121.0,2025-11-23 21:42:01.215773,10,ok.
9831,5,,2025-11-23 22:00:00.000000,19,
9832,2,,2025-11-23 22:00:00.000000,19,ok
9833,1,,2025-11-23 22:00:00.000000,22,normal
9834,2,59.0,2025-11-24 03:59:36.928677,15,operador reseteo
9835,4,,2025-11-24 06:00:00.000000,20,s/n
9836,2,,2025-11-24 06:00:00.000000,22,s/n
9837,3,,2025-11-24 06:00:00.000000,20,
9838,1,,2025-11-24 06:00:00.000000,19,ok
9839,1,4.0,2025-11-24 06:43:04.071308,11,sin novedad
9840,5,139.0,2025-11-24 10:41:54.114768,14,ok.
9841,3,,2025-11-24 14:00:00.000000,20,s/n
9842,1,,2025-11-24 14:00:00.000000,20,ok
9843,4,85.0,2025-11-24 14:26:54.041503,10,purga completa
9844,5,127.0,2025-11-24 15:45:01.425244,12,ok.
9845,2,,2025-11-24 22:00:00.000000,19,s/n
9846,1,,2025-11-24 22:00:00.000000,21,ok
9847,4,103.0,2025-11-25 01:50:57.948845,14,ok.
9848,2,49.0,2025-11-25 02:05:27.682660,11,
9849,4,91.0,2025-11-25 04:52:12.222559,11,OK
9850,5,130.0,2025-11-25 05:00:55.219316,17,operador reseteo
9851,4,,2025-11-25 06:00:00.000000,21,normal
9852,2,,2025-11-25 06:00:00.000000,20,normal
9853,1,,2025-11-25 06:00:00.000000,19,
9854,3,,2025-11-25 06:00:00.000000,19,
9855,5,138.0,2025-11-25 10:08:26.313462,3,por mantenimiento
9856,4,85.0,2025-11-25 11:19:07.258099,2,
9857,5,,2025-11-25 14:00:00.000000,20,s/n
9858,4,,2025-11-25 14:00:00.000000,20,
9859,4,85.0,2025-11-25 14:00:13.869409,8,reanuda produccion
9860,5,138.0,2025-11-25 15:31:15.489823,6,
9861,4,97.0,2025-11-25 15:47:30.427648,14,purga completa
9862,2,39.0,2025-11-25 18:51:51.160317,14,DRN OK
9863,4,,2025-11-25 22:00:00.000000,20,normal
9864,3,,2025-11-25 22:00:00.000000,19,ok
9865,1,,2025-11-25 22:00:00.000000,21,ok
9866,2,,2025-11-25 22:00:00.000000,20,ok
9867,1,36.0,2025-11-25 22:13:00.442647,14,sin novedad
9868,2,,2025-11-25 22:21:19.152412,29,aviso proveedor externo
9869,1,31.0,2025-11-26 04:29:39.206358,12,OK
9870,3,71.0,2025-11-26 04:46:05.382791,11,OK
9871,3,,2025-11-26 06:00:00.000000,22,normal
9872,5,,2025-11-26 06:00:00.000000,21,normal
9873,4,,2025-11-26 06:00:00.000000,21,s/n
9874,3,73.0,2025-11-26 09:29:09.893907,14,DRN OK
9875,1,17.0,2025-11-26 12:44:28.347945,11,purga completa
9876,1,10.0,2025-11-26 17:33:57.157165,15,sin intervencion
9877,3,69.0,2025-11-26 19:23:30.645295,16,restablecida sola
9878,1,33.0,2025-11-26 20:45:26.946508,15,restablecida sola
9879,3,65.0,2025-11-26 21:23:25.193150,11,sin novedad
9880,1,37.0,2025-11-26 23:57:55.841425,12,
9881,1,,2025-11-27 06:00:00.000000,21,normal
9882,5,136.0,2025-11-27 06:00:33.203597,16,restablecida sola
9883,5,117.0,2025-11-27 07:15:05.049559,17,restablecida sola
9884,4,91.0,2025-11-27 11:06:35.049633,13,OK
9885,1,,2025-11-27 22:00:00.000000,20,normal
9886,3,,2025-11-27 22:00:00.000000,21,
9887,2,54.0,2025-11-28 10:00:50.526746,12,
9888,4,,2025-11-28 14:00:00.000000,20,
9889,1,,2025-11-28 14:00:00.000000,19,
9890,4,108.0,2025-11-28 17:23:27.592134,16,sin intervencion
9891,5,141.0,2025-11-28 20:33:39.008931,12,OK
9892,1,,2025-11-28 22:00:00.000000,20,
9893,2,,2025-11-28 22:00:00.000000,20,normal
9894,5,,2025-11-28 22:00:00.000000,20,
9895,2,,2025-11-29 06:00:00.000000,21,
9896,1,,2025-11-29 06:00:00.000000,21,normal
9897,1,12.0,2025-11-29 11:06:28.775121,18,sin intervencion
9898,5,119.0,2025-11-29 13:06:29.421108,12,purga completa
9899,4,109.0,2025-11-29 13:44:51.269671,13,
9900,5,,2025-11-29 14:00:00.000000,21,s/n
9901,2,,2025-11-29 14:00:00.000000,22,ok
9902,1,30.0,2025-11-29 22:55:32.121727,18,restablecida sola
9903,3,71.0,2025-11-29 23:35:11.672331,14,DRN OK
9904,1,26.0,2025-11-30 00:05:57.242385,15,sin intervencion
9905,5,144.0,2025-11-30 02:12:31.254387,15,restablecida sola
9906,3,76.0,2025-11-30 05:40:31.852755,16,restablecida sola
9907,3,,2025-11-30 06:00:00.000000,19,
9908,2,,2025-11-30 06:00:00.000000,20,s/n
9909,5,131.0,2025-11-30 06:54:37.519118,14,purga completa
9910,3,63.0,2025-11-30 08:10:44.117415,4,PARADA POR FALLA
9911,5,133.0,2025-11-30 12:34:55.203559,14,purga completa
9912,2,48.0,2025-11-30 13:01:09.395021,5,por mantenimiento
9913,3,63.0,2025-11-30 13:31:40.271422,7,arranque normal
9914,1,,2025-11-30 14:00:00.000000,21,
9915,3,,2025-11-30 14:00:00.000000,22,normal
9916,4,,2025-11-30 14:00:00.000000,21,s/n
9917,2,42.0,2025-11-30 16:31:27.619924,16,restablecida sola
9918,3,80.0,2025-11-30 19:46:52.075054,12,ok.
9919,2,48.0,2025-11-30 19:52:56.920161,9,reanuda produccion
9920,3,,2025-11-30 22:00:00.000000,19,normal
9921,4,96.0,2025-12-01 01:06:04.710470,12,
9922,1,,2025-12-01 06:00:00.000000,21,s/n
9923,1,10.0,2025-12-01 08:35:06.714600,10,
9924,2,39.0,2025-12-01 09:27:42.336864,15,operador reseteo
9925,1,,2025-12-01 14:00:00.000000,20,s/n
9926,4,,2025-12-01 14:00:00.000000,22,ok
9927,5,119.0,2025-12-01 15:27:11.400658,11,DRN OK
9928,5,142.0,2025-12-01 16:42:45.861288,12,sin novedad
9929,1,30.0,2025-12-01 17:35:37.022695,16,operador reseteo
9930,3,,2025-12-01 22:00:00.000000,20,ok
9931,5,,2025-12-01 22:00:00.000000,21,normal
9932,4,100.0,2025-12-02 01:26:57.097446,16,restablecida sola
9933,1,14.0,2025-12-02 02:33:24.943525,17,sin intervencion
9934,5,146.0,2025-12-02 03:48:48.520137,17,sin intervencion
9935,4,,2025-12-02 06:00:00.000000,19,ok
9936,1,,2025-12-02 06:00:00.000000,22,
9937,3,,2025-12-02 06:00:00.000000,20,
9938,5,,2025-12-02 06:00:00.000000,19,normal
9939,2,,2025-12-02 06:00:00.000000,22,ok
9940,5,117.0,2025-12-02 07:55:52.805254,10,DRN OK
9941,3,66.0,2025-12-02 08:33:54.709336,16,sin intervencion
9942,5,114.0,2025-12-02 12:03:49.667585,12,sin novedad
9943,2,,2025-12-02 14:00:00.000000,19,
9944,1,,2025-12-02 14:00:00.000000,19,
9945,1,6.0,2025-12-02 14:53:45.099801,14,OK
9946,5,136.0,2025-12-02 14:55:58.128247,11,OK
9947,2,47.0,2025-12-02 19:31:19.408783,10,OK
9948,4,,2025-12-02 22:00:00.000000,20,ok
9949,1,,2025-12-02 22:00:00.000000,21,s/n
9950,2,40.0,2025-12-02 22:32:26.064903,18,restablecida sola
9951,3,70.0,2025-12-02 22:53:08.210167,10,ok.
9952,2,42.0,2025-12-02 23:34:11.222041,10,ok.
9953,2,46.0,2025-12-03 02:29:26.805254,12,sin novedad
9954,4,102.0,2025-12-03 02:59:39.672222,14,
9955,2,,2025-12-03 06:00:00.000000,22,s/n
9956,5,,2025-12-03 06:00:00.000000,20,normal
9957,4,,2025-12-03 06:00:00.000000,22,s/n
9958,3,,2025-12-03 06:00:00.000000,20,normal
9959,2,,2025-12-03 14:00:00.000000,21,s/n
9960,5,,2025-12-03 14:00:00.000000,22,ok
9961,4,,2025-12-03 14:00:00.000000,20,ok
9962,3,,2025-12-03 14:00:00.000000,22,normal
9963,1,29.0,2025-12-03 21:18:16.830878,5,
9964,3,79.0,2025-12-03 21:29:57.803619,13,OK
9965,3,,2025-12-03 22:00:00.000000,21,s/n
9966,5,,2025-12-03 22:00:00.000000,20,
9967,2,,2025-12-03 22:00:00.000000,22,normal
9968,2,55.0,2025-12-03 22:40:11.425750,18,restablecida sola
9969,3,71.0,2025-12-03 23:18:07.429878,12,sin novedad
9970,3,71.0,2025-12-04 03:45:29.981970,11,purga completa
9971,1,20.0,2025-12-04 05:45:57.587828,14,
9972,3,,2025-12-04 06:00:00.000000,19,s/n
9973,4,,2025-12-04 06:00:00.000000,21,ok
9974,2,,2025-12-04 06:00:00.000000,19,ok
9975,1,,2025-12-04 06:00:00.000000,21,ok
9976,5,125.0,2025-12-04 08:54:27.821081,12,DRN OK
9977,5,145.0,2025-12-04 10:20:46.723509,14,OK
9978,3,77.0,2025-12-04 11:05:09.091389,12,DRN OK
9979,5,132.0,2025-12-04 12:42:44.648445,17,sin intervencion
9980,1,24.0,2025-12-04 13:57:40.606005,12,OK
9981,4,,2025-12-04 14:00:00.000000,22,ok
9982,1,,2025-12-04 14:00:00.000000,21,
9983,3,71.0,2025-12-04 14:10:21.377994,15,sin intervencion
9984,1,29.0,2025-12-04 14:36:22.447115,7,
9985,5,132.0,2025-12-04 17:15:43.868647,17,restablecida sola
9986,3,68.0,2025-12-04 17:44:10.748765,12,ok.
9987,5,,2025-12-04 22:00:00.000000,20,normal
9988,3,,2025-12-04 22:00:00.000000,22,normal
9989,2,,2025-12-04 22:00:00.000000,21,ok
9990,5,123.0,2025-12-05 01:39:55.667461,12,purga completa
9991,1,,2025-12-05 06:00:00.000000,19,ok
9992,5,,2025-12-05 06:00:00.000000,22,s/n
9993,5,,2025-12-05 14:00:00.000000,20,s/n
9994,4,,2025-12-05 14:00:00.000000,20,normal
9995,1,10.0,2025-12-05 16:07:23.119170,14,DRN OK
9996,4,,2025-12-05 22:00:00.000000,22,normal
9997,3,,2025-12-05 22:00:00.000000,21,ok
9998,2,,2025-12-05 22:00:00.000000,22,s/n
9999,1,,2025-12-05 22:00:00.000000,20,normal
10000,4,,2025-12-05 22:18:14.473774,29,aviso proveedor externo
10001,2,42.0,2025-12-05 22:32:24.359743,13,
10002,1,,2025-12-06 06:00:00.000000,21,
10003,2,,2025-12-06 06:00:00.000000,21,ok
10004,2,41.0,2025-12-06 08:38:25.671702,17,operador reseteo
10005,2,,2025-12-06 14:00:00.000000,19,
10006,3,,2025-12-06 14:00:00.000000,22,
10007,5,132.0,2025-12-06 15:01:32.811108,12,purga completa
10008,5,136.0,2025-12-06 16:08:30.768693,12,ok.
10009,2,,2025-12-06 22:00:00.000000,19,s/n
10010,5,145.0,2025-12-06 22:04:27.054743,12,OK
10011,4,98.0,2025-12-07 01:07:32.447277,14,sin novedad
10012,5,118.0,2025-12-07 05:20:52.164549,10,sin novedad
10013,2,,2025-12-07 06:00:00.000000,22,
10014,1,,2025-12-07 06:00:00.000000,19,normal
10015,5,142.0,2025-12-07 11:16:19.242128,13,OK
10016,4,96.0,2025-12-07 13:25:51.883793,15,restablecida sola
10017,2,,2025-12-07 14:00:00.000000,20,ok
10018,3,,2025-12-07 14:00:00.000000,19,s/n
10019,5,,2025-12-07 14:00:00.000000,22,s/n
10020,4,,2025-12-07 14:00:00.000000,21,ok
10021,2,41.0,2025-12-07 21:37:42.775031,18,sin intervencion
10022,3,,2025-12-07 22:00:00.000000,20,s/n
10023,4,,2025-12-07 22:00:00.000000,21,normal
10024,1,,2025-12-07 22:00:00.000000,21,s/n
10025,4,102.0,2025-12-07 23:56:11.808417,15,sin intervencion
10026,5,145.0,2025-12-08 04:25:12.255479,13,ok.
10027,5,,2025-12-08 05:17:12.605139,27,ver informe adjunto
10028,2,,2025-12-08 06:00:00.000000,20,ok
10029,3,72.0,2025-12-08 07:00:25.034429,13,OK
10030,1,32.0,2025-12-08 11:09:48.773882,14,DRN OK
10031,2,,2025-12-08 14:00:00.000000,21,normal
10032,1,,2025-12-08 14:00:00.000000,19,
10033,5,132.0,2025-12-08 15:02:11.590402,14,sin novedad
10034,2,,2025-12-08 22:00:00.000000,22,s/n
10035,3,,2025-12-08 22:00:00.000000,19,normal
10036,3,81.0,2025-12-09 01:03:01.392899,15,restablecida sola
10037,3,64.0,2025-12-09 01:19:26.090934,12,sin novedad
10038,3,63.0,2025-12-09 01:40:05.116144,13,DRN OK
10039,1,,2025-12-09 06:00:00.000000,22,ok
10040,4,,2025-12-09 06:00:00.000000,19,normal
10041,5,,2025-12-09 06:00:00.000000,19,
10042,3,68.0,2025-12-09 09:33:22.373233,10,DRN OK
10043,1,19.0,2025-12-09 12:15:28.409679,13,OK
10044,2,,2025-12-09 14:00:00.000000,20,s/n
10045,3,,2025-12-09 14:00:00.000000,19,
10046,4,,2025-12-09 14:00:00.000000,22,normal
10047,1,14.0,2025-12-09 14:09:46.585161,3,PARADA POR FALLA
10048,4,99.0,2025-12-09 19:14:44.892034,17,operador reseteo
10049,1,14.0,2025-12-09 20:47:22.749525,6,arranque normal
10050,3,,2025-12-09 22:00:00.000000,21,normal
10051,2,,2025-12-09 22:00:00.000000,21,ok
10052,1,,2025-12-09 22:00:00.000000,21,s/n
10053,2,44.0,2025-12-10 01:30:54.247882,10,DRN OK
10054,3,77.0,2025-12-10 02:19:26.454277,10,
10055,3,,2025-12-10 06:00:00.000000,20,ok
10056,2,,2025-12-10 06:00:00.000000,22,ok
10057,5,,2025-12-10 06:00:00.000000,21,ok
10058,4,,2025-12-10 06:00:00.000000,19,
10059,5,133.0,2025-12-10 13:25:16.924817,13,
10060,4,98.0,2025-12-10 13:37:19.294255,10,sin novedad
10061,3,,2025-12-10 14:00:00.000000,21,
10062,1,37.0,2025-12-10 19:49:39.523359,15,restablecida sola
10063,2,,2025-12-10 22:00:00.000000,21,s/n
10064,4,,2025-12-10 22:00:00.000000,20,ok
10065,5,,2025-12-10 22:00:00.000000,21,ok
10066,5,135.0,2025-12-11 00:32:20.904074,1,por mantenimiento
10067,2,61.0,2025-12-11 00:46:22.691456,17,restablecida sola
10068,4,96.0,2025-12-11 02:29:34.490984,12,sin novedad
10069,2,59.0,2025-12-11 03:33:28.097931,18,restablecida sola
10070,4,100.0,2025-12-11 03:57:27.532500,16,operador reseteo
10071,5,,2025-12-11 06:00:00.000000,22,ok
10072,2,,2025-12-11 06:00:00.000000,19,ok
10073,4,,2025-12-11 06:00:00.000000,21,s/n
10074,1,,2025-12-11 06:00:00.000000,20,s/n
10075,4,108.0,2025-12-11 06:12:48.655645,12,purga completa
10076,1,19.0,2025-12-11 06:44:06.335139,2,ver OT
10077,4,,2025-12-11 10:08:26.132169,28,aviso proveedor externo
10078,1,19.0,2025-12-11 12:16:55.139189,9,OK
10079,4,,2025-12-11 14:00:00.000000,21,
10080,1,,2025-12-11 14:00:00.000000,22,ok
10081,5,,2025-12-11 14:00:00.000000,19,ok
10082,3,66.0,2025-12-11 18:08:39.850115,15,operador reseteo
10083,5,140.0,2025-12-11 18:23:17.415653,12,purga completa
10084,5,135.0,2025-12-11 20:47:54.114114,8,
10085,3,,2025-12-11 22:00:00.000000,22,ok
10086,3,64.0,2025-12-11 23:19:53.397182,11,OK
10087,1,22.0,2025-12-12 03:01:16.564318,18,sin intervencion
10088,4,,2025-12-12 06:00:00.000000,21,s/n
10089,1,,2025-12-12 14:00:00.000000,20,ok
10090,3,,2025-12-12 14:00:00.000000,22,
10091,2,,2025-12-12 14:00:00.000000,21,normal
10092,4,,2025-12-12 22:00:00.000000,21,normal
10093,3,,2025-12-12 22:00:00.000000,21,s/n
10094,3,81.0,2025-12-13 01:25:37.343050,15,operador reseteo
10095,2,46.0,2025-12-13 03:13:52.414152,14,sin novedad
10096,3,,2025-12-13 06:00:00.000000,20,normal
10097,4,,2025-12-13 06:00:00.000000,21,normal
10098,2,47.0,2025-12-13 06:56:50.176508,12,ok.
10099,1,15.0,2025-12-13 07:31:40.511901,11,sin novedad
10100,4,96.0,2025-12-13 07:57:51.686595,10,ok.
10101,3,75.0,2025-12-13 13:30:41.724377,13,
10102,3,,2025-12-13 14:00:00.000000,20,s/n
10103,2,,2025-12-13 14:00:00.000000,21,normal
10104,4,100.0,2025-12-13 18:11:59.980537,14,ok.
10105,3,,2025-12-13 22:00:00.000000,20,ok
10106,4,100.0,2025-12-13 22:08:53.933385,17,sin intervencion
10107,5,,2025-12-14 06:00:00.000000,21,
10108,1,3.0,2025-12-14 06:47:32.817187,12,OK
10109,5,,2025-12-14 12:08:25.740946,27,
10110,2,,2025-12-14 12:35:16.526492,26,ver informe adjunto
10111,2,,2025-12-14 14:00:00.000000,22,ok
10112,5,135.0,2025-12-14 16:53:51.610073,3,ver OT
10113,5,135.0,2025-12-14 21:21:02.620002,6,reanuda produccion
10114,1,,2025-12-14 22:00:00.000000,21,normal
10115,2,,2025-12-14 22:00:00.000000,21,s/n
10116,5,,2025-12-14 22:00:00.000000,20,s/n
10117,4,,2025-12-14 22:00:00.000000,20,normal
10118,1,26.0,2025-12-14 22:01:50.644217,12,OK
10119,2,39.0,2025-12-15 01:26:40.871522,10,DRN OK
10120,4,91.0,2025-12-15 01:28:04.220590,13,sin novedad
10121,3,76.0,2025-12-15 02:53:55.181261,13,DRN OK
10122,5,,2025-12-15 06:00:00.000000,20,
10123,2,,2025-12-15 06:00:00.000000,19,s/n
10124,1,29.0,2025-12-15 06:05:31.686578,13,ok.
10125,4,104.0,2025-12-15 07:32:06.750950,12,DRN OK
10126,2,40.0,2025-12-15 10:15:57.968502,1,ver OT
10127,1,7.0,2025-12-15 10:40:56.574874,11,DRN OK
10128,1,5.0,2025-12-15 13:45:03.727429,17,restablecida sola
10129,4,89.0,2025-12-15 13:49:28.053888,11,purga completa
10130,3,,2025-12-15 14:00:00.000000,21,ok
10131,1,,2025-12-15 14:00:00.000000,22,
10132,2,57.0,2025-12-15 16:19:34.729588,12,DRN OK
10133,2,40.0,2025-12-15 16:57:08.219123,7,arranque normal
10134,4,107.0,2025-12-15 21:52:01.360054,11,purga completa
10135,1,,2025-12-15 22:00:00.000000,19,normal
10136,4,,2025-12-15 22:00:00.000000,20,ok
10137,3,,2025-12-16 06:00:00.000000,22,
10138,5,,2025-12-16 06:00:00.000000,20,
10139,5,144.0,2025-12-16 12:36:38.831679,11,ok.
10140,1,,2025-12-16 14:00:00.000000,19,ok
10141,5,,2025-12-16 14:00:00.000000,22,
10142,3,66.0,2025-12-16 14:21:48.533646,12,ok.
10143,3,,2025-12-16 18:43:03.384885,27,
10144,2,,2025-12-16 22:00:00.000000,19,s/n
10145,3,,2025-12-16 22:00:00.000000,20,s/n
10146,5,,2025-12-16 22:00:00.000000,19,ok
10147,1,30.0,2025-12-17 00:34:35.230196,12,OK
10148,4,99.0,2025-12-17 03:23:37.628086,15,operador reseteo
10149,4,98.0,2025-12-17 05:07:05.236823,15,sin intervencion
10150,5,,2025-12-17 06:00:00.000000,20,s/n
10151,4,,2025-12-17 06:00:00.000000,22,normal
10152,1,,2025-12-17 06:00:00.000000,20,s/n
10153,3,77.0,2025-12-17 12:13:12.170043,17,restablecida sola
10154,4,,2025-12-17 14:00:00.000000,19,
10155,1,,2025-12-17 14:00:00.000000,21,normal
10156,4,92.0,2025-12-18 01:24:25.219169,10,purga completa
10157,1,,2025-12-18 06:00:00.000000,20,ok
10158,3,,2025-12-18 06:00:00.000000,21,
10159,2,41.0,2025-12-18 07:22:54.640165,11,OK
10160,1,21.0,2025-12-18 08:49:03.743765,12,purga completa
10161,5,145.0,2025-12-18 11:12:57.740121,12,
10162,2,55.0,2025-12-18 13:30:17.649153,11,OK
10163,4,98.0,2025-12-18 14:25:31.864199,14,DRN OK
10164,4,102.0,2025-12-18 17:04:15.388703,17,operador reseteo
10165,3,71.0,2025-12-18 19:28:53.541359,18,sin intervencion
10166,2,55.0,2025-12-18 19:43:04.652937,18,restablecida sola
10167,1,6.0,2025-12-18 19:57:56.822224,13,
10168,3,,2025-12-18 22:00:00.000000,20,ok
10169,3,64.0,2025-12-19 03:28:58.324235,10,OK
10170,3,,2025-12-19 06:00:00.000000,21,
10171,4,,2025-12-19 06:00:00.000000,20,
10172,3,65.0,2025-12-19 06:01:31.644845,16,sin intervencion
10173,4,92.0,2025-12-19 07:40:50.818378,14,ok.
10174,2,41.0,2025-12-19 11:33:25.044173,14,sin novedad
10175,5,,2025-12-19 11:59:24.365421,25,ver informe adjunto
10176,4,,2025-12-19 14:00:00.000000,19,normal
10177,2,,2025-12-19 14:00:00.000000,22,ok
10178,4,,2025-12-19 22:00:00.000000,20,normal
10179,2,,2025-12-19 22:00:00.000000,21,
10180,3,,2025-12-19 22:00:00.000000,22,
10181,5,116.0,2025-12-20 01:30:17.599504,14,DRN OK
10182,4,90.0,2025-12-20 03:37:28.960119,18,operador reseteo
10183,4,109.0,2025-12-20 03:55:48.411919,12,ok.
10184,3,,2025-12-20 06:00:00.000000,21,
10185,1,,2025-12-20 06:00:00.000000,21,
10186,5,,2025-12-20 06:53:08.547709,27,
10187,4,90.0,2025-12-20 08:19:48.936606,16,sin intervencion
10188,5,121.0,2025-12-20 09:26:02.264551,18,operador reseteo
10189,4,96.0,2025-12-20 10:48:55.373467,18,sin intervencion
10190,5,136.0,2025-12-20 13:37:40.583046,15,sin intervencion
10191,5,,2025-12-20 14:00:00.000000,20,ok
10192,1,,2025-12-20 14:00:00.000000,22,normal
10193,4,,2025-12-20 14:00:00.000000,19,normal
10194,2,,2025-12-20 14:00:00.000000,22,
10195,3,,2025-12-20 14:00:00.000000,21,s/n
10196,3,73.0,2025-12-20 14:12:14.719833,13,sin novedad
10197,2,,2025-12-20 22:00:00.000000,19,normal
10198,3,,2025-12-20 22:00:00.000000,20,ok
10199,5,127.0,2025-12-20 23:40:09.432675,10,OK
10200,1,3.0,2025-12-21 01:29:31.857307,13,ok.
10201,2,54.0,2025-12-21 01:33:27.943818,15,sin intervencion
10202,4,111.0,2025-12-21 06:15:11.914840,16,restablecida sola
10203,5,122.0,2025-12-21 06:34:16.298052,14,
10204,4,100.0,2025-12-21 08:46:29.444954,11,DRN OK
10205,1,18.0,2025-12-21 10:15:35.769739,1,
10206,4,,2025-12-21 14:00:00.000000,20,
10207,5,,2025-12-21 14:00:00.000000,19,s/n
10208,1,18.0,2025-12-21 14:39:09.285729,8,
10209,5,131.0,2025-12-21 16:12:05.531238,14,
10210,2,57.0,2025-12-21 17:46:03.918932,16,restablecida sola
10211,3,,2025-12-21 22:00:00.000000,20,
10212,2,51.0,2025-12-22 01:06:01.152342,12,purga completa
10213,3,65.0,2025-12-22 04:10:15.860201,14,OK
10214,5,,2025-12-22 06:00:00.000000,20,s/n
10215,2,,2025-12-22 06:00:00.000000,22,ok
10216,1,,2025-12-22 06:00:00.000000,20,ok
10217,3,,2025-12-22 06:00:00.000000,21,s/n
10218,4,,2025-12-22 06:00:00.000000,19,s/n
10219,3,75.0,2025-12-22 08:28:53.697569,11,sin novedad
10220,4,83.0,2025-12-22 12:37:20.463217,11,ok.
10221,3,,2025-12-22 14:00:00.000000,22,s/n
10222,2,39.0,2025-12-22 14:36:32.841397,11,sin novedad
10223,4,95.0,2025-12-22 16:45:42.156224,10,
10224,5,114.0,2025-12-22 18:44:20.832382,11,ok.
10225,5,121.0,2025-12-22 21:37:42.112785,17,restablecida sola
10226,3,,2025-12-22 22:00:00.000000,22,normal
10227,5,124.0,2025-12-23 01:04:38.822419,13,DRN OK
10228,5,118.0,2025-12-23 01:19:52.557634,13,DRN OK
10229,2,40.0,2025-12-23 01:22:28.920347,12,sin novedad
10230,5,127.0,2025-12-23 05:59:18.294432,18,restablecida sola
10231,4,,2025-12-23 06:00:00.000000,19,ok
10232,5,,2025-12-23 06:00:00.000000,20,s/n
10233,1,,2025-12-23 06:00:00.000000,22,ok
10234,3,,2025-12-23 06:00:00.000000,19,ok
10235,2,41.0,2025-12-23 11:00:23.667155,16,restablecida sola
10236,1,29.0,2025-12-23 11:06:24.639388,4,PARADA POR FALLA
10237,5,,2025-12-23 14:00:00.000000,20,s/n
10238,1,29.0,2025-12-23 14:08:42.523847,7,OK
10239,3,63.0,2025-12-23 19:27:42.638872,14,OK
10240,5,123.0,2025-12-23 21:39:40.000276,16,restablecida sola
10241,3,,2025-12-23 22:00:00.000000,22,normal
10242,4,,2025-12-23 22:00:00.000000,22,
10243,5,,2025-12-23 22:00:00.000000,20,ok
10244,1,22.0,2025-12-24 01:33:44.878766,17,sin intervencion
10245,5,142.0,2025-12-24 03:40:25.281747,11,sin novedad
10246,1,26.0,2025-12-24 04:10:13.453786,12,sin novedad
10247,4,,2025-12-24 06:00:00.000000,22,ok
10248,1,,2025-12-24 06:00:00.000000,19,normal
10249,5,,2025-12-24 06:00:00.000000,20,s/n
10250,2,,2025-12-24 06:00:00.000000,19,ok
10251,1,,2025-12-24 14:00:00.000000,22,ok
10252,3,,2025-12-24 14:00:00.000000,22,
10253,4,92.0,2025-12-24 15:21:04.582297,15,restablecida sola
10254,1,,2025-12-24 22:00:00.000000,19,s/n
10255,2,,2025-12-24 22:00:00.000000,21,s/n
10256,4,92.0,2025-12-24 22:52:42.308077,12,ok.
10257,5,115.0,2025-12-25 05:07:10.176611,12,ok.
10258,1,,2025-12-25 06:00:00.000000,21,s/n
10259,3,,2025-12-25 06:00:00.000000,21,normal
10260,5,,2025-12-25 06:00:00.000000,20,
10261,3,80.0,2025-12-25 10:40:26.057882,15,operador reseteo
10262,2,42.0,2025-12-25 11:32:57.517940,12,ok.
10263,2,42.0,2025-12-25 12:23:29.465666,11,
10264,2,49.0,2025-12-25 13:56:00.947323,5,por mantenimiento
10265,4,104.0,2025-12-25 16:25:35.784917,13,
10266,2,49.0,2025-12-25 17:27:08.035893,7,reanuda produccion
10267,1,17.0,2025-12-25 19:40:17.427798,11,purga completa
10268,5,126.0,2025-12-25 19:41:56.280721,11,purga completa
10269,1,4.0,2025-12-25 20:33:28.447509,14,
10270,5,131.0,2025-12-25 21:54:20.790534,14,sin novedad
10271,1,,2025-12-25 22:00:00.000000,22,s/n
10272,5,,2025-12-25 22:00:00.000000,20,normal
10273,1,27.0,2025-12-26 03:27:56.837848,10,
10274,2,39.0,2025-12-26 05:18:28.215750,13,OK
10275,4,,2025-12-26 06:00:00.000000,20,ok
10276,3,65.0,2025-12-26 06:08:42.262508,18,restablecida sola
10277,1,8.0,2025-12-26 06:22:32.670028,12,ok.
10278,5,114.0,2025-12-26 07:39:19.509784,13,OK
10279,4,110.0,2025-12-26 07:54:25.159715,13,ok.
10280,2,,2025-12-26 14:00:00.000000,21,s/n
10281,3,,2025-12-26 14:00:00.000000,20,
10282,4,,2025-12-26 14:00:00.000000,22,
10283,1,,2025-12-26 14:00:00.000000,19,normal
10284,5,,2025-12-26 14:00:00.000000,20,ok
10285,4,112.0,2025-12-26 16:33:55.949413,15,operador reseteo
10286,4,,2025-12-26 22:00:00.000000,22,normal
10287,2,,2025-12-26 22:00:00.000000,20,
10288,1,,2025-12-26 22:00:00.000000,19,ok
10289,3,69.0,2025-12-27 00:58:36.662929,13,OK
10290,4,100.0,2025-12-27 05:03:08.626520,17,operador reseteo
10291,2,,2025-12-27 06:00:00.000000,19,ok
10292,1,,2025-12-27 06:00:00.000000,20,
10293,1,32.0,2025-12-27 06:44:43.540867,1,ver OT
10294,3,81.0,2025-12-27 09:14:56.596233,13,sin novedad
10295,2,57.0,2025-12-27 09:38:40.879535,12,sin novedad
10296,5,,2025-12-27 14:00:00.000000,19,normal
10297,3,,2025-12-27 14:00:00.000000,22,
10298,3,,2025-12-27 22:00:00.000000,19,
10299,4,,2025-12-27 22:00:00.000000,21,s/n
10300,5,,2025-12-27 22:00:00.000000,21,
10301,1,,2025-12-27 22:00:00.000000,20,ok
10302,3,73.0,2025-12-27 22:19:58.898773,12,
10303,5,127.0,2025-12-28 04:46:59.015424,10,
10304,5,,2025-12-28 06:00:00.000000,20,ok
10305,1,,2025-12-28 06:00:00.000000,20,s/n
10306,3,,2025-12-28 06:00:00.000000,22,normal
10307,4,,2025-12-28 06:00:00.000000,22,normal
10308,2,,2025-12-28 06:00:00.000000,22,s/n
10309,1,,2025-12-28 14:00:00.000000,20,s/n
10310,4,,2025-12-28 14:00:00.000000,22,ok
10311,2,,2025-12-28 14:00:00.000000,22,
10312,5,,2025-12-28 14:00:00.000000,21,ok
10313,1,30.0,2025-12-28 17:53:32.937252,14,DRN OK
10314,3,,2025-12-28 22:00:00.000000,20,ok
10315,5,,2025-12-28 22:00:00.000000,21,s/n
10316,4,,2025-12-28 22:00:00.000000,19,
10317,1,11.0,2025-12-29 01:15:45.141451,10,OK
10318,1,24.0,2025-12-29 02:07:15.802547,13,DRN OK
10319,1,32.0,2025-12-29 05:55:53.780271,7,
10320,1,,2025-12-29 06:00:00.000000,22,s/n
10321,3,,2025-12-29 06:00:00.000000,21,s/n
10322,1,19.0,2025-12-29 08:21:55.254720,14,purga completa
10323,5,117.0,2025-12-29 09:08:01.383285,10,DRN OK
10324,2,55.0,2025-12-29 13:28:52.487857,15,operador reseteo
10325,3,,2025-12-29 14:00:00.000000,21,normal
10326,4,,2025-12-29 14:00:00.000000,22,s/n
10327,2,,2025-12-29 14:00:00.000000,19,
10328,1,33.0,2025-12-29 14:42:39.994162,2,
10329,1,33.0,2025-12-29 19:10:10.396751,7,
10330,2,,2025-12-29 22:00:00.000000,20,
10331,1,,2025-12-29 22:00:00.000000,22,s/n
10332,4,,2025-12-29 22:00:00.000000,21,
10333,1,19.0,2025-12-30 05:29:44.730122,17,sin intervencion
10334,5,144.0,2025-12-30 05:36:20.759434,10,
10335,3,,2025-12-30 06:00:00.000000,19,normal
10336,2,57.0,2025-12-30 07:42:45.496832,10,OK
10337,5,123.0,2025-12-30 12:08:38.431402,13,sin novedad
10338,1,24.0,2025-12-30 12:59:53.524545,17,sin intervencion
10339,4,,2025-12-30 14:00:00.000000,21,s/n
10340,3,,2025-12-30 14:00:00.000000,22,ok
10341,5,124.0,2025-12-30 15:53:59.090095,16,sin intervencion
10342,5,,2025-12-30 22:00:00.000000,21,s/n
10343,1,,2025-12-30 22:00:00.000000,21,normal
10344,4,,2025-12-31 06:00:00.000000,19,s/n
10345,1,,2025-12-31 06:00:00.000000,21,normal
10346,2,40.0,2025-12-31 12:56:01.022752,1,por mantenimiento
10347,3,,2025-12-31 14:00:00.000000,20,normal
10348,1,,2025-12-31 14:00:00.000000,20,normal
10349,2,40.0,2025-12-31 15:58:47.512265,7,arranque normal
