medicion_id,activo_id,tipo_medicion_id,fecha_hora,valor
1,2,1,2024-01-01 08:00:00,0.0
2,2,1,2024-02-01 08:00:00,384.3
3,2,1,2024-03-01 08:00:00,693.7
4,2,1,2024-04-01 08:00:00,1055.3
5,2,1,2024-05-01 08:00:00,1380.9
6,2,1,2024-06-01 08:00:00,1759.4
7,2,1,2024-07-01 08:00:00,2131.2
8,2,1,2024-08-01 08:00:00,2570.4
9,2,1,2024-09-01 08:00:00,2900.6
10,2,1,2024-10-01 08:00:00,3335.8
11,2,1,2024-11-01 08:00:00,3718.0
12,2,1,2024-12-01 08:00:00,4121.7
13,2,1,2025-01-01 08:00:00,4517.8
14,2,1,2025-02-01 08:00:00,4953.7
15,2,1,2025-03-01 08:00:00,5320.0
16,2,1,2025-04-01 08:00:00,5606.3
17,2,1,2025-05-01 08:00:00,5950.5
18,2,1,2025-06-01 08:00:00,6406.4
19,2,1,2025-07-01 08:00:00,6761.4
20,2,1,2025-08-01 08:00:00,7197.1
21,2,1,2025-09-01 08:00:00,7640.3
22,2,1,2025-10-01 08:00:00,7974.3
23,2,1,2025-11-01 08:00:00,8415.4
24,2,1,2025-12-01 08:00:00,8757.3
25,3,1,2024-01-01 08:00:00,0.0
26,3,1,2024-02-01 08:00:00,275.9
27,3,1,2024-03-01 08:00:00,494.0
28,3,1,2024-04-01 08:00:00,694.7
29,3,1,2024-05-01 08:00:00,938.7
30,3,1,2024-06-01 08:00:00,1205.1
31,3,1,2024-07-01 08:00:00,1453.5
32,3,1,2024-08-01 08:00:00,1675.4
33,3,1,2024-09-01 08:00:00,1898.9
34,3,1,2024-10-01 08:00:00,2135.4
35,3,1,2024-11-01 08:00:00,2338.5
36,3,1,2024-12-01 08:00:00,2608.4
37,3,1,2025-01-01 08:00:00,2800.9
38,3,1,2025-02-01 08:00:00,3038.1
39,3,1,2025-03-01 08:00:00,3291.4
40,3,1,2025-04-01 08:00:00,3533.5
41,3,1,2025-05-01 08:00:00,3793.8
42,3,1,2025-06-01 08:00:00,4002.3
43,3,1,2025-07-01 08:00:00,4227.2
44,3,1,2025-08-01 08:00:00,4490.6
45,3,1,2025-09-01 08:00:00,4774.4
46,3,1,2025-10-01 08:00:00,5021.5
47,3,1,2025-11-01 08:00:00,5230.4
48,3,1,2025-12-01 08:00:00,5421.6
49,4,1,2024-01-01 08:00:00,0.0
50,4,1,2024-02-01 08:00:00,455.5
51,4,1,2024-03-01 08:00:00,955.5
52,4,1,2024-04-01 08:00:00,1396.0
53,4,1,2024-05-01 08:00:00,1816.8
54,4,1,2024-06-01 08:00:00,2465.1
55,4,1,2024-07-01 08:00:00,2997.3
56,4,1,2024-08-01 08:00:00,3469.8
57,4,1,2024-09-01 08:00:00,4107.9
58,4,1,2024-10-01 08:00:00,4755.3
59,4,1,2024-11-01 08:00:00,5394.2
60,4,1,2024-12-01 08:00:00,5977.8
61,4,1,2025-01-01 08:00:00,6637.1
62,4,1,2025-02-01 08:00:00,7096.2
63,4,1,2025-03-01 08:00:00,7671.7
64,4,1,2025-04-01 08:00:00,8173.0
65,4,1,2025-05-01 08:00:00,8575.3
66,4,1,2025-06-01 08:00:00,8991.2
67,4,1,2025-07-01 08:00:00,9433.0
68,4,1,2025-08-01 08:00:00,10044.4
69,4,1,2025-09-01 08:00:00,10686.6
70,4,1,2025-10-01 08:00:00,11113.2
71,4,1,2025-11-01 08:00:00,11741.9
72,4,1,2025-12-01 08:00:00,12327.6
73,5,1,2024-01-01 08:00:00,0.0
74,5,1,2024-02-01 08:00:00,192.7
75,5,1,2024-03-01 08:00:00,398.4
76,5,1,2024-04-01 08:00:00,650.7
77,5,1,2024-05-01 08:00:00,939.2
78,5,1,2024-06-01 08:00:00,1140.0
79,5,1,2024-07-01 08:00:00,1362.8
80,5,1,2024-08-01 08:00:00,1620.7
81,5,1,2024-09-01 08:00:00,1898.3
82,5,1,2024-10-01 08:00:00,2187.5
83,5,1,2024-11-01 08:00:00,2432.3
84,5,1,2024-12-01 08:00:00,2712.7
85,5,1,2025-01-01 08:00:00,2975.4
86,5,1,2025-02-01 08:00:00,3188.2
87,5,1,2025-03-01 08:00:00,3421.4
88,5,1,2025-04-01 08:00:00,3647.5
89,5,1,2025-05-01 08:00:00,3911.8
90,5,1,2025-06-01 08:00:00,4134.4
91,5,1,2025-07-01 08:00:00,4347.2
92,5,1,2025-08-01 08:00:00,4649.6
93,5,1,2025-09-01 08:00:00,4947.6
94,5,1,2025-10-01 08:00:00,5182.5
95,5,1,2025-11-01 08:00:00,5463.1
96,5,1,2025-12-01 08:00:00,5760.1
97,6,1,2024-01-01 08:00:00,0.0
98,6,1,2024-02-01 08:00:00,230.5
99,6,1,2024-03-01 08:00:00,511.3
100,6,1,2024-04-01 08:00:00,722.5
101,6,1,2024-05-01 08:00:00,1011.5
102,6,1,2024-06-01 08:00:00,1235.3
103,6,1,2024-07-01 08:00:00,1483.4
104,6,1,2024-08-01 08:00:00,1785.3
105,6,1,2024-09-01 08:00:00,1992.1
106,6,1,2024-10-01 08:00:00,2298.4
107,6,1,2024-11-01 08:00:00,2524.3
108,6,1,2024-12-01 08:00:00,2777.9
109,6,1,2025-01-01 08:00:00,3069.7
110,6,1,2025-02-01 08:00:00,3283.6
111,6,1,2025-03-01 08:00:00,3532.7
112,6,1,2025-04-01 08:00:00,3796.7
113,6,1,2025-05-01 08:00:00,4060.7
114,6,1,2025-06-01 08:00:00,4343.4
115,6,1,2025-07-01 08:00:00,4587.0
116,6,1,2025-08-01 08:00:00,4823.3
117,6,1,2025-09-01 08:00:00,5045.0
118,6,1,2025-10-01 08:00:00,5352.6
119,6,1,2025-11-01 08:00:00,5602.0
120,6,1,2025-12-01 08:00:00,5828.6
121,7,1,2024-01-01 08:00:00,0.0
122,7,1,2024-02-01 08:00:00,252.0
123,7,1,2024-03-01 08:00:00,449.7
124,7,1,2024-04-01 08:00:00,746.0
125,7,1,2024-05-01 08:00:00,1037.4
126,7,1,2024-06-01 08:00:00,1332.2
127,7,1,2024-07-01 08:00:00,1580.0
128,7,1,2024-08-01 08:00:00,1813.3
129,7,1,2024-09-01 08:00:00,2021.1
130,7,1,2024-10-01 08:00:00,2247.4
131,7,1,2024-11-01 08:00:00,2509.7
132,7,1,2024-12-01 08:00:00,2718.3
133,7,1,2025-01-01 08:00:00,2962.6
134,7,1,2025-02-01 08:00:00,3220.2
135,7,1,2025-03-01 08:00:00,3470.1
136,7,1,2025-04-01 08:00:00,3669.3
137,7,1,2025-05-01 08:00:00,3953.0
138,7,1,2025-06-01 08:00:00,4196.3
139,7,1,2025-07-01 08:00:00,4446.6
140,7,1,2025-08-01 08:00:00,4748.6
141,7,1,2025-09-01 08:00:00,4957.1
142,7,1,2025-10-01 08:00:00,5242.8
143,7,1,2025-11-01 08:00:00,5528.3
144,7,1,2025-12-01 08:00:00,5826.8
145,8,1,2024-01-01 08:00:00,0.0
146,8,1,2024-02-01 08:00:00,285.3
147,8,1,2024-03-01 08:00:00,684.7
148,8,1,2024-04-01 08:00:00,992.3
149,8,1,2024-05-01 08:00:00,1319.7
150,8,1,2024-06-01 08:00:00,1782.0
151,8,1,2024-07-01 08:00:00,2133.4
152,8,1,2024-08-01 08:00:00,2458.2
153,8,1,2024-09-01 08:00:00,2877.9
154,8,1,2024-10-01 08:00:00,3199.3
155,8,1,2024-11-01 08:00:00,3578.6
156,8,1,2024-12-01 08:00:00,3880.0
157,8,1,2025-01-01 08:00:00,4246.5
158,8,1,2025-02-01 08:00:00,4549.0
159,8,1,2025-03-01 08:00:00,4931.4
160,8,1,2025-04-01 08:00:00,5280.5
161,8,1,2025-05-01 08:00:00,5610.2
162,8,1,2025-06-01 08:00:00,6073.7
163,8,1,2025-07-01 08:00:00,6493.3
164,8,1,2025-08-01 08:00:00,6876.7
165,8,1,2025-09-01 08:00:00,7331.1
166,8,1,2025-10-01 08:00:00,7642.0
167,8,1,2025-11-01 08:00:00,8029.0
168,8,1,2025-12-01 08:00:00,8466.1
169,10,1,2024-01-01 08:00:00,0.0
170,10,1,2024-02-01 08:00:00,505.0
171,10,1,2024-03-01 08:00:00,843.1
172,10,1,2024-04-01 08:00:00,1207.4
173,10,1,2024-05-01 08:00:00,1679.5
174,10,1,2024-06-01 08:00:00,2026.1
175,10,1,2024-07-01 08:00:00,2357.7
176,10,1,2024-08-01 08:00:00,2770.4
177,10,1,2024-09-01 08:00:00,3187.1
178,10,1,2024-10-01 08:00:00,3605.2
179,10,1,2024-11-01 08:00:00,4095.1
180,10,1,2024-12-01 08:00:00,4533.6
181,10,1,2025-01-01 08:00:00,5017.7
182,10,1,2025-02-01 08:00:00,5360.2
183,10,1,2025-03-01 08:00:00,5720.8
184,10,1,2025-04-01 08:00:00,6258.8
185,10,1,2025-05-01 08:00:00,6668.2
186,10,1,2025-06-01 08:00:00,7047.5
187,10,1,2025-07-01 08:00:00,7573.5
188,10,1,2025-08-01 08:00:00,7993.0
189,10,1,2025-09-01 08:00:00,8427.0
190,10,1,2025-10-01 08:00:00,8794.4
191,10,1,2025-11-01 08:00:00,9266.2
192,10,1,2025-12-01 08:00:00,9630.1
193,11,1,2024-01-01 08:00:00,0.0
194,11,1,2024-02-01 08:00:00,486.9
195,11,1,2024-03-01 08:00:00,826.4
196,11,1,2024-04-01 08:00:00,1187.0
197,11,1,2024-05-01 08:00:00,1698.7
198,11,1,2024-06-01 08:00:00,2241.2
199,11,1,2024-07-01 08:00:00,2602.1
200,11,1,2024-08-01 08:00:00,3027.9
201,11,1,2024-09-01 08:00:00,3515.1
202,11,1,2024-10-01 08:00:00,4025.4
203,11,1,2024-11-01 08:00:00,4568.8
204,11,1,2024-12-01 08:00:00,5049.8
205,11,1,2025-01-01 08:00:00,5425.4
206,11,1,2025-02-01 08:00:00,5937.8
207,11,1,2025-03-01 08:00:00,6418.7
208,11,1,2025-04-01 08:00:00,6839.2
209,11,1,2025-05-01 08:00:00,7276.6
210,11,1,2025-06-01 08:00:00,7656.3
211,11,1,2025-07-01 08:00:00,8053.2
212,11,1,2025-08-01 08:00:00,8588.0
213,11,1,2025-09-01 08:00:00,8950.6
214,11,1,2025-10-01 08:00:00,9445.3
215,11,1,2025-11-01 08:00:00,9809.8
216,11,1,2025-12-01 08:00:00,10204.2
217,12,1,2024-01-01 08:00:00,0.0
218,12,1,2024-02-01 08:00:00,481.0
219,12,1,2024-03-01 08:00:00,858.5
220,12,1,2024-04-01 08:00:00,1355.2
221,12,1,2024-05-01 08:00:00,1883.3
222,12,1,2024-06-01 08:00:00,2308.4
223,12,1,2024-07-01 08:00:00,2639.2
224,12,1,2024-08-01 08:00:00,3157.6
225,12,1,2024-09-01 08:00:00,3552.2
226,12,1,2024-10-01 08:00:00,3907.8
227,12,1,2024-11-01 08:00:00,4432.7
228,12,1,2024-12-01 08:00:00,4805.8
229,12,1,2025-01-01 08:00:00,5271.6
230,12,1,2025-02-01 08:00:00,5661.8
231,12,1,2025-03-01 08:00:00,6103.4
232,12,1,2025-04-01 08:00:00,6578.6
233,12,1,2025-05-01 08:00:00,7009.4
234,12,1,2025-06-01 08:00:00,7464.5
235,12,1,2025-07-01 08:00:00,7836.4
236,12,1,2025-08-01 08:00:00,8176.5
237,12,1,2025-09-01 08:00:00,8684.5
238,12,1,2025-10-01 08:00:00,9194.6
239,12,1,2025-11-01 08:00:00,9697.7
240,12,1,2025-12-01 08:00:00,10170.0
241,13,1,2024-01-01 08:00:00,0.0
242,13,1,2024-02-01 08:00:00,440.1
243,13,1,2024-03-01 08:00:00,730.0
244,13,1,2024-04-01 08:00:00,1117.6
245,13,1,2024-05-01 08:00:00,1455.1
246,13,1,2024-06-01 08:00:00,1831.2
247,13,1,2024-07-01 08:00:00,2268.0
248,13,1,2024-08-01 08:00:00,2643.9
249,13,1,2024-09-01 08:00:00,3093.3
250,13,1,2024-10-01 08:00:00,3572.4
251,13,1,2024-11-01 08:00:00,4057.9
252,13,1,2024-12-01 08:00:00,4509.7
253,13,1,2025-01-01 08:00:00,4981.4
254,13,1,2025-02-01 08:00:00,5363.3
255,13,1,2025-03-01 08:00:00,5767.9
256,13,1,2025-04-01 08:00:00,6203.2
257,13,1,2025-05-01 08:00:00,6684.4
258,13,1,2025-06-01 08:00:00,7101.7
259,13,1,2025-07-01 08:00:00,7478.0
260,13,1,2025-08-01 08:00:00,7946.7
261,13,1,2025-09-01 08:00:00,8398.1
262,13,1,2025-10-01 08:00:00,8716.7
263,13,1,2025-11-01 08:00:00,9138.1
264,13,1,2025-12-01 08:00:00,9545.3
265,14,1,2024-01-01 08:00:00,0.0
266,14,1,2024-02-01 08:00:00,484.1
267,14,1,2024-03-01 08:00:00,993.3
268,14,1,2024-04-01 08:00:00,1422.7
269,14,1,2024-05-01 08:00:00,1773.0
270,14,1,2024-06-01 08:00:00,2206.2
271,14,1,2024-07-01 08:00:00,2659.6
272,14,1,2024-08-01 08:00:00,3195.7
273,14,1,2024-09-01 08:00:00,3686.5
274,14,1,2024-10-01 08:00:00,4120.3
275,14,1,2024-11-01 08:00:00,4573.0
276,14,1,2024-12-01 08:00:00,5127.2
277,14,1,2025-01-01 08:00:00,5507.9
278,14,1,2025-02-01 08:00:00,5903.1
279,14,1,2025-03-01 08:00:00,6345.1
280,14,1,2025-04-01 08:00:00,6851.5
281,14,1,2025-05-01 08:00:00,7275.0
282,14,1,2025-06-01 08:00:00,7631.3
283,14,1,2025-07-01 08:00:00,8082.4
284,14,1,2025-08-01 08:00:00,8463.8
285,14,1,2025-09-01 08:00:00,8825.5
286,14,1,2025-10-01 08:00:00,9238.1
287,14,1,2025-11-01 08:00:00,9617.6
288,14,1,2025-12-01 08:00:00,10050.7
289,15,1,2024-01-01 08:00:00,0.0
290,15,1,2024-02-01 08:00:00,508.9
291,15,1,2024-03-01 08:00:00,984.4
292,15,1,2024-04-01 08:00:00,1370.0
293,15,1,2024-05-01 08:00:00,1919.6
294,15,1,2024-06-01 08:00:00,2327.0
295,15,1,2024-07-01 08:00:00,2923.1
296,15,1,2024-08-01 08:00:00,3466.6
297,15,1,2024-09-01 08:00:00,3923.0
298,15,1,2024-10-01 08:00:00,4517.5
299,15,1,2024-11-01 08:00:00,5001.8
300,15,1,2024-12-01 08:00:00,5436.9
301,15,1,2025-01-01 08:00:00,5917.3
302,15,1,2025-02-01 08:00:00,6453.9
303,15,1,2025-03-01 08:00:00,6963.6
304,15,1,2025-04-01 08:00:00,7512.7
305,15,1,2025-05-01 08:00:00,8106.1
306,15,1,2025-06-01 08:00:00,8728.1
307,15,1,2025-07-01 08:00:00,9148.0
308,15,1,2025-08-01 08:00:00,9759.2
309,15,1,2025-09-01 08:00:00,10170.7
310,15,1,2025-10-01 08:00:00,10772.8
311,15,1,2025-11-01 08:00:00,11222.2
312,15,1,2025-12-01 08:00:00,11658.6
313,17,1,2024-01-01 08:00:00,0.0
314,17,1,2024-02-01 08:00:00,445.4
315,17,1,2024-03-01 08:00:00,739.1
316,17,1,2024-04-01 08:00:00,1111.9
317,17,1,2024-05-01 08:00:00,1557.2
318,17,1,2024-06-01 08:00:00,1966.7
319,17,1,2024-07-01 08:00:00,2357.8
320,17,1,2024-08-01 08:00:00,2834.3
321,17,1,2024-09-01 08:00:00,3129.2
322,17,1,2024-10-01 08:00:00,3468.4
323,17,1,2024-11-01 08:00:00,3782.4
324,17,1,2024-12-01 08:00:00,4097.1
325,17,1,2025-01-01 08:00:00,4428.2
326,17,1,2025-02-01 08:00:00,4836.0
327,17,1,2025-03-01 08:00:00,5144.5
328,17,1,2025-04-01 08:00:00,5559.3
329,17,1,2025-05-01 08:00:00,5974.1
330,17,1,2025-06-01 08:00:00,6339.9
331,17,1,2025-07-01 08:00:00,6718.2
332,17,1,2025-08-01 08:00:00,7033.6
333,17,1,2025-09-01 08:00:00,7464.9
334,17,1,2025-10-01 08:00:00,7822.0
335,17,1,2025-11-01 08:00:00,8268.7
336,17,1,2025-12-01 08:00:00,8645.1
337,18,1,2024-01-01 08:00:00,0.0
338,18,1,2024-02-01 08:00:00,454.9
339,18,1,2024-03-01 08:00:00,894.7
340,18,1,2024-04-01 08:00:00,1411.9
341,18,1,2024-05-01 08:00:00,1882.9
342,18,1,2024-06-01 08:00:00,2439.9
343,18,1,2024-07-01 08:00:00,2807.7
344,18,1,2024-08-01 08:00:00,3387.4
345,18,1,2024-09-01 08:00:00,3973.1
346,18,1,2024-10-01 08:00:00,4384.1
347,18,1,2024-11-01 08:00:00,4775.0
348,18,1,2024-12-01 08:00:00,5260.9
349,18,1,2025-01-01 08:00:00,5643.2
350,18,1,2025-02-01 08:00:00,6064.5
351,18,1,2025-03-01 08:00:00,6504.3
352,18,1,2025-04-01 08:00:00,7016.3
353,18,1,2025-05-01 08:00:00,7416.0
354,18,1,2025-06-01 08:00:00,8003.3
355,18,1,2025-07-01 08:00:00,8400.0
356,18,1,2025-08-01 08:00:00,8803.4
357,18,1,2025-09-01 08:00:00,9208.8
358,18,1,2025-10-01 08:00:00,9776.4
359,18,1,2025-11-01 08:00:00,10351.0
360,18,1,2025-12-01 08:00:00,10713.8
361,19,1,2024-01-01 08:00:00,0.0
362,19,1,2024-02-01 08:00:00,393.6
363,19,1,2024-03-01 08:00:00,762.0
364,19,1,2024-04-01 08:00:00,1337.6
365,19,1,2024-05-01 08:00:00,1800.8
366,19,1,2024-06-01 08:00:00,2310.6
367,19,1,2024-07-01 08:00:00,2681.1
368,19,1,2024-08-01 08:00:00,3274.0
369,19,1,2024-09-01 08:00:00,3886.4
370,19,1,2024-10-01 08:00:00,4304.7
371,19,1,2024-11-01 08:00:00,4838.5
372,19,1,2024-12-01 08:00:00,5360.4
373,19,1,2025-01-01 08:00:00,5969.0
374,19,1,2025-02-01 08:00:00,6461.2
375,19,1,2025-03-01 08:00:00,6852.1
376,19,1,2025-04-01 08:00:00,7314.5
377,19,1,2025-05-01 08:00:00,7827.2
378,19,1,2025-06-01 08:00:00,8316.7
379,19,1,2025-07-01 08:00:00,8698.5
380,19,1,2025-08-01 08:00:00,9268.8
381,19,1,2025-09-01 08:00:00,9852.8
382,19,1,2025-10-01 08:00:00,10327.9
383,19,1,2025-11-01 08:00:00,10829.6
384,19,1,2025-12-01 08:00:00,11307.8
385,20,1,2024-01-01 08:00:00,0.0
386,20,1,2024-02-01 08:00:00,410.2
387,20,1,2024-03-01 08:00:00,796.6
388,20,1,2024-04-01 08:00:00,1323.1
389,20,1,2024-05-01 08:00:00,1643.2
390,20,1,2024-06-01 08:00:00,2028.3
391,20,1,2024-07-01 08:00:00,2437.6
392,20,1,2024-08-01 08:00:00,2933.1
393,20,1,2024-09-01 08:00:00,3348.9
394,20,1,2024-10-01 08:00:00,3717.4
395,20,1,2024-11-01 08:00:00,4148.5
396,20,1,2024-12-01 08:00:00,4518.1
397,20,1,2025-01-01 08:00:00,4951.9
398,20,1,2025-02-01 08:00:00,5414.9
399,20,1,2025-03-01 08:00:00,5803.5
400,20,1,2025-04-01 08:00:00,6249.9
401,20,1,2025-05-01 08:00:00,6568.1
402,20,1,2025-06-01 08:00:00,7024.6
403,20,1,2025-07-01 08:00:00,7528.5
404,20,1,2025-08-01 08:00:00,7950.6
405,20,1,2025-09-01 08:00:00,8436.9
406,20,1,2025-10-01 08:00:00,8856.8
407,20,1,2025-11-01 08:00:00,9322.7
408,20,1,2025-12-01 08:00:00,9695.0
409,21,1,2024-01-01 08:00:00,0.0
410,21,1,2024-02-01 08:00:00,487.4
411,21,1,2024-03-01 08:00:00,913.1
412,21,1,2024-04-01 08:00:00,1509.1
413,21,1,2024-05-01 08:00:00,2107.2
414,21,1,2024-06-01 08:00:00,2734.0
415,21,1,2024-07-01 08:00:00,3209.3
416,21,1,2024-08-01 08:00:00,3836.6
417,21,1,2024-09-01 08:00:00,4325.7
418,21,1,2024-10-01 08:00:00,4961.3
419,21,1,2024-11-01 08:00:00,5481.7
420,21,1,2024-12-01 08:00:00,6025.6
421,21,1,2025-01-01 08:00:00,6572.2
422,21,1,2025-02-01 08:00:00,7118.9
423,21,1,2025-03-01 08:00:00,7703.3
424,21,1,2025-04-01 08:00:00,8429.1
425,21,1,2025-05-01 08:00:00,9002.0
426,21,1,2025-06-01 08:00:00,9558.2
427,21,1,2025-07-01 08:00:00,10066.9
428,21,1,2025-08-01 08:00:00,10686.5
429,21,1,2025-09-01 08:00:00,11256.9
430,21,1,2025-10-01 08:00:00,11897.4
431,21,1,2025-11-01 08:00:00,12512.0
432,21,1,2025-12-01 08:00:00,13053.2
433,22,1,2024-01-01 08:00:00,0.0
434,22,1,2024-02-01 08:00:00,632.6
435,22,1,2024-03-01 08:00:00,1150.9
436,22,1,2024-04-01 08:00:00,1623.5
437,22,1,2024-05-01 08:00:00,2072.9
438,22,1,2024-06-01 08:00:00,2694.2
439,22,1,2024-07-01 08:00:00,3158.7
440,22,1,2024-08-01 08:00:00,3838.2
441,22,1,2024-09-01 08:00:00,4364.1
442,22,1,2024-10-01 08:00:00,4882.0
443,22,1,2024-11-01 08:00:00,5506.3
444,22,1,2024-12-01 08:00:00,5990.5
445,22,1,2025-01-01 08:00:00,6430.8
446,22,1,2025-02-01 08:00:00,6994.8
447,22,1,2025-03-01 08:00:00,7525.0
448,22,1,2025-04-01 08:00:00,8088.9
449,22,1,2025-05-01 08:00:00,8638.0
450,22,1,2025-06-01 08:00:00,9263.9
451,22,1,2025-07-01 08:00:00,9918.7
452,22,1,2025-08-01 08:00:00,10460.0
453,22,1,2025-09-01 08:00:00,11120.9
454,22,1,2025-10-01 08:00:00,11562.2
455,22,1,2025-11-01 08:00:00,12135.8
456,22,1,2025-12-01 08:00:00,12662.5
457,24,1,2024-01-01 08:00:00,0.0
458,24,1,2024-02-01 08:00:00,330.1
459,24,1,2024-03-01 08:00:00,667.0
460,24,1,2024-04-01 08:00:00,1023.3
461,24,1,2024-05-01 08:00:00,1389.2
462,24,1,2024-06-01 08:00:00,1781.3
463,24,1,2024-07-01 08:00:00,2116.2
464,24,1,2024-08-01 08:00:00,2539.8
465,24,1,2024-09-01 08:00:00,2916.1
466,24,1,2024-10-01 08:00:00,3220.6
467,24,1,2024-11-01 08:00:00,3571.1
468,24,1,2024-12-01 08:00:00,3970.0
469,24,1,2025-01-01 08:00:00,4391.2
470,24,1,2025-02-01 08:00:00,4850.0
471,24,1,2025-03-01 08:00:00,5166.9
472,24,1,2025-04-01 08:00:00,5579.4
473,24,1,2025-05-01 08:00:00,5962.4
474,24,1,2025-06-01 08:00:00,6430.7
475,24,1,2025-07-01 08:00:00,6861.6
476,24,1,2025-08-01 08:00:00,7190.3
477,24,1,2025-09-01 08:00:00,7680.1
478,24,1,2025-10-01 08:00:00,8040.3
479,24,1,2025-11-01 08:00:00,8529.3
480,24,1,2025-12-01 08:00:00,8876.3
481,25,1,2024-01-01 08:00:00,0.0
482,25,1,2024-02-01 08:00:00,316.3
483,25,1,2024-03-01 08:00:00,731.3
484,25,1,2024-04-01 08:00:00,1055.6
485,25,1,2024-05-01 08:00:00,1380.7
486,25,1,2024-06-01 08:00:00,1741.2
487,25,1,2024-07-01 08:00:00,2216.9
488,25,1,2024-08-01 08:00:00,2710.8
489,25,1,2024-09-01 08:00:00,3110.3
490,25,1,2024-10-01 08:00:00,3505.1
491,25,1,2024-11-01 08:00:00,3850.4
492,25,1,2024-12-01 08:00:00,4223.4
493,25,1,2025-01-01 08:00:00,4719.6
494,25,1,2025-02-01 08:00:00,5177.9
495,25,1,2025-03-01 08:00:00,5575.4
496,25,1,2025-04-01 08:00:00,5933.6
497,25,1,2025-05-01 08:00:00,6371.9
498,25,1,2025-06-01 08:00:00,6864.6
499,25,1,2025-07-01 08:00:00,7345.4
500,25,1,2025-08-01 08:00:00,7766.4
501,25,1,2025-09-01 08:00:00,8101.6
502,25,1,2025-10-01 08:00:00,8577.9
503,25,1,2025-11-01 08:00:00,8987.5
504,25,1,2025-12-01 08:00:00,9288.8
505,26,1,2024-01-01 08:00:00,0.0
506,26,1,2024-02-01 08:00:00,301.6
507,26,1,2024-03-01 08:00:00,596.3
508,26,1,2024-04-01 08:00:00,911.7
509,26,1,2024-05-01 08:00:00,1172.2
510,26,1,2024-06-01 08:00:00,1492.3
511,26,1,2024-07-01 08:00:00,1700.4
512,26,1,2024-08-01 08:00:00,1908.6
513,26,1,2024-09-01 08:00:00,2108.7
514,26,1,2024-10-01 08:00:00,2393.1
515,26,1,2024-11-01 08:00:00,2705.0
516,26,1,2024-12-01 08:00:00,2997.4
517,26,1,2025-01-01 08:00:00,3312.2
518,26,1,2025-02-01 08:00:00,3577.5
519,26,1,2025-03-01 08:00:00,3841.7
520,26,1,2025-04-01 08:00:00,4080.4
521,26,1,2025-05-01 08:00:00,4363.9
522,26,1,2025-06-01 08:00:00,4655.2
523,26,1,2025-07-01 08:00:00,4898.3
524,26,1,2025-08-01 08:00:00,5100.0
525,26,1,2025-09-01 08:00:00,5329.8
526,26,1,2025-10-01 08:00:00,5627.8
527,26,1,2025-11-01 08:00:00,5898.1
528,26,1,2025-12-01 08:00:00,6137.5
529,27,1,2024-01-01 08:00:00,0.0
530,27,1,2024-02-01 08:00:00,528.9
531,27,1,2024-03-01 08:00:00,1139.8
532,27,1,2024-04-01 08:00:00,1676.3
533,27,1,2024-05-01 08:00:00,2220.2
534,27,1,2024-06-01 08:00:00,2859.8
535,27,1,2024-07-01 08:00:00,3399.3
536,27,1,2024-08-01 08:00:00,3926.6
537,27,1,2024-09-01 08:00:00,4367.6
538,27,1,2024-10-01 08:00:00,5024.1
539,27,1,2024-11-01 08:00:00,5608.8
540,27,1,2024-12-01 08:00:00,6262.7
541,27,1,2025-01-01 08:00:00,6873.0
542,27,1,2025-02-01 08:00:00,7366.0
543,27,1,2025-03-01 08:00:00,7852.6
544,27,1,2025-04-01 08:00:00,8406.5
545,27,1,2025-05-01 08:00:00,9030.2
546,27,1,2025-06-01 08:00:00,9620.8
547,27,1,2025-07-01 08:00:00,10216.4
548,27,1,2025-08-01 08:00:00,10864.6
549,27,1,2025-09-01 08:00:00,11378.3
550,27,1,2025-10-01 08:00:00,12040.6
551,27,1,2025-11-01 08:00:00,12604.6
552,27,1,2025-12-01 08:00:00,13206.9
553,29,1,2024-01-01 08:00:00,0.0
554,29,1,2024-02-01 08:00:00,344.9
555,29,1,2024-03-01 08:00:00,613.3
556,29,1,2024-04-01 08:00:00,979.4
557,29,1,2024-05-01 08:00:00,1302.9
558,29,1,2024-06-01 08:00:00,1637.3
559,29,1,2024-07-01 08:00:00,1919.4
560,29,1,2024-08-01 08:00:00,2289.5
561,29,1,2024-09-01 08:00:00,2665.9
562,29,1,2024-10-01 08:00:00,2930.2
563,29,1,2024-11-01 08:00:00,3241.8
564,29,1,2024-12-01 08:00:00,3600.6
565,29,1,2025-01-01 08:00:00,3850.1
566,29,1,2025-02-01 08:00:00,4129.1
567,29,1,2025-03-01 08:00:00,4470.5
568,29,1,2025-04-01 08:00:00,4777.7
569,29,1,2025-05-01 08:00:00,5143.0
570,29,1,2025-06-01 08:00:00,5434.4
571,29,1,2025-07-01 08:00:00,5737.9
572,29,1,2025-08-01 08:00:00,6040.5
573,29,1,2025-09-01 08:00:00,6343.6
574,29,1,2025-10-01 08:00:00,6703.9
575,29,1,2025-11-01 08:00:00,7042.7
576,29,1,2025-12-01 08:00:00,7407.2
577,30,1,2024-01-01 08:00:00,0.0
578,30,1,2024-02-01 08:00:00,385.7
579,30,1,2024-03-01 08:00:00,654.7
580,30,1,2024-04-01 08:00:00,990.2
581,30,1,2024-05-01 08:00:00,1287.8
582,30,1,2024-06-01 08:00:00,1593.1
583,30,1,2024-07-01 08:00:00,2003.0
584,30,1,2024-08-01 08:00:00,2431.7
585,30,1,2024-09-01 08:00:00,2699.3
586,30,1,2024-10-01 08:00:00,2978.6
587,30,1,2024-11-01 08:00:00,3291.1
588,30,1,2024-12-01 08:00:00,3687.5
589,30,1,2025-01-01 08:00:00,4056.8
590,30,1,2025-02-01 08:00:00,4418.3
591,30,1,2025-03-01 08:00:00,4749.9
592,30,1,2025-04-01 08:00:00,5177.0
593,30,1,2025-05-01 08:00:00,5479.1
594,30,1,2025-06-01 08:00:00,5765.2
595,30,1,2025-07-01 08:00:00,6122.1
596,30,1,2025-08-01 08:00:00,6552.3
597,30,1,2025-09-01 08:00:00,6938.5
598,30,1,2025-10-01 08:00:00,7342.2
599,30,1,2025-11-01 08:00:00,7760.1
600,30,1,2025-12-01 08:00:00,8052.8
601,31,1,2024-01-01 08:00:00,0.0
602,31,1,2024-02-01 08:00:00,387.7
603,31,1,2024-03-01 08:00:00,870.9
604,31,1,2024-04-01 08:00:00,1298.6
605,31,1,2024-05-01 08:00:00,1837.0
606,31,1,2024-06-01 08:00:00,2253.2
607,31,1,2024-07-01 08:00:00,2690.1
608,31,1,2024-08-01 08:00:00,3212.5
609,31,1,2024-09-01 08:00:00,3706.6
610,31,1,2024-10-01 08:00:00,4086.1
611,31,1,2024-11-01 08:00:00,4502.8
612,31,1,2024-12-01 08:00:00,5055.7
613,31,1,2025-01-01 08:00:00,5651.2
614,31,1,2025-02-01 08:00:00,6177.6
615,31,1,2025-03-01 08:00:00,6508.5
616,31,1,2025-04-01 08:00:00,7046.5
617,31,1,2025-05-01 08:00:00,7544.3
618,31,1,2025-06-01 08:00:00,8004.7
619,31,1,2025-07-01 08:00:00,8408.7
620,31,1,2025-08-01 08:00:00,8811.5
621,31,1,2025-09-01 08:00:00,9195.1
622,31,1,2025-10-01 08:00:00,9692.1
623,31,1,2025-11-01 08:00:00,10135.1
624,31,1,2025-12-01 08:00:00,10604.7
625,32,1,2024-01-01 08:00:00,0.0
626,32,1,2024-02-01 08:00:00,441.6
627,32,1,2024-03-01 08:00:00,840.2
628,32,1,2024-04-01 08:00:00,1191.5
629,32,1,2024-05-01 08:00:00,1506.1
630,32,1,2024-06-01 08:00:00,1943.9
631,32,1,2024-07-01 08:00:00,2337.2
632,32,1,2024-08-01 08:00:00,2740.9
633,32,1,2024-09-01 08:00:00,3148.7
634,32,1,2024-10-01 08:00:00,3480.5
635,32,1,2024-11-01 08:00:00,3836.8
636,32,1,2024-12-01 08:00:00,4277.5
637,32,1,2025-01-01 08:00:00,4702.5
638,32,1,2025-02-01 08:00:00,5147.2
639,32,1,2025-03-01 08:00:00,5459.8
640,32,1,2025-04-01 08:00:00,5946.5
641,32,1,2025-05-01 08:00:00,6329.7
642,32,1,2025-06-01 08:00:00,6775.1
643,32,1,2025-07-01 08:00:00,7176.9
644,32,1,2025-08-01 08:00:00,7592.5
645,32,1,2025-09-01 08:00:00,8071.9
646,32,1,2025-10-01 08:00:00,8403.0
647,32,1,2025-11-01 08:00:00,8737.9
648,32,1,2025-12-01 08:00:00,9067.1
649,33,1,2024-01-01 08:00:00,0.0
650,33,1,2024-02-01 08:00:00,652.7
651,33,1,2024-03-01 08:00:00,1194.9
652,33,1,2024-04-01 08:00:00,1669.6
653,33,1,2024-05-01 08:00:00,2334.9
654,33,1,2024-06-01 08:00:00,2839.8
655,33,1,2024-07-01 08:00:00,3351.7
656,33,1,2024-08-01 08:00:00,4045.0
657,33,1,2024-09-01 08:00:00,4569.5
658,33,1,2024-10-01 08:00:00,5241.6
659,33,1,2024-11-01 08:00:00,5919.0
660,33,1,2024-12-01 08:00:00,6589.0
661,33,1,2025-01-01 08:00:00,7234.1
662,33,1,2025-02-01 08:00:00,7786.0
663,33,1,2025-03-01 08:00:00,8363.2
664,33,1,2025-04-01 08:00:00,9053.2
665,33,1,2025-05-01 08:00:00,9698.5
666,33,1,2025-06-01 08:00:00,10398.0
667,33,1,2025-07-01 08:00:00,11108.9
668,33,1,2025-08-01 08:00:00,11758.6
669,33,1,2025-09-01 08:00:00,12477.2
670,33,1,2025-10-01 08:00:00,12988.8
671,33,1,2025-11-01 08:00:00,13720.5
672,33,1,2025-12-01 08:00:00,14411.0
673,35,1,2024-01-01 08:00:00,0.0
674,35,1,2024-02-01 08:00:00,244.9
675,35,1,2024-03-01 08:00:00,508.8
676,35,1,2024-04-01 08:00:00,708.9
677,35,1,2024-05-01 08:00:00,948.7
678,35,1,2024-06-01 08:00:00,1193.4
679,35,1,2024-07-01 08:00:00,1418.0
680,35,1,2024-08-01 08:00:00,1721.1
681,35,1,2024-09-01 08:00:00,1970.3
682,35,1,2024-10-01 08:00:00,2197.0
683,35,1,2024-11-01 08:00:00,2483.9
684,35,1,2024-12-01 08:00:00,2679.0
685,35,1,2025-01-01 08:00:00,2898.3
686,35,1,2025-02-01 08:00:00,3116.5
687,35,1,2025-03-01 08:00:00,3384.0
688,35,1,2025-04-01 08:00:00,3673.8
689,35,1,2025-05-01 08:00:00,3922.7
690,35,1,2025-06-01 08:00:00,4145.8
691,35,1,2025-07-01 08:00:00,4378.8
692,35,1,2025-08-01 08:00:00,4631.8
693,35,1,2025-09-01 08:00:00,4881.1
694,35,1,2025-10-01 08:00:00,5089.6
695,35,1,2025-11-01 08:00:00,5290.2
696,35,1,2025-12-01 08:00:00,5573.8
697,36,1,2024-01-01 08:00:00,0.0
698,36,1,2024-02-01 08:00:00,575.3
699,36,1,2024-03-01 08:00:00,991.2
700,36,1,2024-04-01 08:00:00,1508.5
701,36,1,2024-05-01 08:00:00,1887.4
702,36,1,2024-06-01 08:00:00,2449.8
703,36,1,2024-07-01 08:00:00,2807.4
704,36,1,2024-08-01 08:00:00,3375.1
705,36,1,2024-09-01 08:00:00,3891.0
706,36,1,2024-10-01 08:00:00,4281.0
707,36,1,2024-11-01 08:00:00,4673.5
708,36,1,2024-12-01 08:00:00,5196.8
709,36,1,2025-01-01 08:00:00,5557.5
710,36,1,2025-02-01 08:00:00,5934.9
711,36,1,2025-03-01 08:00:00,6389.9
712,36,1,2025-04-01 08:00:00,6758.9
713,36,1,2025-05-01 08:00:00,7217.6
714,36,1,2025-06-01 08:00:00,7698.9
715,36,1,2025-07-01 08:00:00,8043.1
716,36,1,2025-08-01 08:00:00,8480.0
717,36,1,2025-09-01 08:00:00,8838.0
718,36,1,2025-10-01 08:00:00,9389.8
719,36,1,2025-11-01 08:00:00,9790.0
720,36,1,2025-12-01 08:00:00,10281.2
721,37,1,2024-01-01 08:00:00,0.0
722,37,1,2024-02-01 08:00:00,438.5
723,37,1,2024-03-01 08:00:00,816.0
724,37,1,2024-04-01 08:00:00,1299.8
725,37,1,2024-05-01 08:00:00,1804.7
726,37,1,2024-06-01 08:00:00,2340.6
727,37,1,2024-07-01 08:00:00,2700.7
728,37,1,2024-08-01 08:00:00,3236.0
729,37,1,2024-09-01 08:00:00,3622.8
730,37,1,2024-10-01 08:00:00,4089.7
731,37,1,2024-11-01 08:00:00,4579.2
732,37,1,2024-12-01 08:00:00,4956.8
733,37,1,2025-01-01 08:00:00,5541.1
734,37,1,2025-02-01 08:00:00,6049.8
735,37,1,2025-03-01 08:00:00,6422.6
736,37,1,2025-04-01 08:00:00,6795.1
737,37,1,2025-05-01 08:00:00,7318.2
738,37,1,2025-06-01 08:00:00,7874.0
739,37,1,2025-07-01 08:00:00,8243.5
740,37,1,2025-08-01 08:00:00,8663.9
741,37,1,2025-09-01 08:00:00,9173.6
742,37,1,2025-10-01 08:00:00,9616.8
743,37,1,2025-11-01 08:00:00,10056.9
744,37,1,2025-12-01 08:00:00,10501.3
745,39,1,2024-01-01 08:00:00,0.0
746,39,1,2024-02-01 08:00:00,392.3
747,39,1,2024-03-01 08:00:00,699.2
748,39,1,2024-04-01 08:00:00,1014.3
749,39,1,2024-05-01 08:00:00,1508.6
750,39,1,2024-06-01 08:00:00,1833.6
751,39,1,2024-07-01 08:00:00,2146.0
752,39,1,2024-08-01 08:00:00,2639.5
753,39,1,2024-09-01 08:00:00,3150.5
754,39,1,2024-10-01 08:00:00,3619.3
755,39,1,2024-11-01 08:00:00,3961.4
756,39,1,2024-12-01 08:00:00,4390.1
757,39,1,2025-01-01 08:00:00,4844.7
758,39,1,2025-02-01 08:00:00,5314.4
759,39,1,2025-03-01 08:00:00,5618.6
760,39,1,2025-04-01 08:00:00,6011.4
761,39,1,2025-05-01 08:00:00,6369.1
762,39,1,2025-06-01 08:00:00,6815.2
763,39,1,2025-07-01 08:00:00,7186.1
764,39,1,2025-08-01 08:00:00,7602.8
765,39,1,2025-09-01 08:00:00,8043.2
766,39,1,2025-10-01 08:00:00,8516.1
767,39,1,2025-11-01 08:00:00,9015.9
768,39,1,2025-12-01 08:00:00,9455.2
769,40,1,2024-01-01 08:00:00,0.0
770,40,1,2024-02-01 08:00:00,245.6
771,40,1,2024-03-01 08:00:00,455.6
772,40,1,2024-04-01 08:00:00,733.6
773,40,1,2024-05-01 08:00:00,1036.1
774,40,1,2024-06-01 08:00:00,1274.0
775,40,1,2024-07-01 08:00:00,1524.4
776,40,1,2024-08-01 08:00:00,1752.6
777,40,1,2024-09-01 08:00:00,2055.9
778,40,1,2024-10-01 08:00:00,2361.6
779,40,1,2024-11-01 08:00:00,2651.1
780,40,1,2024-12-01 08:00:00,2921.2
781,40,1,2025-01-01 08:00:00,3256.5
782,40,1,2025-02-01 08:00:00,3532.0
783,40,1,2025-03-01 08:00:00,3783.7
784,40,1,2025-04-01 08:00:00,4081.3
785,40,1,2025-05-01 08:00:00,4386.4
786,40,1,2025-06-01 08:00:00,4711.9
787,40,1,2025-07-01 08:00:00,4927.4
788,40,1,2025-08-01 08:00:00,5263.2
789,40,1,2025-09-01 08:00:00,5543.2
790,40,1,2025-10-01 08:00:00,5875.6
791,40,1,2025-11-01 08:00:00,6167.4
792,40,1,2025-12-01 08:00:00,6441.7
793,41,1,2024-01-01 08:00:00,0.0
794,41,1,2024-02-01 08:00:00,300.1
795,41,1,2024-03-01 08:00:00,635.8
796,41,1,2024-04-01 08:00:00,993.6
797,41,1,2024-05-01 08:00:00,1283.1
798,41,1,2024-06-01 08:00:00,1638.1
799,41,1,2024-07-01 08:00:00,1979.7
800,41,1,2024-08-01 08:00:00,2346.5
801,41,1,2024-09-01 08:00:00,2627.4
802,41,1,2024-10-01 08:00:00,2878.0
803,41,1,2024-11-01 08:00:00,3244.1
804,41,1,2024-12-01 08:00:00,3547.5
805,41,1,2025-01-01 08:00:00,3843.8
806,41,1,2025-02-01 08:00:00,4131.9
807,41,1,2025-03-01 08:00:00,4348.9
808,41,1,2025-04-01 08:00:00,4606.7
809,41,1,2025-05-01 08:00:00,4868.6
810,41,1,2025-06-01 08:00:00,5177.2
811,41,1,2025-07-01 08:00:00,5471.0
812,41,1,2025-08-01 08:00:00,5778.4
813,41,1,2025-09-01 08:00:00,6017.4
814,41,1,2025-10-01 08:00:00,6239.3
815,41,1,2025-11-01 08:00:00,6535.1
816,41,1,2025-12-01 08:00:00,6783.0
817,42,1,2024-01-01 08:00:00,0.0
818,42,1,2024-02-01 08:00:00,516.6
819,42,1,2024-03-01 08:00:00,1048.5
820,42,1,2024-04-01 08:00:00,1640.0
821,42,1,2024-05-01 08:00:00,2069.2
822,42,1,2024-06-01 08:00:00,2691.2
823,42,1,2024-07-01 08:00:00,3135.0
824,42,1,2024-08-01 08:00:00,3661.0
825,42,1,2024-09-01 08:00:00,4178.9
826,42,1,2024-10-01 08:00:00,4735.8
827,42,1,2024-11-01 08:00:00,5343.7
828,42,1,2024-12-01 08:00:00,5961.3
829,42,1,2025-01-01 08:00:00,6525.3
830,42,1,2025-02-01 08:00:00,6988.7
831,42,1,2025-03-01 08:00:00,7539.4
832,42,1,2025-04-01 08:00:00,8090.4
833,42,1,2025-05-01 08:00:00,8652.4
834,42,1,2025-06-01 08:00:00,9193.9
835,42,1,2025-07-01 08:00:00,9710.6
836,42,1,2025-08-01 08:00:00,10321.9
837,42,1,2025-09-01 08:00:00,10885.1
838,42,1,2025-10-01 08:00:00,11520.2
839,42,1,2025-11-01 08:00:00,12142.8
840,42,1,2025-12-01 08:00:00,12675.3
841,44,1,2024-01-01 08:00:00,0.0
842,44,1,2024-02-01 08:00:00,263.9
843,44,1,2024-03-01 08:00:00,521.4
844,44,1,2024-04-01 08:00:00,772.2
845,44,1,2024-05-01 08:00:00,1094.8
846,44,1,2024-06-01 08:00:00,1376.7
847,44,1,2024-07-01 08:00:00,1606.7
848,44,1,2024-08-01 08:00:00,1905.3
849,44,1,2024-09-01 08:00:00,2255.9
850,44,1,2024-10-01 08:00:00,2530.7
851,44,1,2024-11-01 08:00:00,2899.0
852,44,1,2024-12-01 08:00:00,3248.3
853,44,1,2025-01-01 08:00:00,3614.7
854,44,1,2025-02-01 08:00:00,3947.8
855,44,1,2025-03-01 08:00:00,4267.5
856,44,1,2025-04-01 08:00:00,4558.9
857,44,1,2025-05-01 08:00:00,4885.0
858,44,1,2025-06-01 08:00:00,5151.7
859,44,1,2025-07-01 08:00:00,5407.0
860,44,1,2025-08-01 08:00:00,5781.5
861,44,1,2025-09-01 08:00:00,6096.8
862,44,1,2025-10-01 08:00:00,6332.8
863,44,1,2025-11-01 08:00:00,6595.4
864,44,1,2025-12-01 08:00:00,6887.9
865,45,1,2024-01-01 08:00:00,0.0
866,45,1,2024-02-01 08:00:00,438.4
867,45,1,2024-03-01 08:00:00,835.8
868,45,1,2024-04-01 08:00:00,1276.3
869,45,1,2024-05-01 08:00:00,1842.3
870,45,1,2024-06-01 08:00:00,2390.8
871,45,1,2024-07-01 08:00:00,2973.8
872,45,1,2024-08-01 08:00:00,3538.2
873,45,1,2024-09-01 08:00:00,3971.9
874,45,1,2024-10-01 08:00:00,4432.7
875,45,1,2024-11-01 08:00:00,4928.4
876,45,1,2024-12-01 08:00:00,5503.6
877,45,1,2025-01-01 08:00:00,6068.9
878,45,1,2025-02-01 08:00:00,6726.2
879,45,1,2025-03-01 08:00:00,7129.7
880,45,1,2025-04-01 08:00:00,7784.8
881,45,1,2025-05-01 08:00:00,8236.1
882,45,1,2025-06-01 08:00:00,8734.9
883,45,1,2025-07-01 08:00:00,9139.1
884,45,1,2025-08-01 08:00:00,9625.5
885,45,1,2025-09-01 08:00:00,10086.5
886,45,1,2025-10-01 08:00:00,10537.1
887,45,1,2025-11-01 08:00:00,11095.9
888,45,1,2025-12-01 08:00:00,11689.8
889,46,1,2024-01-01 08:00:00,0.0
890,46,1,2024-02-01 08:00:00,559.4
891,46,1,2024-03-01 08:00:00,1138.8
892,46,1,2024-04-01 08:00:00,1523.9
893,46,1,2024-05-01 08:00:00,2126.0
894,46,1,2024-06-01 08:00:00,2606.8
895,46,1,2024-07-01 08:00:00,3088.1
896,46,1,2024-08-01 08:00:00,3609.9
897,46,1,2024-09-01 08:00:00,3992.5
898,46,1,2024-10-01 08:00:00,4403.7
899,46,1,2024-11-01 08:00:00,4893.3
900,46,1,2024-12-01 08:00:00,5443.8
901,46,1,2025-01-01 08:00:00,6037.1
902,46,1,2025-02-01 08:00:00,6453.8
903,46,1,2025-03-01 08:00:00,6855.6
904,46,1,2025-04-01 08:00:00,7384.7
905,46,1,2025-05-01 08:00:00,7838.4
906,46,1,2025-06-01 08:00:00,8291.8
907,46,1,2025-07-01 08:00:00,8750.8
908,46,1,2025-08-01 08:00:00,9302.9
909,46,1,2025-09-01 08:00:00,9732.0
910,46,1,2025-10-01 08:00:00,10114.9
911,46,1,2025-11-01 08:00:00,10496.3
912,46,1,2025-12-01 08:00:00,10989.2
913,47,1,2024-01-01 08:00:00,0.0
914,47,1,2024-02-01 08:00:00,380.7
915,47,1,2024-03-01 08:00:00,651.0
916,47,1,2024-04-01 08:00:00,922.7
917,47,1,2024-05-01 08:00:00,1158.1
918,47,1,2024-06-01 08:00:00,1554.5
919,47,1,2024-07-01 08:00:00,1867.9
920,47,1,2024-08-01 08:00:00,2236.2
921,47,1,2024-09-01 08:00:00,2613.4
922,47,1,2024-10-01 08:00:00,2999.0
923,47,1,2024-11-01 08:00:00,3376.4
924,47,1,2024-12-01 08:00:00,3656.1
925,47,1,2025-01-01 08:00:00,3987.3
926,47,1,2025-02-01 08:00:00,4380.8
927,47,1,2025-03-01 08:00:00,4689.7
928,47,1,2025-04-01 08:00:00,5052.9
929,47,1,2025-05-01 08:00:00,5425.2
930,47,1,2025-06-01 08:00:00,5764.1
931,47,1,2025-07-01 08:00:00,6104.0
932,47,1,2025-08-01 08:00:00,6439.0
933,47,1,2025-09-01 08:00:00,6734.9
934,47,1,2025-10-01 08:00:00,7007.7
935,47,1,2025-11-01 08:00:00,7349.8
936,47,1,2025-12-01 08:00:00,7733.3
937,48,1,2024-01-01 08:00:00,0.0
938,48,1,2024-02-01 08:00:00,660.0
939,48,1,2024-03-01 08:00:00,1065.9
940,48,1,2024-04-01 08:00:00,1656.1
941,48,1,2024-05-01 08:00:00,2318.2
942,48,1,2024-06-01 08:00:00,3010.2
943,48,1,2024-07-01 08:00:00,3585.1
944,48,1,2024-08-01 08:00:00,4186.7
945,48,1,2024-09-01 08:00:00,4722.1
946,48,1,2024-10-01 08:00:00,5329.1
947,48,1,2024-11-01 08:00:00,5824.7
948,48,1,2024-12-01 08:00:00,6248.0
949,48,1,2025-01-01 08:00:00,6905.9
950,48,1,2025-02-01 08:00:00,7350.6
951,48,1,2025-03-01 08:00:00,7902.5
952,48,1,2025-04-01 08:00:00,8450.8
953,48,1,2025-05-01 08:00:00,8876.6
954,48,1,2025-06-01 08:00:00,9348.6
955,48,1,2025-07-01 08:00:00,9789.7
956,48,1,2025-08-01 08:00:00,10276.8
957,48,1,2025-09-01 08:00:00,10879.6
958,48,1,2025-10-01 08:00:00,11445.9
959,48,1,2025-11-01 08:00:00,11993.1
960,48,1,2025-12-01 08:00:00,12631.8
961,49,1,2024-01-01 08:00:00,0.0
962,49,1,2024-02-01 08:00:00,530.1
963,49,1,2024-03-01 08:00:00,1048.5
964,49,1,2024-04-01 08:00:00,1487.0
965,49,1,2024-05-01 08:00:00,1919.3
966,49,1,2024-06-01 08:00:00,2375.4
967,49,1,2024-07-01 08:00:00,2922.3
968,49,1,2024-08-01 08:00:00,3411.5
969,49,1,2024-09-01 08:00:00,4030.3
970,49,1,2024-10-01 08:00:00,4410.3
971,49,1,2024-11-01 08:00:00,4887.4
972,49,1,2024-12-01 08:00:00,5294.7
973,49,1,2025-01-01 08:00:00,5878.3
974,49,1,2025-02-01 08:00:00,6379.1
975,49,1,2025-03-01 08:00:00,6862.7
976,49,1,2025-04-01 08:00:00,7392.6
977,49,1,2025-05-01 08:00:00,7781.8
978,49,1,2025-06-01 08:00:00,8357.4
979,49,1,2025-07-01 08:00:00,8923.6
980,49,1,2025-08-01 08:00:00,9455.9
981,49,1,2025-09-01 08:00:00,9907.8
982,49,1,2025-10-01 08:00:00,10450.6
983,49,1,2025-11-01 08:00:00,11005.8
984,49,1,2025-12-01 08:00:00,11593.5
985,51,1,2024-01-01 08:00:00,0.0
986,51,1,2024-02-01 08:00:00,323.8
987,51,1,2024-03-01 08:00:00,553.6
988,51,1,2024-04-01 08:00:00,854.7
989,51,1,2024-05-01 08:00:00,1088.0
990,51,1,2024-06-01 08:00:00,1325.4
991,51,1,2024-07-01 08:00:00,1607.2
992,51,1,2024-08-01 08:00:00,1820.1
993,51,1,2024-09-01 08:00:00,2039.0
994,51,1,2024-10-01 08:00:00,2323.2
995,51,1,2024-11-01 08:00:00,2655.6
996,51,1,2024-12-01 08:00:00,2859.5
997,51,1,2025-01-01 08:00:00,3068.7
998,51,1,2025-02-01 08:00:00,3284.8
999,51,1,2025-03-01 08:00:00,3471.3
1000,51,1,2025-04-01 08:00:00,3800.5
1001,51,1,2025-05-01 08:00:00,4060.9
1002,51,1,2025-06-01 08:00:00,4358.8
1003,51,1,2025-07-01 08:00:00,4611.8
1004,51,1,2025-08-01 08:00:00,4950.1
1005,51,1,2025-09-01 08:00:00,5219.9
1006,51,1,2025-10-01 08:00:00,5540.0
1007,51,1,2025-11-01 08:00:00,5832.3
1008,51,1,2025-12-01 08:00:00,6153.4
1009,52,1,2024-01-01 08:00:00,0.0
1010,52,1,2024-02-01 08:00:00,377.9
1011,52,1,2024-03-01 08:00:00,792.7
1012,52,1,2024-04-01 08:00:00,1227.3
1013,52,1,2024-05-01 08:00:00,1622.6
1014,52,1,2024-06-01 08:00:00,2034.0
1015,52,1,2024-07-01 08:00:00,2368.0
1016,52,1,2024-08-01 08:00:00,2860.4
1017,52,1,2024-09-01 08:00:00,3262.4
1018,52,1,2024-10-01 08:00:00,3592.8
1019,52,1,2024-11-01 08:00:00,4044.8
1020,52,1,2024-12-01 08:00:00,4486.6
1021,52,1,2025-01-01 08:00:00,4806.8
1022,52,1,2025-02-01 08:00:00,5184.5
1023,52,1,2025-03-01 08:00:00,5571.1
1024,52,1,2025-04-01 08:00:00,6046.5
1025,52,1,2025-05-01 08:00:00,6407.7
1026,52,1,2025-06-01 08:00:00,6778.8
1027,52,1,2025-07-01 08:00:00,7222.5
1028,52,1,2025-08-01 08:00:00,7577.4
1029,52,1,2025-09-01 08:00:00,8067.8
1030,52,1,2025-10-01 08:00:00,8521.9
1031,52,1,2025-11-01 08:00:00,9011.6
1032,52,1,2025-12-01 08:00:00,9381.2
1033,53,1,2024-01-01 08:00:00,0.0
1034,53,1,2024-02-01 08:00:00,246.5
1035,53,1,2024-03-01 08:00:00,487.1
1036,53,1,2024-04-01 08:00:00,763.3
1037,53,1,2024-05-01 08:00:00,1039.0
1038,53,1,2024-06-01 08:00:00,1304.2
1039,53,1,2024-07-01 08:00:00,1555.7
1040,53,1,2024-08-01 08:00:00,1810.1
1041,53,1,2024-09-01 08:00:00,2127.2
1042,53,1,2024-10-01 08:00:00,2381.5
1043,53,1,2024-11-01 08:00:00,2699.2
1044,53,1,2024-12-01 08:00:00,3013.3
1045,53,1,2025-01-01 08:00:00,3333.8
1046,53,1,2025-02-01 08:00:00,3682.5
1047,53,1,2025-03-01 08:00:00,4002.6
1048,53,1,2025-04-01 08:00:00,4243.0
1049,53,1,2025-05-01 08:00:00,4499.3
1050,53,1,2025-06-01 08:00:00,4830.2
1051,53,1,2025-07-01 08:00:00,5149.6
1052,53,1,2025-08-01 08:00:00,5379.2
1053,53,1,2025-09-01 08:00:00,5734.7
1054,53,1,2025-10-01 08:00:00,6064.2
1055,53,1,2025-11-01 08:00:00,6410.8
1056,53,1,2025-12-01 08:00:00,6651.3
1057,54,1,2024-01-01 08:00:00,0.0
1058,54,1,2024-02-01 08:00:00,385.2
1059,54,1,2024-03-01 08:00:00,720.5
1060,54,1,2024-04-01 08:00:00,1061.3
1061,54,1,2024-05-01 08:00:00,1533.3
1062,54,1,2024-06-01 08:00:00,1952.7
1063,54,1,2024-07-01 08:00:00,2372.2
1064,54,1,2024-08-01 08:00:00,2737.6
1065,54,1,2024-09-01 08:00:00,3238.3
1066,54,1,2024-10-01 08:00:00,3723.1
1067,54,1,2024-11-01 08:00:00,4170.8
1068,54,1,2024-12-01 08:00:00,4535.8
1069,54,1,2025-01-01 08:00:00,4895.4
1070,54,1,2025-02-01 08:00:00,5327.8
1071,54,1,2025-03-01 08:00:00,5761.5
1072,54,1,2025-04-01 08:00:00,6268.7
1073,54,1,2025-05-01 08:00:00,6584.6
1074,54,1,2025-06-01 08:00:00,6964.5
1075,54,1,2025-07-01 08:00:00,7343.2
1076,54,1,2025-08-01 08:00:00,7730.2
1077,54,1,2025-09-01 08:00:00,8177.2
1078,54,1,2025-10-01 08:00:00,8586.3
1079,54,1,2025-11-01 08:00:00,9078.2
1080,54,1,2025-12-01 08:00:00,9424.2
1081,55,1,2024-01-01 08:00:00,0.0
1082,55,1,2024-02-01 08:00:00,433.9
1083,55,1,2024-03-01 08:00:00,840.9
1084,55,1,2024-04-01 08:00:00,1282.6
1085,55,1,2024-05-01 08:00:00,1649.9
1086,55,1,2024-06-01 08:00:00,1978.6
1087,55,1,2024-07-01 08:00:00,2382.5
1088,55,1,2024-08-01 08:00:00,2841.6
1089,55,1,2024-09-01 08:00:00,3178.3
1090,55,1,2024-10-01 08:00:00,3488.8
1091,55,1,2024-11-01 08:00:00,3777.4
1092,55,1,2024-12-01 08:00:00,4170.7
1093,55,1,2025-01-01 08:00:00,4554.9
1094,55,1,2025-02-01 08:00:00,4864.1
1095,55,1,2025-03-01 08:00:00,5154.0
1096,55,1,2025-04-01 08:00:00,5559.6
1097,55,1,2025-05-01 08:00:00,5912.2
1098,55,1,2025-06-01 08:00:00,6239.3
1099,55,1,2025-07-01 08:00:00,6621.9
1100,55,1,2025-08-01 08:00:00,6916.1
1101,55,1,2025-09-01 08:00:00,7203.5
1102,55,1,2025-10-01 08:00:00,7525.1
1103,55,1,2025-11-01 08:00:00,7862.5
1104,55,1,2025-12-01 08:00:00,8156.3
1105,56,1,2024-01-01 08:00:00,0.0
1106,56,1,2024-02-01 08:00:00,301.2
1107,56,1,2024-03-01 08:00:00,593.1
1108,56,1,2024-04-01 08:00:00,822.6
1109,56,1,2024-05-01 08:00:00,1105.5
1110,56,1,2024-06-01 08:00:00,1341.8
1111,56,1,2024-07-01 08:00:00,1653.2
1112,56,1,2024-08-01 08:00:00,1894.3
1113,56,1,2024-09-01 08:00:00,2116.9
1114,56,1,2024-10-01 08:00:00,2371.9
1115,56,1,2024-11-01 08:00:00,2597.8
1116,56,1,2024-12-01 08:00:00,2822.0
1117,56,1,2025-01-01 08:00:00,3072.3
1118,56,1,2025-02-01 08:00:00,3365.1
1119,56,1,2025-03-01 08:00:00,3564.7
1120,56,1,2025-04-01 08:00:00,3807.7
1121,56,1,2025-05-01 08:00:00,4116.3
1122,56,1,2025-06-01 08:00:00,4358.0
1123,56,1,2025-07-01 08:00:00,4578.4
1124,56,1,2025-08-01 08:00:00,4854.4
1125,56,1,2025-09-01 08:00:00,5064.3
1126,56,1,2025-10-01 08:00:00,5366.0
1127,56,1,2025-11-01 08:00:00,5600.9
1128,56,1,2025-12-01 08:00:00,5816.8
1129,57,1,2024-01-01 08:00:00,0.0
1130,57,1,2024-02-01 08:00:00,586.1
1131,57,1,2024-03-01 08:00:00,1014.7
1132,57,1,2024-04-01 08:00:00,1547.6
1133,57,1,2024-05-01 08:00:00,2172.9
1134,57,1,2024-06-01 08:00:00,2693.2
1135,57,1,2024-07-01 08:00:00,3313.7
1136,57,1,2024-08-01 08:00:00,3884.8
1137,57,1,2024-09-01 08:00:00,4499.2
1138,57,1,2024-10-01 08:00:00,4932.1
1139,57,1,2024-11-01 08:00:00,5567.3
1140,57,1,2024-12-01 08:00:00,6163.9
1141,57,1,2025-01-01 08:00:00,6762.9
1142,57,1,2025-02-01 08:00:00,7401.8
1143,57,1,2025-03-01 08:00:00,7943.7
1144,57,1,2025-04-01 08:00:00,8489.4
1145,57,1,2025-05-01 08:00:00,9035.3
1146,57,1,2025-06-01 08:00:00,9643.5
1147,57,1,2025-07-01 08:00:00,10214.3
1148,57,1,2025-08-01 08:00:00,10763.8
1149,57,1,2025-09-01 08:00:00,11314.9
1150,57,1,2025-10-01 08:00:00,11918.2
1151,57,1,2025-11-01 08:00:00,12318.8
1152,57,1,2025-12-01 08:00:00,12881.9
1153,59,1,2024-01-01 08:00:00,0.0
1154,59,1,2024-02-01 08:00:00,374.4
1155,59,1,2024-03-01 08:00:00,788.3
1156,59,1,2024-04-01 08:00:00,1146.1
1157,59,1,2024-05-01 08:00:00,1601.8
1158,59,1,2024-06-01 08:00:00,2094.9
1159,59,1,2024-07-01 08:00:00,2543.3
1160,59,1,2024-08-01 08:00:00,2991.9
1161,59,1,2024-09-01 08:00:00,3395.7
1162,59,1,2024-10-01 08:00:00,3847.3
1163,59,1,2024-11-01 08:00:00,4369.3
1164,59,1,2024-12-01 08:00:00,4837.8
1165,59,1,2025-01-01 08:00:00,5173.4
1166,59,1,2025-02-01 08:00:00,5612.2
1167,59,1,2025-03-01 08:00:00,6052.4
1168,59,1,2025-04-01 08:00:00,6490.3
1169,59,1,2025-05-01 08:00:00,6932.0
1170,59,1,2025-06-01 08:00:00,7456.5
1171,59,1,2025-07-01 08:00:00,7956.4
1172,59,1,2025-08-01 08:00:00,8304.4
1173,59,1,2025-09-01 08:00:00,8743.7
1174,59,1,2025-10-01 08:00:00,9191.7
1175,59,1,2025-11-01 08:00:00,9703.6
1176,59,1,2025-12-01 08:00:00,10078.3
1177,60,1,2024-01-01 08:00:00,0.0
1178,60,1,2024-02-01 08:00:00,276.3
1179,60,1,2024-03-01 08:00:00,508.0
1180,60,1,2024-04-01 08:00:00,849.2
1181,60,1,2024-05-01 08:00:00,1096.8
1182,60,1,2024-06-01 08:00:00,1316.8
1183,60,1,2024-07-01 08:00:00,1530.1
1184,60,1,2024-08-01 08:00:00,1770.0
1185,60,1,2024-09-01 08:00:00,1998.4
1186,60,1,2024-10-01 08:00:00,2256.2
1187,60,1,2024-11-01 08:00:00,2479.6
1188,60,1,2024-12-01 08:00:00,2759.4
1189,60,1,2025-01-01 08:00:00,3027.6
1190,60,1,2025-02-01 08:00:00,3321.7
1191,60,1,2025-03-01 08:00:00,3635.6
1192,60,1,2025-04-01 08:00:00,3983.5
1193,60,1,2025-05-01 08:00:00,4244.2
1194,60,1,2025-06-01 08:00:00,4506.8
1195,60,1,2025-07-01 08:00:00,4802.5
1196,60,1,2025-08-01 08:00:00,5065.1
1197,60,1,2025-09-01 08:00:00,5383.9
1198,60,1,2025-10-01 08:00:00,5669.0
1199,60,1,2025-11-01 08:00:00,5908.7
1200,60,1,2025-12-01 08:00:00,6169.1
1201,61,1,2024-01-01 08:00:00,0.0
1202,61,1,2024-02-01 08:00:00,602.2
1203,61,1,2024-03-01 08:00:00,1165.5
1204,61,1,2024-04-01 08:00:00,1707.2
1205,61,1,2024-05-01 08:00:00,2183.3
1206,61,1,2024-06-01 08:00:00,2755.3
1207,61,1,2024-07-01 08:00:00,3184.6
1208,61,1,2024-08-01 08:00:00,3756.9
1209,61,1,2024-09-01 08:00:00,4197.7
1210,61,1,2024-10-01 08:00:00,4829.8
1211,61,1,2024-11-01 08:00:00,5441.0
1212,61,1,2024-12-01 08:00:00,5887.8
1213,61,1,2025-01-01 08:00:00,6509.8
1214,61,1,2025-02-01 08:00:00,7116.3
1215,61,1,2025-03-01 08:00:00,7664.6
1216,61,1,2025-04-01 08:00:00,8167.3
1217,61,1,2025-05-01 08:00:00,8701.9
1218,61,1,2025-06-01 08:00:00,9271.1
1219,61,1,2025-07-01 08:00:00,9768.2
1220,61,1,2025-08-01 08:00:00,10330.6
1221,61,1,2025-09-01 08:00:00,10809.0
1222,61,1,2025-10-01 08:00:00,11434.2
1223,61,1,2025-11-01 08:00:00,12103.0
1224,61,1,2025-12-01 08:00:00,12587.2
1225,63,1,2024-01-01 08:00:00,0.0
1226,63,1,2024-02-01 08:00:00,418.1
1227,63,1,2024-03-01 08:00:00,695.9
1228,63,1,2024-04-01 08:00:00,1102.5
1229,63,1,2024-05-01 08:00:00,1501.7
1230,63,1,2024-06-01 08:00:00,1825.1
1231,63,1,2024-07-01 08:00:00,2214.9
1232,63,1,2024-08-01 08:00:00,2561.9
1233,63,1,2024-09-01 08:00:00,2890.8
1234,63,1,2024-10-01 08:00:00,3300.2
1235,63,1,2024-11-01 08:00:00,3647.2
1236,63,1,2024-12-01 08:00:00,3916.5
1237,63,1,2025-01-01 08:00:00,4294.8
1238,63,1,2025-02-01 08:00:00,4677.2
1239,63,1,2025-03-01 08:00:00,5018.9
1240,63,1,2025-04-01 08:00:00,5349.8
1241,63,1,2025-05-01 08:00:00,5723.3
1242,63,1,2025-06-01 08:00:00,6042.3
1243,63,1,2025-07-01 08:00:00,6380.0
1244,63,1,2025-08-01 08:00:00,6686.1
1245,63,1,2025-09-01 08:00:00,7060.7
1246,63,1,2025-10-01 08:00:00,7456.3
1247,63,1,2025-11-01 08:00:00,7741.8
1248,63,1,2025-12-01 08:00:00,8006.4
1249,64,1,2024-01-01 08:00:00,0.0
1250,64,1,2024-02-01 08:00:00,465.2
1251,64,1,2024-03-01 08:00:00,956.1
1252,64,1,2024-04-01 08:00:00,1461.6
1253,64,1,2024-05-01 08:00:00,1863.3
1254,64,1,2024-06-01 08:00:00,2436.5
1255,64,1,2024-07-01 08:00:00,2851.3
1256,64,1,2024-08-01 08:00:00,3440.8
1257,64,1,2024-09-01 08:00:00,4015.0
1258,64,1,2024-10-01 08:00:00,4427.6
1259,64,1,2024-11-01 08:00:00,5000.3
1260,64,1,2024-12-01 08:00:00,5531.2
1261,64,1,2025-01-01 08:00:00,6159.2
1262,64,1,2025-02-01 08:00:00,6720.4
1263,64,1,2025-03-01 08:00:00,7155.4
1264,64,1,2025-04-01 08:00:00,7693.9
1265,64,1,2025-05-01 08:00:00,8225.0
1266,64,1,2025-06-01 08:00:00,8794.6
1267,64,1,2025-07-01 08:00:00,9279.4
1268,64,1,2025-08-01 08:00:00,9869.3
1269,64,1,2025-09-01 08:00:00,10325.3
1270,64,1,2025-10-01 08:00:00,10928.7
1271,64,1,2025-11-01 08:00:00,11390.5
1272,64,1,2025-12-01 08:00:00,11772.1
1273,65,1,2024-01-01 08:00:00,0.0
1274,65,1,2024-02-01 08:00:00,345.6
1275,65,1,2024-03-01 08:00:00,620.6
1276,65,1,2024-04-01 08:00:00,983.1
1277,65,1,2024-05-01 08:00:00,1240.1
1278,65,1,2024-06-01 08:00:00,1503.7
1279,65,1,2024-07-01 08:00:00,1743.9
1280,65,1,2024-08-01 08:00:00,2038.2
1281,65,1,2024-09-01 08:00:00,2343.2
1282,65,1,2024-10-01 08:00:00,2585.7
1283,65,1,2024-11-01 08:00:00,2831.7
1284,65,1,2024-12-01 08:00:00,3109.2
1285,65,1,2025-01-01 08:00:00,3372.7
1286,65,1,2025-02-01 08:00:00,3686.5
1287,65,1,2025-03-01 08:00:00,3963.3
1288,65,1,2025-04-01 08:00:00,4216.4
1289,65,1,2025-05-01 08:00:00,4440.1
1290,65,1,2025-06-01 08:00:00,4764.3
1291,65,1,2025-07-01 08:00:00,5096.3
1292,65,1,2025-08-01 08:00:00,5397.4
1293,65,1,2025-09-01 08:00:00,5711.4
1294,65,1,2025-10-01 08:00:00,6070.3
1295,65,1,2025-11-01 08:00:00,6412.6
1296,65,1,2025-12-01 08:00:00,6682.0
1297,66,1,2024-01-01 08:00:00,0.0
1298,66,1,2024-02-01 08:00:00,547.3
1299,66,1,2024-03-01 08:00:00,1101.1
1300,66,1,2024-04-01 08:00:00,1624.0
1301,66,1,2024-05-01 08:00:00,2245.1
1302,66,1,2024-06-01 08:00:00,2699.0
1303,66,1,2024-07-01 08:00:00,3203.1
1304,66,1,2024-08-01 08:00:00,3630.0
1305,66,1,2024-09-01 08:00:00,4225.6
1306,66,1,2024-10-01 08:00:00,4691.0
1307,66,1,2024-11-01 08:00:00,5212.9
1308,66,1,2024-12-01 08:00:00,5835.4
1309,66,1,2025-01-01 08:00:00,6294.3
1310,66,1,2025-02-01 08:00:00,6704.6
1311,66,1,2025-03-01 08:00:00,7212.3
1312,66,1,2025-04-01 08:00:00,7737.4
1313,66,1,2025-05-01 08:00:00,8147.9
1314,66,1,2025-06-01 08:00:00,8635.8
1315,66,1,2025-07-01 08:00:00,9093.3
1316,66,1,2025-08-01 08:00:00,9571.7
1317,66,1,2025-09-01 08:00:00,10189.5
1318,66,1,2025-10-01 08:00:00,10663.8
1319,66,1,2025-11-01 08:00:00,11202.5
1320,66,1,2025-12-01 08:00:00,11666.8
1321,68,1,2024-01-01 08:00:00,0.0
1322,68,1,2024-02-01 08:00:00,556.7
1323,68,1,2024-03-01 08:00:00,1157.4
1324,68,1,2024-04-01 08:00:00,1683.6
1325,68,1,2024-05-01 08:00:00,2129.5
1326,68,1,2024-06-01 08:00:00,2688.2
1327,68,1,2024-07-01 08:00:00,3265.5
1328,68,1,2024-08-01 08:00:00,3801.4
1329,68,1,2024-09-01 08:00:00,4351.9
1330,68,1,2024-10-01 08:00:00,4970.0
1331,68,1,2024-11-01 08:00:00,5659.5
1332,68,1,2024-12-01 08:00:00,6326.4
1333,68,1,2025-01-01 08:00:00,6926.0
1334,68,1,2025-02-01 08:00:00,7540.7
1335,68,1,2025-03-01 08:00:00,8071.4
1336,68,1,2025-04-01 08:00:00,8613.4
1337,68,1,2025-05-01 08:00:00,9237.9
1338,68,1,2025-06-01 08:00:00,9706.8
1339,68,1,2025-07-01 08:00:00,10373.7
1340,68,1,2025-08-01 08:00:00,10891.2
1341,68,1,2025-09-01 08:00:00,11390.4
1342,68,1,2025-10-01 08:00:00,11888.5
1343,68,1,2025-11-01 08:00:00,12554.4
1344,68,1,2025-12-01 08:00:00,13051.2
1345,69,1,2024-01-01 08:00:00,0.0
1346,69,1,2024-02-01 08:00:00,487.6
1347,69,1,2024-03-01 08:00:00,930.4
1348,69,1,2024-04-01 08:00:00,1493.2
1349,69,1,2024-05-01 08:00:00,1891.4
1350,69,1,2024-06-01 08:00:00,2311.4
1351,69,1,2024-07-01 08:00:00,2685.7
1352,69,1,2024-08-01 08:00:00,3130.9
1353,69,1,2024-09-01 08:00:00,3658.3
1354,69,1,2024-10-01 08:00:00,4035.2
1355,69,1,2024-11-01 08:00:00,4590.0
1356,69,1,2024-12-01 08:00:00,4924.7
1357,69,1,2025-01-01 08:00:00,5445.1
1358,69,1,2025-02-01 08:00:00,5940.4
1359,69,1,2025-03-01 08:00:00,6430.4
1360,69,1,2025-04-01 08:00:00,6888.3
1361,69,1,2025-05-01 08:00:00,7365.5
1362,69,1,2025-06-01 08:00:00,7719.3
1363,69,1,2025-07-01 08:00:00,8135.2
1364,69,1,2025-08-01 08:00:00,8648.0
1365,69,1,2025-09-01 08:00:00,9015.0
1366,69,1,2025-10-01 08:00:00,9513.7
1367,69,1,2025-11-01 08:00:00,9924.6
1368,69,1,2025-12-01 08:00:00,10331.7
1369,70,1,2024-01-01 08:00:00,0.0
1370,70,1,2024-02-01 08:00:00,495.3
1371,70,1,2024-03-01 08:00:00,1020.1
1372,70,1,2024-04-01 08:00:00,1394.9
1373,70,1,2024-05-01 08:00:00,1792.5
1374,70,1,2024-06-01 08:00:00,2149.0
1375,70,1,2024-07-01 08:00:00,2604.9
1376,70,1,2024-08-01 08:00:00,3124.4
1377,70,1,2024-09-01 08:00:00,3688.3
1378,70,1,2024-10-01 08:00:00,4111.2
1379,70,1,2024-11-01 08:00:00,4498.4
1380,70,1,2024-12-01 08:00:00,4846.9
1381,70,1,2025-01-01 08:00:00,5274.1
1382,70,1,2025-02-01 08:00:00,5743.9
1383,70,1,2025-03-01 08:00:00,6248.0
1384,70,1,2025-04-01 08:00:00,6650.5
1385,70,1,2025-05-01 08:00:00,7164.3
1386,70,1,2025-06-01 08:00:00,7627.0
1387,70,1,2025-07-01 08:00:00,8159.8
1388,70,1,2025-08-01 08:00:00,8709.3
1389,70,1,2025-09-01 08:00:00,9257.6
1390,70,1,2025-10-01 08:00:00,9687.8
1391,70,1,2025-11-01 08:00:00,10119.9
1392,70,1,2025-12-01 08:00:00,10507.5
1393,71,1,2024-01-01 08:00:00,0.0
1394,71,1,2024-02-01 08:00:00,383.6
1395,71,1,2024-03-01 08:00:00,691.8
1396,71,1,2024-04-01 08:00:00,991.7
1397,71,1,2024-05-01 08:00:00,1256.8
1398,71,1,2024-06-01 08:00:00,1593.2
1399,71,1,2024-07-01 08:00:00,1853.7
1400,71,1,2024-08-01 08:00:00,2105.0
1401,71,1,2024-09-01 08:00:00,2356.3
1402,71,1,2024-10-01 08:00:00,2711.1
1403,71,1,2024-11-01 08:00:00,3006.4
1404,71,1,2024-12-01 08:00:00,3374.5
1405,71,1,2025-01-01 08:00:00,3687.2
1406,71,1,2025-02-01 08:00:00,4029.7
1407,71,1,2025-03-01 08:00:00,4357.6
1408,71,1,2025-04-01 08:00:00,4727.9
1409,71,1,2025-05-01 08:00:00,4981.3
1410,71,1,2025-06-01 08:00:00,5251.4
1411,71,1,2025-07-01 08:00:00,5502.9
1412,71,1,2025-08-01 08:00:00,5807.8
1413,71,1,2025-09-01 08:00:00,6068.5
1414,71,1,2025-10-01 08:00:00,6393.9
1415,71,1,2025-11-01 08:00:00,6686.2
1416,71,1,2025-12-01 08:00:00,7057.8
1417,72,1,2024-01-01 08:00:00,0.0
1418,72,1,2024-02-01 08:00:00,577.7
1419,72,1,2024-03-01 08:00:00,961.8
1420,72,1,2024-04-01 08:00:00,1383.8
1421,72,1,2024-05-01 08:00:00,1878.9
1422,72,1,2024-06-01 08:00:00,2514.8
1423,72,1,2024-07-01 08:00:00,2925.7
1424,72,1,2024-08-01 08:00:00,3434.3
1425,72,1,2024-09-01 08:00:00,4039.0
1426,72,1,2024-10-01 08:00:00,4506.2
1427,72,1,2024-11-01 08:00:00,5145.9
1428,72,1,2024-12-01 08:00:00,5766.2
1429,72,1,2025-01-01 08:00:00,6181.3
1430,72,1,2025-02-01 08:00:00,6740.4
1431,72,1,2025-03-01 08:00:00,7135.9
1432,72,1,2025-04-01 08:00:00,7649.8
1433,72,1,2025-05-01 08:00:00,8260.9
1434,72,1,2025-06-01 08:00:00,8680.2
1435,72,1,2025-07-01 08:00:00,9301.2
1436,72,1,2025-08-01 08:00:00,9957.6
1437,72,1,2025-09-01 08:00:00,10530.6
1438,72,1,2025-10-01 08:00:00,11006.8
1439,72,1,2025-11-01 08:00:00,11471.9
1440,72,1,2025-12-01 08:00:00,11967.1
1441,73,1,2024-01-01 08:00:00,0.0
1442,73,1,2024-02-01 08:00:00,232.6
1443,73,1,2024-03-01 08:00:00,530.9
1444,73,1,2024-04-01 08:00:00,757.4
1445,73,1,2024-05-01 08:00:00,1015.7
1446,73,1,2024-06-01 08:00:00,1336.4
1447,73,1,2024-07-01 08:00:00,1577.1
1448,73,1,2024-08-01 08:00:00,1848.4
1449,73,1,2024-09-01 08:00:00,2076.5
1450,73,1,2024-10-01 08:00:00,2308.4
1451,73,1,2024-11-01 08:00:00,2564.4
1452,73,1,2024-12-01 08:00:00,2798.3
1453,73,1,2025-01-01 08:00:00,3089.7
1454,73,1,2025-02-01 08:00:00,3331.5
1455,73,1,2025-03-01 08:00:00,3573.0
1456,73,1,2025-04-01 08:00:00,3900.6
1457,73,1,2025-05-01 08:00:00,4207.8
1458,73,1,2025-06-01 08:00:00,4486.4
1459,73,1,2025-07-01 08:00:00,4832.3
1460,73,1,2025-08-01 08:00:00,5168.9
1461,73,1,2025-09-01 08:00:00,5479.7
1462,73,1,2025-10-01 08:00:00,5756.8
1463,73,1,2025-11-01 08:00:00,5989.0
1464,73,1,2025-12-01 08:00:00,6262.8
1465,75,1,2024-01-01 08:00:00,0.0
1466,75,1,2024-02-01 08:00:00,523.9
1467,75,1,2024-03-01 08:00:00,849.9
1468,75,1,2024-04-01 08:00:00,1379.6
1469,75,1,2024-05-01 08:00:00,1846.8
1470,75,1,2024-06-01 08:00:00,2314.3
1471,75,1,2024-07-01 08:00:00,2811.6
1472,75,1,2024-08-01 08:00:00,3204.6
1473,75,1,2024-09-01 08:00:00,3613.1
1474,75,1,2024-10-01 08:00:00,4103.8
1475,75,1,2024-11-01 08:00:00,4450.6
1476,75,1,2024-12-01 08:00:00,4908.5
1477,75,1,2025-01-01 08:00:00,5402.8
1478,75,1,2025-02-01 08:00:00,5912.8
1479,75,1,2025-03-01 08:00:00,6247.8
1480,75,1,2025-04-01 08:00:00,6714.8
1481,75,1,2025-05-01 08:00:00,7046.7
1482,75,1,2025-06-01 08:00:00,7551.6
1483,75,1,2025-07-01 08:00:00,7963.6
1484,75,1,2025-08-01 08:00:00,8419.1
1485,75,1,2025-09-01 08:00:00,8922.1
1486,75,1,2025-10-01 08:00:00,9339.0
1487,75,1,2025-11-01 08:00:00,9770.3
1488,75,1,2025-12-01 08:00:00,10178.8
1489,76,1,2024-01-01 08:00:00,0.0
1490,76,1,2024-02-01 08:00:00,516.7
1491,76,1,2024-03-01 08:00:00,841.3
1492,76,1,2024-04-01 08:00:00,1257.9
1493,76,1,2024-05-01 08:00:00,1679.0
1494,76,1,2024-06-01 08:00:00,2041.0
1495,76,1,2024-07-01 08:00:00,2529.7
1496,76,1,2024-08-01 08:00:00,2984.6
1497,76,1,2024-09-01 08:00:00,3325.4
1498,76,1,2024-10-01 08:00:00,3788.6
1499,76,1,2024-11-01 08:00:00,4203.2
1500,76,1,2024-12-01 08:00:00,4686.7
1501,76,1,2025-01-01 08:00:00,5066.4
1502,76,1,2025-02-01 08:00:00,5407.2
1503,76,1,2025-03-01 08:00:00,5731.8
1504,76,1,2025-04-01 08:00:00,6168.7
1505,76,1,2025-05-01 08:00:00,6656.5
1506,76,1,2025-06-01 08:00:00,7129.2
1507,76,1,2025-07-01 08:00:00,7461.8
1508,76,1,2025-08-01 08:00:00,7931.7
1509,76,1,2025-09-01 08:00:00,8377.7
1510,76,1,2025-10-01 08:00:00,8875.9
1511,76,1,2025-11-01 08:00:00,9272.5
1512,76,1,2025-12-01 08:00:00,9754.2
1513,77,1,2024-01-01 08:00:00,0.0
1514,77,1,2024-02-01 08:00:00,440.1
1515,77,1,2024-03-01 08:00:00,769.4
1516,77,1,2024-04-01 08:00:00,1160.5
1517,77,1,2024-05-01 08:00:00,1681.7
1518,77,1,2024-06-01 08:00:00,2169.2
1519,77,1,2024-07-01 08:00:00,2632.6
1520,77,1,2024-08-01 08:00:00,3099.6
1521,77,1,2024-09-01 08:00:00,3466.0
1522,77,1,2024-10-01 08:00:00,3879.3
1523,77,1,2024-11-01 08:00:00,4367.3
1524,77,1,2024-12-01 08:00:00,4732.4
1525,77,1,2025-01-01 08:00:00,5288.2
1526,77,1,2025-02-01 08:00:00,5653.6
1527,77,1,2025-03-01 08:00:00,6106.7
1528,77,1,2025-04-01 08:00:00,6523.4
1529,77,1,2025-05-01 08:00:00,7048.7
1530,77,1,2025-06-01 08:00:00,7583.4
1531,77,1,2025-07-01 08:00:00,7993.6
1532,77,1,2025-08-01 08:00:00,8446.3
1533,77,1,2025-09-01 08:00:00,9010.7
1534,77,1,2025-10-01 08:00:00,9480.5
1535,77,1,2025-11-01 08:00:00,9830.9
1536,77,1,2025-12-01 08:00:00,10337.5
1537,79,1,2024-01-01 08:00:00,0.0
1538,79,1,2024-02-01 08:00:00,420.5
1539,79,1,2024-03-01 08:00:00,836.2
1540,79,1,2024-04-01 08:00:00,1121.1
1541,79,1,2024-05-01 08:00:00,1452.7
1542,79,1,2024-06-01 08:00:00,1776.0
1543,79,1,2024-07-01 08:00:00,2194.1
1544,79,1,2024-08-01 08:00:00,2620.9
1545,79,1,2024-09-01 08:00:00,3053.5
1546,79,1,2024-10-01 08:00:00,3325.9
1547,79,1,2024-11-01 08:00:00,3608.7
1548,79,1,2024-12-01 08:00:00,3967.8
1549,79,1,2025-01-01 08:00:00,4271.1
1550,79,1,2025-02-01 08:00:00,4564.9
1551,79,1,2025-03-01 08:00:00,4853.8
1552,79,1,2025-04-01 08:00:00,5252.7
1553,79,1,2025-05-01 08:00:00,5632.3
1554,79,1,2025-06-01 08:00:00,6044.5
1555,79,1,2025-07-01 08:00:00,6320.4
1556,79,1,2025-08-01 08:00:00,6729.3
1557,79,1,2025-09-01 08:00:00,7089.7
1558,79,1,2025-10-01 08:00:00,7408.1
1559,79,1,2025-11-01 08:00:00,7789.6
1560,79,1,2025-12-01 08:00:00,8191.0
1561,80,1,2024-01-01 08:00:00,0.0
1562,80,1,2024-02-01 08:00:00,276.6
1563,80,1,2024-03-01 08:00:00,541.4
1564,80,1,2024-04-01 08:00:00,858.3
1565,80,1,2024-05-01 08:00:00,1143.6
1566,80,1,2024-06-01 08:00:00,1422.0
1567,80,1,2024-07-01 08:00:00,1660.3
1568,80,1,2024-08-01 08:00:00,1929.1
1569,80,1,2024-09-01 08:00:00,2240.5
1570,80,1,2024-10-01 08:00:00,2561.8
1571,80,1,2024-11-01 08:00:00,2862.7
1572,80,1,2024-12-01 08:00:00,3158.1
1573,80,1,2025-01-01 08:00:00,3451.6
1574,80,1,2025-02-01 08:00:00,3753.8
1575,80,1,2025-03-01 08:00:00,3965.3
1576,80,1,2025-04-01 08:00:00,4222.9
1577,80,1,2025-05-01 08:00:00,4488.9
1578,80,1,2025-06-01 08:00:00,4762.8
1579,80,1,2025-07-01 08:00:00,5034.0
1580,80,1,2025-08-01 08:00:00,5363.1
1581,80,1,2025-09-01 08:00:00,5676.9
1582,80,1,2025-10-01 08:00:00,5977.1
1583,80,1,2025-11-01 08:00:00,6287.6
1584,80,1,2025-12-01 08:00:00,6583.4
1585,81,1,2024-01-01 08:00:00,0.0
1586,81,1,2024-02-01 08:00:00,561.5
1587,81,1,2024-03-01 08:00:00,961.4
1588,81,1,2024-04-01 08:00:00,1492.4
1589,81,1,2024-05-01 08:00:00,1868.0
1590,81,1,2024-06-01 08:00:00,2357.7
1591,81,1,2024-07-01 08:00:00,2780.1
1592,81,1,2024-08-01 08:00:00,3306.4
1593,81,1,2024-09-01 08:00:00,3867.9
1594,81,1,2024-10-01 08:00:00,4222.0
1595,81,1,2024-11-01 08:00:00,4610.8
1596,81,1,2024-12-01 08:00:00,5170.0
1597,81,1,2025-01-01 08:00:00,5588.0
1598,81,1,2025-02-01 08:00:00,6120.4
1599,81,1,2025-03-01 08:00:00,6618.5
1600,81,1,2025-04-01 08:00:00,7153.2
1601,81,1,2025-05-01 08:00:00,7511.0
1602,81,1,2025-06-01 08:00:00,8044.5
1603,81,1,2025-07-01 08:00:00,8611.8
1604,81,1,2025-08-01 08:00:00,9060.0
1605,81,1,2025-09-01 08:00:00,9587.6
1606,81,1,2025-10-01 08:00:00,10000.5
1607,81,1,2025-11-01 08:00:00,10595.0
1608,81,1,2025-12-01 08:00:00,10992.6
1609,83,1,2024-01-01 08:00:00,0.0
1610,83,1,2024-02-01 08:00:00,417.2
1611,83,1,2024-03-01 08:00:00,747.8
1612,83,1,2024-04-01 08:00:00,1047.3
1613,83,1,2024-05-01 08:00:00,1319.1
1614,83,1,2024-06-01 08:00:00,1722.9
1615,83,1,2024-07-01 08:00:00,1983.1
1616,83,1,2024-08-01 08:00:00,2348.5
1617,83,1,2024-09-01 08:00:00,2708.3
1618,83,1,2024-10-01 08:00:00,3082.6
1619,83,1,2024-11-01 08:00:00,3454.4
1620,83,1,2024-12-01 08:00:00,3839.0
1621,83,1,2025-01-01 08:00:00,4103.8
1622,83,1,2025-02-01 08:00:00,4433.8
1623,83,1,2025-03-01 08:00:00,4679.4
1624,83,1,2025-04-01 08:00:00,5005.2
1625,83,1,2025-05-01 08:00:00,5345.5
1626,83,1,2025-06-01 08:00:00,5702.6
1627,83,1,2025-07-01 08:00:00,6101.5
1628,83,1,2025-08-01 08:00:00,6513.1
1629,83,1,2025-09-01 08:00:00,6823.1
1630,83,1,2025-10-01 08:00:00,7185.6
1631,83,1,2025-11-01 08:00:00,7562.5
1632,83,1,2025-12-01 08:00:00,7966.6
1633,84,1,2024-01-01 08:00:00,0.0
1634,84,1,2024-02-01 08:00:00,248.5
1635,84,1,2024-03-01 08:00:00,473.8
1636,84,1,2024-04-01 08:00:00,748.9
1637,84,1,2024-05-01 08:00:00,973.7
1638,84,1,2024-06-01 08:00:00,1175.1
1639,84,1,2024-07-01 08:00:00,1461.0
1640,84,1,2024-08-01 08:00:00,1668.9
1641,84,1,2024-09-01 08:00:00,1907.4
1642,84,1,2024-10-01 08:00:00,2170.8
1643,84,1,2024-11-01 08:00:00,2446.7
1644,84,1,2024-12-01 08:00:00,2718.8
1645,84,1,2025-01-01 08:00:00,3041.7
1646,84,1,2025-02-01 08:00:00,3289.4
1647,84,1,2025-03-01 08:00:00,3483.0
1648,84,1,2025-04-01 08:00:00,3697.3
1649,84,1,2025-05-01 08:00:00,3950.4
1650,84,1,2025-06-01 08:00:00,4195.9
1651,84,1,2025-07-01 08:00:00,4498.3
1652,84,1,2025-08-01 08:00:00,4759.9
1653,84,1,2025-09-01 08:00:00,5014.0
1654,84,1,2025-10-01 08:00:00,5310.2
1655,84,1,2025-11-01 08:00:00,5607.9
1656,84,1,2025-12-01 08:00:00,5885.9
1657,85,1,2024-01-01 08:00:00,0.0
1658,85,1,2024-02-01 08:00:00,436.8
1659,85,1,2024-03-01 08:00:00,758.6
1660,85,1,2024-04-01 08:00:00,1189.1
1661,85,1,2024-05-01 08:00:00,1668.4
1662,85,1,2024-06-01 08:00:00,2094.4
1663,85,1,2024-07-01 08:00:00,2417.8
1664,85,1,2024-08-01 08:00:00,2744.3
1665,85,1,2024-09-01 08:00:00,3241.5
1666,85,1,2024-10-01 08:00:00,3595.9
1667,85,1,2024-11-01 08:00:00,4024.1
1668,85,1,2024-12-01 08:00:00,4488.6
1669,85,1,2025-01-01 08:00:00,4860.8
1670,85,1,2025-02-01 08:00:00,5332.6
1671,85,1,2025-03-01 08:00:00,5635.7
1672,85,1,2025-04-01 08:00:00,6109.8
1673,85,1,2025-05-01 08:00:00,6432.3
1674,85,1,2025-06-01 08:00:00,6809.4
1675,85,1,2025-07-01 08:00:00,7170.3
1676,85,1,2025-08-01 08:00:00,7673.8
1677,85,1,2025-09-01 08:00:00,8103.8
1678,85,1,2025-10-01 08:00:00,8581.4
1679,85,1,2025-11-01 08:00:00,9021.3
1680,85,1,2025-12-01 08:00:00,9491.8
1681,87,1,2024-01-01 08:00:00,0.0
1682,87,1,2024-02-01 08:00:00,464.9
1683,87,1,2024-03-01 08:00:00,826.9
1684,87,1,2024-04-01 08:00:00,1346.6
1685,87,1,2024-05-01 08:00:00,1847.4
1686,87,1,2024-06-01 08:00:00,2189.4
1687,87,1,2024-07-01 08:00:00,2692.0
1688,87,1,2024-08-01 08:00:00,3056.9
1689,87,1,2024-09-01 08:00:00,3526.8
1690,87,1,2024-10-01 08:00:00,4010.3
1691,87,1,2024-11-01 08:00:00,4387.7
1692,87,1,2024-12-01 08:00:00,4726.8
1693,87,1,2025-01-01 08:00:00,5212.4
1694,87,1,2025-02-01 08:00:00,5632.0
1695,87,1,2025-03-01 08:00:00,6019.5
1696,87,1,2025-04-01 08:00:00,6506.3
1697,87,1,2025-05-01 08:00:00,6874.1
1698,87,1,2025-06-01 08:00:00,7221.2
1699,87,1,2025-07-01 08:00:00,7732.1
1700,87,1,2025-08-01 08:00:00,8205.8
1701,87,1,2025-09-01 08:00:00,8669.5
1702,87,1,2025-10-01 08:00:00,9053.4
1703,87,1,2025-11-01 08:00:00,9589.3
1704,87,1,2025-12-01 08:00:00,9950.7
1705,88,1,2024-01-01 08:00:00,0.0
1706,88,1,2024-02-01 08:00:00,329.0
1707,88,1,2024-03-01 08:00:00,569.5
1708,88,1,2024-04-01 08:00:00,837.4
1709,88,1,2024-05-01 08:00:00,1126.8
1710,88,1,2024-06-01 08:00:00,1443.1
1711,88,1,2024-07-01 08:00:00,1679.7
1712,88,1,2024-08-01 08:00:00,1996.6
1713,88,1,2024-09-01 08:00:00,2274.3
1714,88,1,2024-10-01 08:00:00,2538.2
1715,88,1,2024-11-01 08:00:00,2772.6
1716,88,1,2024-12-01 08:00:00,3123.7
1717,88,1,2025-01-01 08:00:00,3446.1
1718,88,1,2025-02-01 08:00:00,3683.5
1719,88,1,2025-03-01 08:00:00,3932.4
1720,88,1,2025-04-01 08:00:00,4167.0
1721,88,1,2025-05-01 08:00:00,4458.0
1722,88,1,2025-06-01 08:00:00,4781.5
1723,88,1,2025-07-01 08:00:00,5005.2
1724,88,1,2025-08-01 08:00:00,5360.5
1725,88,1,2025-09-01 08:00:00,5637.2
1726,88,1,2025-10-01 08:00:00,5885.7
1727,88,1,2025-11-01 08:00:00,6127.4
1728,88,1,2025-12-01 08:00:00,6363.5
1729,89,1,2024-01-01 08:00:00,0.0
1730,89,1,2024-02-01 08:00:00,619.9
1731,89,1,2024-03-01 08:00:00,1059.1
1732,89,1,2024-04-01 08:00:00,1552.4
1733,89,1,2024-05-01 08:00:00,2054.0
1734,89,1,2024-06-01 08:00:00,2583.3
1735,89,1,2024-07-01 08:00:00,3004.7
1736,89,1,2024-08-01 08:00:00,3426.1
1737,89,1,2024-09-01 08:00:00,4098.0
1738,89,1,2024-10-01 08:00:00,4664.3
1739,89,1,2024-11-01 08:00:00,5088.4
1740,89,1,2024-12-01 08:00:00,5681.7
1741,89,1,2025-01-01 08:00:00,6186.4
1742,89,1,2025-02-01 08:00:00,6805.8
1743,89,1,2025-03-01 08:00:00,7401.7
1744,89,1,2025-04-01 08:00:00,7818.4
1745,89,1,2025-05-01 08:00:00,8460.5
1746,89,1,2025-06-01 08:00:00,8913.8
1747,89,1,2025-07-01 08:00:00,9386.0
1748,89,1,2025-08-01 08:00:00,9960.7
1749,89,1,2025-09-01 08:00:00,10558.9
1750,89,1,2025-10-01 08:00:00,10998.7
1751,89,1,2025-11-01 08:00:00,11444.4
1752,89,1,2025-12-01 08:00:00,11913.8
1753,90,1,2024-01-01 08:00:00,0.0
1754,90,1,2024-02-01 08:00:00,293.1
1755,90,1,2024-03-01 08:00:00,694.3
1756,90,1,2024-04-01 08:00:00,1093.8
1757,90,1,2024-05-01 08:00:00,1510.3
1758,90,1,2024-06-01 08:00:00,1791.9
1759,90,1,2024-07-01 08:00:00,2059.8
1760,90,1,2024-08-01 08:00:00,2414.9
1761,90,1,2024-09-01 08:00:00,2783.2
1762,90,1,2024-10-01 08:00:00,3143.1
1763,90,1,2024-11-01 08:00:00,3422.9
1764,90,1,2024-12-01 08:00:00,3817.0
1765,90,1,2025-01-01 08:00:00,4164.2
1766,90,1,2025-02-01 08:00:00,4490.7
1767,90,1,2025-03-01 08:00:00,4806.6
1768,90,1,2025-04-01 08:00:00,5077.5
1769,90,1,2025-05-01 08:00:00,5368.3
1770,90,1,2025-06-01 08:00:00,5801.8
1771,90,1,2025-07-01 08:00:00,6148.1
1772,90,1,2025-08-01 08:00:00,6425.5
1773,90,1,2025-09-01 08:00:00,6739.2
1774,90,1,2025-10-01 08:00:00,7025.1
1775,90,1,2025-11-01 08:00:00,7446.1
1776,90,1,2025-12-01 08:00:00,7834.1
1777,91,1,2024-01-01 08:00:00,0.0
1778,91,1,2024-02-01 08:00:00,403.5
1779,91,1,2024-03-01 08:00:00,877.4
1780,91,1,2024-04-01 08:00:00,1300.7
1781,91,1,2024-05-01 08:00:00,1787.6
1782,91,1,2024-06-01 08:00:00,2301.5
1783,91,1,2024-07-01 08:00:00,2710.3
1784,91,1,2024-08-01 08:00:00,3073.1
1785,91,1,2024-09-01 08:00:00,3438.8
1786,91,1,2024-10-01 08:00:00,3812.3
1787,91,1,2024-11-01 08:00:00,4184.5
1788,91,1,2024-12-01 08:00:00,4578.1
1789,91,1,2025-01-01 08:00:00,5009.7
1790,91,1,2025-02-01 08:00:00,5353.4
1791,91,1,2025-03-01 08:00:00,5819.3
1792,91,1,2025-04-01 08:00:00,6145.3
1793,91,1,2025-05-01 08:00:00,6488.4
1794,91,1,2025-06-01 08:00:00,6815.6
1795,91,1,2025-07-01 08:00:00,7330.4
1796,91,1,2025-08-01 08:00:00,7741.8
1797,91,1,2025-09-01 08:00:00,8108.4
1798,91,1,2025-10-01 08:00:00,8447.4
1799,91,1,2025-11-01 08:00:00,8850.4
1800,91,1,2025-12-01 08:00:00,9363.1
1801,92,1,2024-01-01 08:00:00,0.0
1802,92,1,2024-02-01 08:00:00,402.4
1803,92,1,2024-03-01 08:00:00,730.4
1804,92,1,2024-04-01 08:00:00,1164.8
1805,92,1,2024-05-01 08:00:00,1566.3
1806,92,1,2024-06-01 08:00:00,2045.1
1807,92,1,2024-07-01 08:00:00,2399.5
1808,92,1,2024-08-01 08:00:00,2754.3
1809,92,1,2024-09-01 08:00:00,3202.2
1810,92,1,2024-10-01 08:00:00,3668.2
1811,92,1,2024-11-01 08:00:00,4098.4
1812,92,1,2024-12-01 08:00:00,4574.2
1813,92,1,2025-01-01 08:00:00,5076.5
1814,92,1,2025-02-01 08:00:00,5594.6
1815,92,1,2025-03-01 08:00:00,5960.6
1816,92,1,2025-04-01 08:00:00,6476.2
1817,92,1,2025-05-01 08:00:00,6935.5
1818,92,1,2025-06-01 08:00:00,7392.5
1819,92,1,2025-07-01 08:00:00,7820.3
1820,92,1,2025-08-01 08:00:00,8150.4
1821,92,1,2025-09-01 08:00:00,8593.9
1822,92,1,2025-10-01 08:00:00,9067.4
1823,92,1,2025-11-01 08:00:00,9600.5
1824,92,1,2025-12-01 08:00:00,10003.9
1825,93,1,2024-01-01 08:00:00,0.0
1826,93,1,2024-02-01 08:00:00,725.0
1827,93,1,2024-03-01 08:00:00,1303.7
1828,93,1,2024-04-01 08:00:00,1943.5
1829,93,1,2024-05-01 08:00:00,2537.7
1830,93,1,2024-06-01 08:00:00,3269.8
1831,93,1,2024-07-01 08:00:00,3716.3
1832,93,1,2024-08-01 08:00:00,4283.3
1833,93,1,2024-09-01 08:00:00,4984.4
1834,93,1,2024-10-01 08:00:00,5465.2
1835,93,1,2024-11-01 08:00:00,6078.1
1836,93,1,2024-12-01 08:00:00,6658.3
1837,93,1,2025-01-01 08:00:00,7339.8
1838,93,1,2025-02-01 08:00:00,8053.3
1839,93,1,2025-03-01 08:00:00,8525.9
1840,93,1,2025-04-01 08:00:00,9174.5
1841,93,1,2025-05-01 08:00:00,9761.5
1842,93,1,2025-06-01 08:00:00,10401.2
1843,93,1,2025-07-01 08:00:00,10891.3
1844,93,1,2025-08-01 08:00:00,11418.6
1845,93,1,2025-09-01 08:00:00,12025.8
1846,93,1,2025-10-01 08:00:00,12460.8
1847,93,1,2025-11-01 08:00:00,13116.0
1848,93,1,2025-12-01 08:00:00,13595.3
1849,95,1,2024-01-01 08:00:00,0.0
1850,95,1,2024-02-01 08:00:00,605.5
1851,95,1,2024-03-01 08:00:00,1241.5
1852,95,1,2024-04-01 08:00:00,1948.2
1853,95,1,2024-05-01 08:00:00,2574.9
1854,95,1,2024-06-01 08:00:00,3181.3
1855,95,1,2024-07-01 08:00:00,3720.5
1856,95,1,2024-08-01 08:00:00,4378.8
1857,95,1,2024-09-01 08:00:00,5006.9
1858,95,1,2024-10-01 08:00:00,5552.3
1859,95,1,2024-11-01 08:00:00,6123.6
1860,95,1,2024-12-01 08:00:00,6603.5
1861,95,1,2025-01-01 08:00:00,7254.9
1862,95,1,2025-02-01 08:00:00,7931.2
1863,95,1,2025-03-01 08:00:00,8325.8
1864,95,1,2025-04-01 08:00:00,8789.2
1865,95,1,2025-05-01 08:00:00,9474.1
1866,95,1,2025-06-01 08:00:00,9955.9
1867,95,1,2025-07-01 08:00:00,10572.3
1868,95,1,2025-08-01 08:00:00,11138.2
1869,95,1,2025-09-01 08:00:00,11715.3
1870,95,1,2025-10-01 08:00:00,12162.8
1871,95,1,2025-11-01 08:00:00,12633.4
1872,95,1,2025-12-01 08:00:00,13207.2
1873,96,1,2024-01-01 08:00:00,0.0
1874,96,1,2024-02-01 08:00:00,452.5
1875,96,1,2024-03-01 08:00:00,849.1
1876,96,1,2024-04-01 08:00:00,1200.2
1877,96,1,2024-05-01 08:00:00,1553.3
1878,96,1,2024-06-01 08:00:00,1859.8
1879,96,1,2024-07-01 08:00:00,2249.9
1880,96,1,2024-08-01 08:00:00,2608.4
1881,96,1,2024-09-01 08:00:00,3040.4
1882,96,1,2024-10-01 08:00:00,3422.9
1883,96,1,2024-11-01 08:00:00,3731.9
1884,96,1,2024-12-01 08:00:00,4072.6
1885,96,1,2025-01-01 08:00:00,4472.3
1886,96,1,2025-02-01 08:00:00,4904.4
1887,96,1,2025-03-01 08:00:00,5212.7
1888,96,1,2025-04-01 08:00:00,5611.0
1889,96,1,2025-05-01 08:00:00,5910.6
1890,96,1,2025-06-01 08:00:00,6351.1
1891,96,1,2025-07-01 08:00:00,6720.2
1892,96,1,2025-08-01 08:00:00,7136.3
1893,96,1,2025-09-01 08:00:00,7485.9
1894,96,1,2025-10-01 08:00:00,7918.3
1895,96,1,2025-11-01 08:00:00,8325.7
1896,96,1,2025-12-01 08:00:00,8621.9
1897,97,1,2024-01-01 08:00:00,0.0
1898,97,1,2024-02-01 08:00:00,501.3
1899,97,1,2024-03-01 08:00:00,960.3
1900,97,1,2024-04-01 08:00:00,1390.5
1901,97,1,2024-05-01 08:00:00,1767.7
1902,97,1,2024-06-01 08:00:00,2273.1
1903,97,1,2024-07-01 08:00:00,2761.7
1904,97,1,2024-08-01 08:00:00,3194.1
1905,97,1,2024-09-01 08:00:00,3671.0
1906,97,1,2024-10-01 08:00:00,4044.9
1907,97,1,2024-11-01 08:00:00,4444.5
1908,97,1,2024-12-01 08:00:00,4952.1
1909,97,1,2025-01-01 08:00:00,5433.0
1910,97,1,2025-02-01 08:00:00,5774.6
1911,97,1,2025-03-01 08:00:00,6156.2
1912,97,1,2025-04-01 08:00:00,6565.7
1913,97,1,2025-05-01 08:00:00,6928.4
1914,97,1,2025-06-01 08:00:00,7463.6
1915,97,1,2025-07-01 08:00:00,7807.1
1916,97,1,2025-08-01 08:00:00,8199.5
1917,97,1,2025-09-01 08:00:00,8704.0
1918,97,1,2025-10-01 08:00:00,9046.7
1919,97,1,2025-11-01 08:00:00,9452.1
1920,97,1,2025-12-01 08:00:00,9896.8
1921,98,1,2024-01-01 08:00:00,0.0
1922,98,1,2024-02-01 08:00:00,361.7
1923,98,1,2024-03-01 08:00:00,764.7
1924,98,1,2024-04-01 08:00:00,1181.4
1925,98,1,2024-05-01 08:00:00,1458.6
1926,98,1,2024-06-01 08:00:00,1823.6
1927,98,1,2024-07-01 08:00:00,2190.7
1928,98,1,2024-08-01 08:00:00,2513.9
1929,98,1,2024-09-01 08:00:00,2826.4
1930,98,1,2024-10-01 08:00:00,3184.3
1931,98,1,2024-11-01 08:00:00,3522.8
1932,98,1,2024-12-01 08:00:00,3931.8
1933,98,1,2025-01-01 08:00:00,4227.0
1934,98,1,2025-02-01 08:00:00,4501.3
1935,98,1,2025-03-01 08:00:00,4882.1
1936,98,1,2025-04-01 08:00:00,5303.2
1937,98,1,2025-05-01 08:00:00,5631.1
1938,98,1,2025-06-01 08:00:00,6027.7
1939,98,1,2025-07-01 08:00:00,6426.9
1940,98,1,2025-08-01 08:00:00,6737.8
1941,98,1,2025-09-01 08:00:00,7117.4
1942,98,1,2025-10-01 08:00:00,7498.5
1943,98,1,2025-11-01 08:00:00,7827.1
1944,98,1,2025-12-01 08:00:00,8242.9
1945,99,1,2024-01-01 08:00:00,0.0
1946,99,1,2024-02-01 08:00:00,463.8
1947,99,1,2024-03-01 08:00:00,1122.0
1948,99,1,2024-04-01 08:00:00,1712.9
1949,99,1,2024-05-01 08:00:00,2179.0
1950,99,1,2024-06-01 08:00:00,2829.4
1951,99,1,2024-07-01 08:00:00,3446.4
1952,99,1,2024-08-01 08:00:00,3928.4
1953,99,1,2024-09-01 08:00:00,4448.8
1954,99,1,2024-10-01 08:00:00,5114.5
1955,99,1,2024-11-01 08:00:00,5832.4
1956,99,1,2024-12-01 08:00:00,6371.9
1957,99,1,2025-01-01 08:00:00,6852.4
1958,99,1,2025-02-01 08:00:00,7394.7
1959,99,1,2025-03-01 08:00:00,7924.5
1960,99,1,2025-04-01 08:00:00,8452.1
1961,99,1,2025-05-01 08:00:00,9048.3
1962,99,1,2025-06-01 08:00:00,9492.8
1963,99,1,2025-07-01 08:00:00,10145.4
1964,99,1,2025-08-01 08:00:00,10827.7
1965,99,1,2025-09-01 08:00:00,11492.7
1966,99,1,2025-10-01 08:00:00,12004.2
1967,99,1,2025-11-01 08:00:00,12626.2
1968,99,1,2025-12-01 08:00:00,13154.6
1969,100,1,2024-01-01 08:00:00,0.0
1970,100,1,2024-02-01 08:00:00,434.5
1971,100,1,2024-03-01 08:00:00,838.8
1972,100,1,2024-04-01 08:00:00,1162.4
1973,100,1,2024-05-01 08:00:00,1550.4
1974,100,1,2024-06-01 08:00:00,1880.5
1975,100,1,2024-07-01 08:00:00,2263.3
1976,100,1,2024-08-01 08:00:00,2611.5
1977,100,1,2024-09-01 08:00:00,3036.3
1978,100,1,2024-10-01 08:00:00,3473.2
1979,100,1,2024-11-01 08:00:00,3807.5
1980,100,1,2024-12-01 08:00:00,4232.4
1981,100,1,2025-01-01 08:00:00,4648.1
1982,100,1,2025-02-01 08:00:00,5032.4
1983,100,1,2025-03-01 08:00:00,5372.7
1984,100,1,2025-04-01 08:00:00,5712.3
1985,100,1,2025-05-01 08:00:00,6020.5
1986,100,1,2025-06-01 08:00:00,6317.3
1987,100,1,2025-07-01 08:00:00,6714.8
1988,100,1,2025-08-01 08:00:00,7036.9
1989,100,1,2025-09-01 08:00:00,7408.3
1990,100,1,2025-10-01 08:00:00,7836.9
1991,100,1,2025-11-01 08:00:00,8240.2
1992,100,1,2025-12-01 08:00:00,8542.5
1993,102,1,2024-01-01 08:00:00,0.0
1994,102,1,2024-02-01 08:00:00,566.9
1995,102,1,2024-03-01 08:00:00,937.8
1996,102,1,2024-04-01 08:00:00,1349.8
1997,102,1,2024-05-01 08:00:00,1934.7
1998,102,1,2024-06-01 08:00:00,2380.3
1999,102,1,2024-07-01 08:00:00,2781.1
2000,102,1,2024-08-01 08:00:00,3210.9
2001,102,1,2024-09-01 08:00:00,3676.2
2002,102,1,2024-10-01 08:00:00,4238.3
2003,102,1,2024-11-01 08:00:00,4653.0
2004,102,1,2024-12-01 08:00:00,5022.1
2005,102,1,2025-01-01 08:00:00,5609.7
2006,102,1,2025-02-01 08:00:00,6060.0
2007,102,1,2025-03-01 08:00:00,6417.9
2008,102,1,2025-04-01 08:00:00,6802.3
2009,102,1,2025-05-01 08:00:00,7379.0
2010,102,1,2025-06-01 08:00:00,7883.6
2011,102,1,2025-07-01 08:00:00,8392.4
2012,102,1,2025-08-01 08:00:00,8919.6
2013,102,1,2025-09-01 08:00:00,9424.0
2014,102,1,2025-10-01 08:00:00,9970.1
2015,102,1,2025-11-01 08:00:00,10567.6
2016,102,1,2025-12-01 08:00:00,11083.7
2017,103,1,2024-01-01 08:00:00,0.0
2018,103,1,2024-02-01 08:00:00,533.9
2019,103,1,2024-03-01 08:00:00,1063.8
2020,103,1,2024-04-01 08:00:00,1524.6
2021,103,1,2024-05-01 08:00:00,1960.1
2022,103,1,2024-06-01 08:00:00,2403.9
2023,103,1,2024-07-01 08:00:00,2871.0
2024,103,1,2024-08-01 08:00:00,3495.0
2025,103,1,2024-09-01 08:00:00,3910.2
2026,103,1,2024-10-01 08:00:00,4458.0
2027,103,1,2024-11-01 08:00:00,4883.8
2028,103,1,2024-12-01 08:00:00,5429.2
2029,103,1,2025-01-01 08:00:00,5903.4
2030,103,1,2025-02-01 08:00:00,6352.6
2031,103,1,2025-03-01 08:00:00,6831.5
2032,103,1,2025-04-01 08:00:00,7300.1
2033,103,1,2025-05-01 08:00:00,7791.0
2034,103,1,2025-06-01 08:00:00,8365.0
2035,103,1,2025-07-01 08:00:00,8997.5
2036,103,1,2025-08-01 08:00:00,9567.5
2037,103,1,2025-09-01 08:00:00,10108.5
2038,103,1,2025-10-01 08:00:00,10644.7
2039,103,1,2025-11-01 08:00:00,11176.6
2040,103,1,2025-12-01 08:00:00,11714.2
2041,104,1,2024-01-01 08:00:00,0.0
2042,104,1,2024-02-01 08:00:00,500.2
2043,104,1,2024-03-01 08:00:00,888.8
2044,104,1,2024-04-01 08:00:00,1243.9
2045,104,1,2024-05-01 08:00:00,1698.0
2046,104,1,2024-06-01 08:00:00,2199.9
2047,104,1,2024-07-01 08:00:00,2682.2
2048,104,1,2024-08-01 08:00:00,3068.0
2049,104,1,2024-09-01 08:00:00,3538.1
2050,104,1,2024-10-01 08:00:00,4065.6
2051,104,1,2024-11-01 08:00:00,4419.8
2052,104,1,2024-12-01 08:00:00,4849.1
2053,104,1,2025-01-01 08:00:00,5246.2
2054,104,1,2025-02-01 08:00:00,5747.0
2055,104,1,2025-03-01 08:00:00,6109.5
2056,104,1,2025-04-01 08:00:00,6598.0
2057,104,1,2025-05-01 08:00:00,6952.4
2058,104,1,2025-06-01 08:00:00,7298.7
2059,104,1,2025-07-01 08:00:00,7641.4
2060,104,1,2025-08-01 08:00:00,8029.0
2061,104,1,2025-09-01 08:00:00,8542.2
2062,104,1,2025-10-01 08:00:00,8894.6
2063,104,1,2025-11-01 08:00:00,9233.7
2064,104,1,2025-12-01 08:00:00,9731.2
2065,105,1,2024-01-01 08:00:00,0.0
2066,105,1,2024-02-01 08:00:00,292.7
2067,105,1,2024-03-01 08:00:00,704.0
2068,105,1,2024-04-01 08:00:00,1071.8
2069,105,1,2024-05-01 08:00:00,1356.1
2070,105,1,2024-06-01 08:00:00,1747.0
2071,105,1,2024-07-01 08:00:00,2078.9
2072,105,1,2024-08-01 08:00:00,2419.7
2073,105,1,2024-09-01 08:00:00,2770.3
2074,105,1,2024-10-01 08:00:00,3126.9
2075,105,1,2024-11-01 08:00:00,3515.2
2076,105,1,2024-12-01 08:00:00,3809.3
2077,105,1,2025-01-01 08:00:00,4221.7
2078,105,1,2025-02-01 08:00:00,4504.2
2079,105,1,2025-03-01 08:00:00,4867.8
2080,105,1,2025-04-01 08:00:00,5178.3
2081,105,1,2025-05-01 08:00:00,5524.3
2082,105,1,2025-06-01 08:00:00,5902.3
2083,105,1,2025-07-01 08:00:00,6282.9
2084,105,1,2025-08-01 08:00:00,6701.8
2085,105,1,2025-09-01 08:00:00,7071.7
2086,105,1,2025-10-01 08:00:00,7492.6
2087,105,1,2025-11-01 08:00:00,7940.8
2088,105,1,2025-12-01 08:00:00,8378.2
2089,107,1,2024-01-01 08:00:00,0.0
2090,107,1,2024-02-01 08:00:00,383.1
2091,107,1,2024-03-01 08:00:00,668.3
2092,107,1,2024-04-01 08:00:00,1060.1
2093,107,1,2024-05-01 08:00:00,1314.8
2094,107,1,2024-06-01 08:00:00,1708.3
2095,107,1,2024-07-01 08:00:00,1973.6
2096,107,1,2024-08-01 08:00:00,2384.3
2097,107,1,2024-09-01 08:00:00,2756.5
2098,107,1,2024-10-01 08:00:00,3036.8
2099,107,1,2024-11-01 08:00:00,3384.8
2100,107,1,2024-12-01 08:00:00,3721.2
2101,107,1,2025-01-01 08:00:00,4131.8
2102,107,1,2025-02-01 08:00:00,4483.9
2103,107,1,2025-03-01 08:00:00,4804.8
2104,107,1,2025-04-01 08:00:00,5120.9
2105,107,1,2025-05-01 08:00:00,5493.7
2106,107,1,2025-06-01 08:00:00,5764.6
2107,107,1,2025-07-01 08:00:00,6176.5
2108,107,1,2025-08-01 08:00:00,6541.1
2109,107,1,2025-09-01 08:00:00,6946.1
2110,107,1,2025-10-01 08:00:00,7327.4
2111,107,1,2025-11-01 08:00:00,7626.6
2112,107,1,2025-12-01 08:00:00,7927.7
2113,108,1,2024-01-01 08:00:00,0.0
2114,108,1,2024-02-01 08:00:00,253.4
2115,108,1,2024-03-01 08:00:00,612.8
2116,108,1,2024-04-01 08:00:00,950.3
2117,108,1,2024-05-01 08:00:00,1285.3
2118,108,1,2024-06-01 08:00:00,1615.4
2119,108,1,2024-07-01 08:00:00,1877.5
2120,108,1,2024-08-01 08:00:00,2198.7
2121,108,1,2024-09-01 08:00:00,2496.8
2122,108,1,2024-10-01 08:00:00,2878.8
2123,108,1,2024-11-01 08:00:00,3242.6
2124,108,1,2024-12-01 08:00:00,3510.7
2125,108,1,2025-01-01 08:00:00,3874.7
2126,108,1,2025-02-01 08:00:00,4214.0
2127,108,1,2025-03-01 08:00:00,4452.4
2128,108,1,2025-04-01 08:00:00,4714.5
2129,108,1,2025-05-01 08:00:00,4980.2
2130,108,1,2025-06-01 08:00:00,5361.7
2131,108,1,2025-07-01 08:00:00,5733.9
2132,108,1,2025-08-01 08:00:00,6082.8
2133,108,1,2025-09-01 08:00:00,6336.2
2134,108,1,2025-10-01 08:00:00,6628.4
2135,108,1,2025-11-01 08:00:00,6943.8
2136,108,1,2025-12-01 08:00:00,7230.9
2137,109,1,2024-01-01 08:00:00,0.0
2138,109,1,2024-02-01 08:00:00,339.3
2139,109,1,2024-03-01 08:00:00,771.2
2140,109,1,2024-04-01 08:00:00,1163.1
2141,109,1,2024-05-01 08:00:00,1630.4
2142,109,1,2024-06-01 08:00:00,2132.9
2143,109,1,2024-07-01 08:00:00,2584.5
2144,109,1,2024-08-01 08:00:00,3132.6
2145,109,1,2024-09-01 08:00:00,3606.1
2146,109,1,2024-10-01 08:00:00,4091.4
2147,109,1,2024-11-01 08:00:00,4564.4
2148,109,1,2024-12-01 08:00:00,5056.5
2149,109,1,2025-01-01 08:00:00,5475.7
2150,109,1,2025-02-01 08:00:00,5904.2
2151,109,1,2025-03-01 08:00:00,6272.0
2152,109,1,2025-04-01 08:00:00,6731.2
2153,109,1,2025-05-01 08:00:00,7133.5
2154,109,1,2025-06-01 08:00:00,7681.2
2155,109,1,2025-07-01 08:00:00,8131.1
2156,109,1,2025-08-01 08:00:00,8538.4
2157,109,1,2025-09-01 08:00:00,8982.9
2158,109,1,2025-10-01 08:00:00,9469.8
2159,109,1,2025-11-01 08:00:00,9978.4
2160,109,1,2025-12-01 08:00:00,10435.4
2161,110,1,2024-01-01 08:00:00,0.0
2162,110,1,2024-02-01 08:00:00,276.2
2163,110,1,2024-03-01 08:00:00,530.5
2164,110,1,2024-04-01 08:00:00,779.9
2165,110,1,2024-05-01 08:00:00,951.5
2166,110,1,2024-06-01 08:00:00,1232.2
2167,110,1,2024-07-01 08:00:00,1408.2
2168,110,1,2024-08-01 08:00:00,1599.2
2169,110,1,2024-09-01 08:00:00,1843.8
2170,110,1,2024-10-01 08:00:00,2062.5
2171,110,1,2024-11-01 08:00:00,2321.3
2172,110,1,2024-12-01 08:00:00,2558.5
2173,110,1,2025-01-01 08:00:00,2733.3
2174,110,1,2025-02-01 08:00:00,2979.5
2175,110,1,2025-03-01 08:00:00,3223.7
2176,110,1,2025-04-01 08:00:00,3493.4
2177,110,1,2025-05-01 08:00:00,3679.1
2178,110,1,2025-06-01 08:00:00,3892.3
2179,110,1,2025-07-01 08:00:00,4073.9
2180,110,1,2025-08-01 08:00:00,4332.3
2181,110,1,2025-09-01 08:00:00,4576.8
2182,110,1,2025-10-01 08:00:00,4798.0
2183,110,1,2025-11-01 08:00:00,5005.8
2184,110,1,2025-12-01 08:00:00,5259.7
2185,111,1,2024-01-01 08:00:00,0.0
2186,111,1,2024-02-01 08:00:00,424.9
2187,111,1,2024-03-01 08:00:00,903.0
2188,111,1,2024-04-01 08:00:00,1523.1
2189,111,1,2024-05-01 08:00:00,2046.8
2190,111,1,2024-06-01 08:00:00,2630.9
2191,111,1,2024-07-01 08:00:00,3083.8
2192,111,1,2024-08-01 08:00:00,3564.0
2193,111,1,2024-09-01 08:00:00,3987.1
2194,111,1,2024-10-01 08:00:00,4451.7
2195,111,1,2024-11-01 08:00:00,4888.0
2196,111,1,2024-12-01 08:00:00,5400.7
2197,111,1,2025-01-01 08:00:00,5893.7
2198,111,1,2025-02-01 08:00:00,6498.5
2199,111,1,2025-03-01 08:00:00,6941.3
2200,111,1,2025-04-01 08:00:00,7388.4
2201,111,1,2025-05-01 08:00:00,7789.8
2202,111,1,2025-06-01 08:00:00,8247.1
2203,111,1,2025-07-01 08:00:00,8798.5
2204,111,1,2025-08-01 08:00:00,9350.3
2205,111,1,2025-09-01 08:00:00,9900.6
2206,111,1,2025-10-01 08:00:00,10491.4
2207,111,1,2025-11-01 08:00:00,10948.7
2208,111,1,2025-12-01 08:00:00,11444.7
2209,112,1,2024-01-01 08:00:00,0.0
2210,112,1,2024-02-01 08:00:00,272.8
2211,112,1,2024-03-01 08:00:00,572.6
2212,112,1,2024-04-01 08:00:00,911.0
2213,112,1,2024-05-01 08:00:00,1166.3
2214,112,1,2024-06-01 08:00:00,1443.0
2215,112,1,2024-07-01 08:00:00,1777.9
2216,112,1,2024-08-01 08:00:00,2108.7
2217,112,1,2024-09-01 08:00:00,2426.8
2218,112,1,2024-10-01 08:00:00,2695.8
2219,112,1,2024-11-01 08:00:00,2964.4
2220,112,1,2024-12-01 08:00:00,3276.8
2221,112,1,2025-01-01 08:00:00,3510.3
2222,112,1,2025-02-01 08:00:00,3807.6
2223,112,1,2025-03-01 08:00:00,4014.4
2224,112,1,2025-04-01 08:00:00,4323.0
2225,112,1,2025-05-01 08:00:00,4614.1
2226,112,1,2025-06-01 08:00:00,4842.9
2227,112,1,2025-07-01 08:00:00,5113.6
2228,112,1,2025-08-01 08:00:00,5361.2
2229,112,1,2025-09-01 08:00:00,5694.5
2230,112,1,2025-10-01 08:00:00,6032.9
2231,112,1,2025-11-01 08:00:00,6297.8
2232,112,1,2025-12-01 08:00:00,6515.0
2233,114,1,2024-01-01 08:00:00,0.0
2234,114,1,2024-02-01 08:00:00,639.6
2235,114,1,2024-03-01 08:00:00,1125.9
2236,114,1,2024-04-01 08:00:00,1570.5
2237,114,1,2024-05-01 08:00:00,2236.3
2238,114,1,2024-06-01 08:00:00,2793.4
2239,114,1,2024-07-01 08:00:00,3296.5
2240,114,1,2024-08-01 08:00:00,3930.7
2241,114,1,2024-09-01 08:00:00,4536.0
2242,114,1,2024-10-01 08:00:00,4956.3
2243,114,1,2024-11-01 08:00:00,5639.8
2244,114,1,2024-12-01 08:00:00,6195.4
2245,114,1,2025-01-01 08:00:00,6669.5
2246,114,1,2025-02-01 08:00:00,7096.8
2247,114,1,2025-03-01 08:00:00,7614.4
2248,114,1,2025-04-01 08:00:00,8198.9
2249,114,1,2025-05-01 08:00:00,8634.4
2250,114,1,2025-06-01 08:00:00,9205.5
2251,114,1,2025-07-01 08:00:00,9728.3
2252,114,1,2025-08-01 08:00:00,10270.3
2253,114,1,2025-09-01 08:00:00,10958.3
2254,114,1,2025-10-01 08:00:00,11445.5
2255,114,1,2025-11-01 08:00:00,12108.8
2256,114,1,2025-12-01 08:00:00,12608.7
2257,115,1,2024-01-01 08:00:00,0.0
2258,115,1,2024-02-01 08:00:00,358.6
2259,115,1,2024-03-01 08:00:00,570.8
2260,115,1,2024-04-01 08:00:00,825.7
2261,115,1,2024-05-01 08:00:00,1089.3
2262,115,1,2024-06-01 08:00:00,1407.1
2263,115,1,2024-07-01 08:00:00,1675.6
2264,115,1,2024-08-01 08:00:00,1902.0
2265,115,1,2024-09-01 08:00:00,2199.7
2266,115,1,2024-10-01 08:00:00,2538.9
2267,115,1,2024-11-01 08:00:00,2889.7
2268,115,1,2024-12-01 08:00:00,3243.8
2269,115,1,2025-01-01 08:00:00,3516.5
2270,115,1,2025-02-01 08:00:00,3757.5
2271,115,1,2025-03-01 08:00:00,3968.4
2272,115,1,2025-04-01 08:00:00,4316.4
2273,115,1,2025-05-01 08:00:00,4636.6
2274,115,1,2025-06-01 08:00:00,4950.3
2275,115,1,2025-07-01 08:00:00,5235.6
2276,115,1,2025-08-01 08:00:00,5524.7
2277,115,1,2025-09-01 08:00:00,5819.1
2278,115,1,2025-10-01 08:00:00,6086.0
2279,115,1,2025-11-01 08:00:00,6377.6
2280,115,1,2025-12-01 08:00:00,6623.1
2281,116,1,2024-01-01 08:00:00,0.0
2282,116,1,2024-02-01 08:00:00,335.1
2283,116,1,2024-03-01 08:00:00,651.0
2284,116,1,2024-04-01 08:00:00,957.0
2285,116,1,2024-05-01 08:00:00,1264.1
2286,116,1,2024-06-01 08:00:00,1484.1
2287,116,1,2024-07-01 08:00:00,1699.6
2288,116,1,2024-08-01 08:00:00,1918.2
2289,116,1,2024-09-01 08:00:00,2132.9
2290,116,1,2024-10-01 08:00:00,2428.5
2291,116,1,2024-11-01 08:00:00,2642.3
2292,116,1,2024-12-01 08:00:00,2963.7
2293,116,1,2025-01-01 08:00:00,3256.8
2294,116,1,2025-02-01 08:00:00,3485.8
2295,116,1,2025-03-01 08:00:00,3770.0
2296,116,1,2025-04-01 08:00:00,4085.6
2297,116,1,2025-05-01 08:00:00,4357.6
2298,116,1,2025-06-01 08:00:00,4576.0
2299,116,1,2025-07-01 08:00:00,4827.1
2300,116,1,2025-08-01 08:00:00,5106.2
2301,116,1,2025-09-01 08:00:00,5411.1
2302,116,1,2025-10-01 08:00:00,5649.1
2303,116,1,2025-11-01 08:00:00,5971.2
2304,116,1,2025-12-01 08:00:00,6203.0
2305,117,1,2024-01-01 08:00:00,0.0
2306,117,1,2024-02-01 08:00:00,692.3
2307,117,1,2024-03-01 08:00:00,1149.9
2308,117,1,2024-04-01 08:00:00,1820.8
2309,117,1,2024-05-01 08:00:00,2499.0
2310,117,1,2024-06-01 08:00:00,3040.6
2311,117,1,2024-07-01 08:00:00,3505.3
2312,117,1,2024-08-01 08:00:00,4246.0
2313,117,1,2024-09-01 08:00:00,4978.3
2314,117,1,2024-10-01 08:00:00,5626.9
2315,117,1,2024-11-01 08:00:00,6189.8
2316,117,1,2024-12-01 08:00:00,6663.8
2317,117,1,2025-01-01 08:00:00,7235.8
2318,117,1,2025-02-01 08:00:00,7895.5
2319,117,1,2025-03-01 08:00:00,8342.6
2320,117,1,2025-04-01 08:00:00,8798.3
2321,117,1,2025-05-01 08:00:00,9488.2
2322,117,1,2025-06-01 08:00:00,10141.9
2323,117,1,2025-07-01 08:00:00,10772.9
2324,117,1,2025-08-01 08:00:00,11498.2
2325,117,1,2025-09-01 08:00:00,12100.0
2326,117,1,2025-10-01 08:00:00,12625.6
2327,117,1,2025-11-01 08:00:00,13340.0
2328,117,1,2025-12-01 08:00:00,14052.8
2329,118,1,2024-01-01 08:00:00,0.0
2330,118,1,2024-02-01 08:00:00,221.1
2331,118,1,2024-03-01 08:00:00,400.8
2332,118,1,2024-04-01 08:00:00,605.6
2333,118,1,2024-05-01 08:00:00,781.8
2334,118,1,2024-06-01 08:00:00,1041.4
2335,118,1,2024-07-01 08:00:00,1226.8
2336,118,1,2024-08-01 08:00:00,1508.4
2337,118,1,2024-09-01 08:00:00,1755.0
2338,118,1,2024-10-01 08:00:00,1968.2
2339,118,1,2024-11-01 08:00:00,2240.7
2340,118,1,2024-12-01 08:00:00,2486.8
2341,118,1,2025-01-01 08:00:00,2752.8
2342,118,1,2025-02-01 08:00:00,3033.3
2343,118,1,2025-03-01 08:00:00,3279.3
2344,118,1,2025-04-01 08:00:00,3548.4
2345,118,1,2025-05-01 08:00:00,3803.3
2346,118,1,2025-06-01 08:00:00,4026.1
2347,118,1,2025-07-01 08:00:00,4272.3
2348,118,1,2025-08-01 08:00:00,4516.7
2349,118,1,2025-09-01 08:00:00,4807.1
2350,118,1,2025-10-01 08:00:00,5036.4
2351,118,1,2025-11-01 08:00:00,5241.3
2352,118,1,2025-12-01 08:00:00,5465.8
2353,119,1,2024-01-01 08:00:00,0.0
2354,119,1,2024-02-01 08:00:00,396.6
2355,119,1,2024-03-01 08:00:00,831.4
2356,119,1,2024-04-01 08:00:00,1172.4
2357,119,1,2024-05-01 08:00:00,1625.9
2358,119,1,2024-06-01 08:00:00,2059.4
2359,119,1,2024-07-01 08:00:00,2371.7
2360,119,1,2024-08-01 08:00:00,2712.6
2361,119,1,2024-09-01 08:00:00,3170.2
2362,119,1,2024-10-01 08:00:00,3593.6
2363,119,1,2024-11-01 08:00:00,3909.0
2364,119,1,2024-12-01 08:00:00,4293.4
2365,119,1,2025-01-01 08:00:00,4633.6
2366,119,1,2025-02-01 08:00:00,5039.3
2367,119,1,2025-03-01 08:00:00,5329.3
2368,119,1,2025-04-01 08:00:00,5683.4
2369,119,1,2025-05-01 08:00:00,6032.6
2370,119,1,2025-06-01 08:00:00,6421.2
2371,119,1,2025-07-01 08:00:00,6743.7
2372,119,1,2025-08-01 08:00:00,7167.5
2373,119,1,2025-09-01 08:00:00,7606.5
2374,119,1,2025-10-01 08:00:00,8001.0
2375,119,1,2025-11-01 08:00:00,8457.4
2376,119,1,2025-12-01 08:00:00,8878.9
2377,121,1,2024-01-01 08:00:00,0.0
2378,121,1,2024-02-01 08:00:00,264.7
2379,121,1,2024-03-01 08:00:00,519.2
2380,121,1,2024-04-01 08:00:00,820.6
2381,121,1,2024-05-01 08:00:00,1000.8
2382,121,1,2024-06-01 08:00:00,1215.0
2383,121,1,2024-07-01 08:00:00,1491.0
2384,121,1,2024-08-01 08:00:00,1783.3
2385,121,1,2024-09-01 08:00:00,2024.6
2386,121,1,2024-10-01 08:00:00,2260.3
2387,121,1,2024-11-01 08:00:00,2548.1
2388,121,1,2024-12-01 08:00:00,2781.2
2389,121,1,2025-01-01 08:00:00,3061.0
2390,121,1,2025-02-01 08:00:00,3360.2
2391,121,1,2025-03-01 08:00:00,3556.3
2392,121,1,2025-04-01 08:00:00,3774.9
2393,121,1,2025-05-01 08:00:00,4063.2
2394,121,1,2025-06-01 08:00:00,4299.8
2395,121,1,2025-07-01 08:00:00,4481.4
2396,121,1,2025-08-01 08:00:00,4727.3
2397,121,1,2025-09-01 08:00:00,4986.8
2398,121,1,2025-10-01 08:00:00,5194.9
2399,121,1,2025-11-01 08:00:00,5467.6
2400,121,1,2025-12-01 08:00:00,5674.4
2401,122,1,2024-01-01 08:00:00,0.0
2402,122,1,2024-02-01 08:00:00,277.8
2403,122,1,2024-03-01 08:00:00,577.8
2404,122,1,2024-04-01 08:00:00,855.0
2405,122,1,2024-05-01 08:00:00,1164.4
2406,122,1,2024-06-01 08:00:00,1379.8
2407,122,1,2024-07-01 08:00:00,1627.9
2408,122,1,2024-08-01 08:00:00,1892.6
2409,122,1,2024-09-01 08:00:00,2206.0
2410,122,1,2024-10-01 08:00:00,2484.7
2411,122,1,2024-11-01 08:00:00,2795.9
2412,122,1,2024-12-01 08:00:00,3039.7
2413,122,1,2025-01-01 08:00:00,3370.7
2414,122,1,2025-02-01 08:00:00,3685.7
2415,122,1,2025-03-01 08:00:00,3982.5
2416,122,1,2025-04-01 08:00:00,4224.3
2417,122,1,2025-05-01 08:00:00,4425.3
2418,122,1,2025-06-01 08:00:00,4713.9
2419,122,1,2025-07-01 08:00:00,4977.5
2420,122,1,2025-08-01 08:00:00,5287.9
2421,122,1,2025-09-01 08:00:00,5507.7
2422,122,1,2025-10-01 08:00:00,5784.5
2423,122,1,2025-11-01 08:00:00,6017.7
2424,122,1,2025-12-01 08:00:00,6284.1
2425,123,1,2024-01-01 08:00:00,0.0
2426,123,1,2024-02-01 08:00:00,243.2
2427,123,1,2024-03-01 08:00:00,522.0
2428,123,1,2024-04-01 08:00:00,740.4
2429,123,1,2024-05-01 08:00:00,972.1
2430,123,1,2024-06-01 08:00:00,1259.5
2431,123,1,2024-07-01 08:00:00,1475.6
2432,123,1,2024-08-01 08:00:00,1769.1
2433,123,1,2024-09-01 08:00:00,2012.5
2434,123,1,2024-10-01 08:00:00,2321.4
2435,123,1,2024-11-01 08:00:00,2660.4
2436,123,1,2024-12-01 08:00:00,2973.6
2437,123,1,2025-01-01 08:00:00,3200.1
2438,123,1,2025-02-01 08:00:00,3487.1
2439,123,1,2025-03-01 08:00:00,3697.6
2440,123,1,2025-04-01 08:00:00,3972.4
2441,123,1,2025-05-01 08:00:00,4296.6
2442,123,1,2025-06-01 08:00:00,4519.9
2443,123,1,2025-07-01 08:00:00,4764.6
2444,123,1,2025-08-01 08:00:00,5097.7
2445,123,1,2025-09-01 08:00:00,5372.1
2446,123,1,2025-10-01 08:00:00,5614.5
2447,123,1,2025-11-01 08:00:00,5964.9
2448,123,1,2025-12-01 08:00:00,6196.5
2449,124,1,2024-01-01 08:00:00,0.0
2450,124,1,2024-02-01 08:00:00,635.7
2451,124,1,2024-03-01 08:00:00,1188.7
2452,124,1,2024-04-01 08:00:00,1651.1
2453,124,1,2024-05-01 08:00:00,2271.3
2454,124,1,2024-06-01 08:00:00,2692.9
2455,124,1,2024-07-01 08:00:00,3282.8
2456,124,1,2024-08-01 08:00:00,3852.0
2457,124,1,2024-09-01 08:00:00,4288.5
2458,124,1,2024-10-01 08:00:00,4802.0
2459,124,1,2024-11-01 08:00:00,5197.6
2460,124,1,2024-12-01 08:00:00,5717.6
2461,124,1,2025-01-01 08:00:00,6257.2
2462,124,1,2025-02-01 08:00:00,6753.0
2463,124,1,2025-03-01 08:00:00,7295.6
2464,124,1,2025-04-01 08:00:00,7923.1
2465,124,1,2025-05-01 08:00:00,8433.5
2466,124,1,2025-06-01 08:00:00,8996.3
2467,124,1,2025-07-01 08:00:00,9411.9
2468,124,1,2025-08-01 08:00:00,10056.4
2469,124,1,2025-09-01 08:00:00,10665.6
2470,124,1,2025-10-01 08:00:00,11277.4
2471,124,1,2025-11-01 08:00:00,11866.5
2472,124,1,2025-12-01 08:00:00,12325.3
2473,125,1,2024-01-01 08:00:00,0.0
2474,125,1,2024-02-01 08:00:00,247.7
2475,125,1,2024-03-01 08:00:00,545.7
2476,125,1,2024-04-01 08:00:00,836.8
2477,125,1,2024-05-01 08:00:00,1170.9
2478,125,1,2024-06-01 08:00:00,1500.7
2479,125,1,2024-07-01 08:00:00,1764.3
2480,125,1,2024-08-01 08:00:00,2110.4
2481,125,1,2024-09-01 08:00:00,2392.6
2482,125,1,2024-10-01 08:00:00,2656.5
2483,125,1,2024-11-01 08:00:00,2955.0
2484,125,1,2024-12-01 08:00:00,3205.7
2485,125,1,2025-01-01 08:00:00,3490.0
2486,125,1,2025-02-01 08:00:00,3764.5
2487,125,1,2025-03-01 08:00:00,3979.9
2488,125,1,2025-04-01 08:00:00,4260.5
2489,125,1,2025-05-01 08:00:00,4556.4
2490,125,1,2025-06-01 08:00:00,4917.0
2491,125,1,2025-07-01 08:00:00,5171.0
2492,125,1,2025-08-01 08:00:00,5455.7
2493,125,1,2025-09-01 08:00:00,5695.3
2494,125,1,2025-10-01 08:00:00,5933.9
2495,125,1,2025-11-01 08:00:00,6222.9
2496,125,1,2025-12-01 08:00:00,6523.6
2497,126,1,2024-01-01 08:00:00,0.0
2498,126,1,2024-02-01 08:00:00,605.6
2499,126,1,2024-03-01 08:00:00,1170.6
2500,126,1,2024-04-01 08:00:00,1576.9
2501,126,1,2024-05-01 08:00:00,1972.7
2502,126,1,2024-06-01 08:00:00,2475.9
2503,126,1,2024-07-01 08:00:00,2984.9
2504,126,1,2024-08-01 08:00:00,3513.0
2505,126,1,2024-09-01 08:00:00,4013.7
2506,126,1,2024-10-01 08:00:00,4615.6
2507,126,1,2024-11-01 08:00:00,5121.9
2508,126,1,2024-12-01 08:00:00,5713.0
2509,126,1,2025-01-01 08:00:00,6336.7
2510,126,1,2025-02-01 08:00:00,6827.0
2511,126,1,2025-03-01 08:00:00,7201.2
2512,126,1,2025-04-01 08:00:00,7662.5
2513,126,1,2025-05-01 08:00:00,8116.7
2514,126,1,2025-06-01 08:00:00,8716.0
2515,126,1,2025-07-01 08:00:00,9313.3
2516,126,1,2025-08-01 08:00:00,9736.4
2517,126,1,2025-09-01 08:00:00,10122.7
2518,126,1,2025-10-01 08:00:00,10689.0
2519,126,1,2025-11-01 08:00:00,11207.4
2520,126,1,2025-12-01 08:00:00,11754.8
2521,127,1,2024-01-01 08:00:00,0.0
2522,127,1,2024-02-01 08:00:00,310.9
2523,127,1,2024-03-01 08:00:00,567.3
2524,127,1,2024-04-01 08:00:00,898.9
2525,127,1,2024-05-01 08:00:00,1172.5
2526,127,1,2024-06-01 08:00:00,1517.4
2527,127,1,2024-07-01 08:00:00,1906.7
2528,127,1,2024-08-01 08:00:00,2180.5
2529,127,1,2024-09-01 08:00:00,2599.4
2530,127,1,2024-10-01 08:00:00,2877.0
2531,127,1,2024-11-01 08:00:00,3254.7
2532,127,1,2024-12-01 08:00:00,3551.7
2533,127,1,2025-01-01 08:00:00,3961.7
2534,127,1,2025-02-01 08:00:00,4229.2
2535,127,1,2025-03-01 08:00:00,4534.2
2536,127,1,2025-04-01 08:00:00,4964.3
2537,127,1,2025-05-01 08:00:00,5240.1
2538,127,1,2025-06-01 08:00:00,5635.7
2539,127,1,2025-07-01 08:00:00,6013.0
2540,127,1,2025-08-01 08:00:00,6333.3
2541,127,1,2025-09-01 08:00:00,6609.3
2542,127,1,2025-10-01 08:00:00,7004.2
2543,127,1,2025-11-01 08:00:00,7424.5
2544,127,1,2025-12-01 08:00:00,7702.8
2545,129,1,2024-01-01 08:00:00,0.0
2546,129,1,2024-02-01 08:00:00,560.8
2547,129,1,2024-03-01 08:00:00,1136.3
2548,129,1,2024-04-01 08:00:00,1555.8
2549,129,1,2024-05-01 08:00:00,2078.0
2550,129,1,2024-06-01 08:00:00,2741.4
2551,129,1,2024-07-01 08:00:00,3334.6
2552,129,1,2024-08-01 08:00:00,3814.2
2553,129,1,2024-09-01 08:00:00,4387.2
2554,129,1,2024-10-01 08:00:00,4837.2
2555,129,1,2024-11-01 08:00:00,5304.7
2556,129,1,2024-12-01 08:00:00,5748.8
2557,129,1,2025-01-01 08:00:00,6207.9
2558,129,1,2025-02-01 08:00:00,6748.3
2559,129,1,2025-03-01 08:00:00,7191.4
2560,129,1,2025-04-01 08:00:00,7805.1
2561,129,1,2025-05-01 08:00:00,8428.5
2562,129,1,2025-06-01 08:00:00,8965.8
2563,129,1,2025-07-01 08:00:00,9410.4
2564,129,1,2025-08-01 08:00:00,10082.0
2565,129,1,2025-09-01 08:00:00,10503.4
2566,129,1,2025-10-01 08:00:00,11039.2
2567,129,1,2025-11-01 08:00:00,11506.1
2568,129,1,2025-12-01 08:00:00,12140.6
2569,130,1,2024-01-01 08:00:00,0.0
2570,130,1,2024-02-01 08:00:00,428.9
2571,130,1,2024-03-01 08:00:00,825.3
2572,130,1,2024-04-01 08:00:00,1223.7
2573,130,1,2024-05-01 08:00:00,1600.7
2574,130,1,2024-06-01 08:00:00,2026.2
2575,130,1,2024-07-01 08:00:00,2318.2
2576,130,1,2024-08-01 08:00:00,2719.5
2577,130,1,2024-09-01 08:00:00,3002.6
2578,130,1,2024-10-01 08:00:00,3317.3
2579,130,1,2024-11-01 08:00:00,3649.4
2580,130,1,2024-12-01 08:00:00,4068.1
2581,130,1,2025-01-01 08:00:00,4386.4
2582,130,1,2025-02-01 08:00:00,4744.4
2583,130,1,2025-03-01 08:00:00,5079.8
2584,130,1,2025-04-01 08:00:00,5458.6
2585,130,1,2025-05-01 08:00:00,5733.7
2586,130,1,2025-06-01 08:00:00,6092.4
2587,130,1,2025-07-01 08:00:00,6451.9
2588,130,1,2025-08-01 08:00:00,6869.0
2589,130,1,2025-09-01 08:00:00,7295.3
2590,130,1,2025-10-01 08:00:00,7589.2
2591,130,1,2025-11-01 08:00:00,7888.8
2592,130,1,2025-12-01 08:00:00,8256.3
2593,131,1,2024-01-01 08:00:00,0.0
2594,131,1,2024-02-01 08:00:00,478.4
2595,131,1,2024-03-01 08:00:00,770.0
2596,131,1,2024-04-01 08:00:00,1254.4
2597,131,1,2024-05-01 08:00:00,1605.1
2598,131,1,2024-06-01 08:00:00,2107.6
2599,131,1,2024-07-01 08:00:00,2490.0
2600,131,1,2024-08-01 08:00:00,2969.2
2601,131,1,2024-09-01 08:00:00,3318.6
2602,131,1,2024-10-01 08:00:00,3719.3
2603,131,1,2024-11-01 08:00:00,4041.4
2604,131,1,2024-12-01 08:00:00,4482.5
2605,131,1,2025-01-01 08:00:00,4979.5
2606,131,1,2025-02-01 08:00:00,5456.9
2607,131,1,2025-03-01 08:00:00,5858.8
2608,131,1,2025-04-01 08:00:00,6192.0
2609,131,1,2025-05-01 08:00:00,6681.1
2610,131,1,2025-06-01 08:00:00,7059.1
2611,131,1,2025-07-01 08:00:00,7480.5
2612,131,1,2025-08-01 08:00:00,7844.4
2613,131,1,2025-09-01 08:00:00,8318.6
2614,131,1,2025-10-01 08:00:00,8691.0
2615,131,1,2025-11-01 08:00:00,9078.4
2616,131,1,2025-12-01 08:00:00,9378.8
2617,132,1,2024-01-01 08:00:00,0.0
2618,132,1,2024-02-01 08:00:00,531.0
2619,132,1,2024-03-01 08:00:00,999.9
2620,132,1,2024-04-01 08:00:00,1537.4
2621,132,1,2024-05-01 08:00:00,1940.9
2622,132,1,2024-06-01 08:00:00,2416.1
2623,132,1,2024-07-01 08:00:00,2832.5
2624,132,1,2024-08-01 08:00:00,3360.8
2625,132,1,2024-09-01 08:00:00,3763.7
2626,132,1,2024-10-01 08:00:00,4154.5
2627,132,1,2024-11-01 08:00:00,4566.3
2628,132,1,2024-12-01 08:00:00,4992.2
2629,132,1,2025-01-01 08:00:00,5515.9
2630,132,1,2025-02-01 08:00:00,5893.7
2631,132,1,2025-03-01 08:00:00,6321.0
2632,132,1,2025-04-01 08:00:00,6720.0
2633,132,1,2025-05-01 08:00:00,7059.7
2634,132,1,2025-06-01 08:00:00,7597.6
2635,132,1,2025-07-01 08:00:00,8083.2
2636,132,1,2025-08-01 08:00:00,8620.6
2637,132,1,2025-09-01 08:00:00,9039.8
2638,132,1,2025-10-01 08:00:00,9519.5
2639,132,1,2025-11-01 08:00:00,9992.5
2640,132,1,2025-12-01 08:00:00,10443.5
2641,133,1,2024-01-01 08:00:00,0.0
2642,133,1,2024-02-01 08:00:00,208.0
2643,133,1,2024-03-01 08:00:00,464.2
2644,133,1,2024-04-01 08:00:00,743.8
2645,133,1,2024-05-01 08:00:00,997.0
2646,133,1,2024-06-01 08:00:00,1204.6
2647,133,1,2024-07-01 08:00:00,1472.8
2648,133,1,2024-08-01 08:00:00,1671.1
2649,133,1,2024-09-01 08:00:00,1962.1
2650,133,1,2024-10-01 08:00:00,2185.1
2651,133,1,2024-11-01 08:00:00,2456.3
2652,133,1,2024-12-01 08:00:00,2654.6
2653,133,1,2025-01-01 08:00:00,2876.7
2654,133,1,2025-02-01 08:00:00,3120.3
2655,133,1,2025-03-01 08:00:00,3340.5
2656,133,1,2025-04-01 08:00:00,3536.8
2657,133,1,2025-05-01 08:00:00,3778.7
2658,133,1,2025-06-01 08:00:00,3972.4
2659,133,1,2025-07-01 08:00:00,4257.4
2660,133,1,2025-08-01 08:00:00,4492.3
2661,133,1,2025-09-01 08:00:00,4729.2
2662,133,1,2025-10-01 08:00:00,4974.4
2663,133,1,2025-11-01 08:00:00,5252.0
2664,133,1,2025-12-01 08:00:00,5438.8
2665,134,1,2024-01-01 08:00:00,0.0
2666,134,1,2024-02-01 08:00:00,473.0
2667,134,1,2024-03-01 08:00:00,821.0
2668,134,1,2024-04-01 08:00:00,1248.5
2669,134,1,2024-05-01 08:00:00,1821.4
2670,134,1,2024-06-01 08:00:00,2218.3
2671,134,1,2024-07-01 08:00:00,2578.4
2672,134,1,2024-08-01 08:00:00,3169.1
2673,134,1,2024-09-01 08:00:00,3742.6
2674,134,1,2024-10-01 08:00:00,4205.2
2675,134,1,2024-11-01 08:00:00,4575.4
2676,134,1,2024-12-01 08:00:00,5066.3
2677,134,1,2025-01-01 08:00:00,5628.8
2678,134,1,2025-02-01 08:00:00,6065.5
2679,134,1,2025-03-01 08:00:00,6435.7
2680,134,1,2025-04-01 08:00:00,7019.1
2681,134,1,2025-05-01 08:00:00,7552.2
2682,134,1,2025-06-01 08:00:00,8027.4
2683,134,1,2025-07-01 08:00:00,8592.0
2684,134,1,2025-08-01 08:00:00,9105.1
2685,134,1,2025-09-01 08:00:00,9697.8
2686,134,1,2025-10-01 08:00:00,10078.4
2687,134,1,2025-11-01 08:00:00,10550.8
2688,134,1,2025-12-01 08:00:00,11063.6
2689,135,1,2024-01-01 08:00:00,0.0
2690,135,1,2024-02-01 08:00:00,415.2
2691,135,1,2024-03-01 08:00:00,788.0
2692,135,1,2024-04-01 08:00:00,1127.1
2693,135,1,2024-05-01 08:00:00,1483.9
2694,135,1,2024-06-01 08:00:00,1901.2
2695,135,1,2024-07-01 08:00:00,2290.8
2696,135,1,2024-08-01 08:00:00,2661.2
2697,135,1,2024-09-01 08:00:00,2996.1
2698,135,1,2024-10-01 08:00:00,3294.2
2699,135,1,2024-11-01 08:00:00,3736.0
2700,135,1,2024-12-01 08:00:00,4160.1
2701,135,1,2025-01-01 08:00:00,4560.1
2702,135,1,2025-02-01 08:00:00,4952.3
2703,135,1,2025-03-01 08:00:00,5234.2
2704,135,1,2025-04-01 08:00:00,5603.5
2705,135,1,2025-05-01 08:00:00,5967.5
2706,135,1,2025-06-01 08:00:00,6339.5
2707,135,1,2025-07-01 08:00:00,6660.3
2708,135,1,2025-08-01 08:00:00,6970.1
2709,135,1,2025-09-01 08:00:00,7428.7
2710,135,1,2025-10-01 08:00:00,7805.7
2711,135,1,2025-11-01 08:00:00,8251.7
2712,135,1,2025-12-01 08:00:00,8649.3
2713,136,1,2024-01-01 08:00:00,0.0
2714,136,1,2024-02-01 08:00:00,428.8
2715,136,1,2024-03-01 08:00:00,952.6
2716,136,1,2024-04-01 08:00:00,1495.8
2717,136,1,2024-05-01 08:00:00,1908.4
2718,136,1,2024-06-01 08:00:00,2467.6
2719,136,1,2024-07-01 08:00:00,2901.5
2720,136,1,2024-08-01 08:00:00,3330.9
2721,136,1,2024-09-01 08:00:00,3986.6
2722,136,1,2024-10-01 08:00:00,4513.9
2723,136,1,2024-11-01 08:00:00,5000.4
2724,136,1,2024-12-01 08:00:00,5413.4
2725,136,1,2025-01-01 08:00:00,6051.5
2726,136,1,2025-02-01 08:00:00,6696.2
2727,136,1,2025-03-01 08:00:00,7118.7
2728,136,1,2025-04-01 08:00:00,7632.4
2729,136,1,2025-05-01 08:00:00,8182.1
2730,136,1,2025-06-01 08:00:00,8612.2
2731,136,1,2025-07-01 08:00:00,9134.8
2732,136,1,2025-08-01 08:00:00,9592.7
2733,136,1,2025-09-01 08:00:00,10052.3
2734,136,1,2025-10-01 08:00:00,10591.4
2735,136,1,2025-11-01 08:00:00,11072.9
2736,136,1,2025-12-01 08:00:00,11598.8
2737,138,1,2024-01-01 08:00:00,0.0
2738,138,1,2024-02-01 08:00:00,394.2
2739,138,1,2024-03-01 08:00:00,696.6
2740,138,1,2024-04-01 08:00:00,1022.5
2741,138,1,2024-05-01 08:00:00,1336.5
2742,138,1,2024-06-01 08:00:00,1718.7
2743,138,1,2024-07-01 08:00:00,2061.7
2744,138,1,2024-08-01 08:00:00,2313.0
2745,138,1,2024-09-01 08:00:00,2578.2
2746,138,1,2024-10-01 08:00:00,2905.3
2747,138,1,2024-11-01 08:00:00,3272.2
2748,138,1,2024-12-01 08:00:00,3528.7
2749,138,1,2025-01-01 08:00:00,3854.8
2750,138,1,2025-02-01 08:00:00,4203.0
2751,138,1,2025-03-01 08:00:00,4483.0
2752,138,1,2025-04-01 08:00:00,4839.3
2753,138,1,2025-05-01 08:00:00,5130.4
2754,138,1,2025-06-01 08:00:00,5475.5
2755,138,1,2025-07-01 08:00:00,5831.5
2756,138,1,2025-08-01 08:00:00,6229.4
2757,138,1,2025-09-01 08:00:00,6577.0
2758,138,1,2025-10-01 08:00:00,6869.5
2759,138,1,2025-11-01 08:00:00,7230.2
2760,138,1,2025-12-01 08:00:00,7592.0
2761,139,1,2024-01-01 08:00:00,0.0
2762,139,1,2024-02-01 08:00:00,317.1
2763,139,1,2024-03-01 08:00:00,704.8
2764,139,1,2024-04-01 08:00:00,1076.1
2765,139,1,2024-05-01 08:00:00,1379.4
2766,139,1,2024-06-01 08:00:00,1772.4
2767,139,1,2024-07-01 08:00:00,2229.7
2768,139,1,2024-08-01 08:00:00,2528.0
2769,139,1,2024-09-01 08:00:00,2912.5
2770,139,1,2024-10-01 08:00:00,3360.1
2771,139,1,2024-11-01 08:00:00,3826.9
2772,139,1,2024-12-01 08:00:00,4167.7
2773,139,1,2025-01-01 08:00:00,4488.4
2774,139,1,2025-02-01 08:00:00,4855.2
2775,139,1,2025-03-01 08:00:00,5169.5
2776,139,1,2025-04-01 08:00:00,5547.8
2777,139,1,2025-05-01 08:00:00,5934.3
2778,139,1,2025-06-01 08:00:00,6365.7
2779,139,1,2025-07-01 08:00:00,6759.1
2780,139,1,2025-08-01 08:00:00,7213.5
2781,139,1,2025-09-01 08:00:00,7638.8
2782,139,1,2025-10-01 08:00:00,8011.4
2783,139,1,2025-11-01 08:00:00,8322.4
2784,139,1,2025-12-01 08:00:00,8746.2
2785,140,1,2024-01-01 08:00:00,0.0
2786,140,1,2024-02-01 08:00:00,427.4
2787,140,1,2024-03-01 08:00:00,922.6
2788,140,1,2024-04-01 08:00:00,1314.7
2789,140,1,2024-05-01 08:00:00,1856.9
2790,140,1,2024-06-01 08:00:00,2283.1
2791,140,1,2024-07-01 08:00:00,2780.4
2792,140,1,2024-08-01 08:00:00,3224.9
2793,140,1,2024-09-01 08:00:00,3711.0
2794,140,1,2024-10-01 08:00:00,4256.3
2795,140,1,2024-11-01 08:00:00,4696.9
2796,140,1,2024-12-01 08:00:00,5064.5
2797,140,1,2025-01-01 08:00:00,5455.0
2798,140,1,2025-02-01 08:00:00,5844.7
2799,140,1,2025-03-01 08:00:00,6279.8
2800,140,1,2025-04-01 08:00:00,6671.7
2801,140,1,2025-05-01 08:00:00,7127.2
2802,140,1,2025-06-01 08:00:00,7666.0
2803,140,1,2025-07-01 08:00:00,8229.6
2804,140,1,2025-08-01 08:00:00,8654.5
2805,140,1,2025-09-01 08:00:00,9236.1
2806,140,1,2025-10-01 08:00:00,9822.4
2807,140,1,2025-11-01 08:00:00,10344.0
2808,140,1,2025-12-01 08:00:00,10874.6
2809,141,1,2024-01-01 08:00:00,0.0
2810,141,1,2024-02-01 08:00:00,497.7
2811,141,1,2024-03-01 08:00:00,960.6
2812,141,1,2024-04-01 08:00:00,1332.2
2813,141,1,2024-05-01 08:00:00,1667.5
2814,141,1,2024-06-01 08:00:00,1988.2
2815,141,1,2024-07-01 08:00:00,2381.4
2816,141,1,2024-08-01 08:00:00,2872.1
2817,141,1,2024-09-01 08:00:00,3188.0
2818,141,1,2024-10-01 08:00:00,3602.9
2819,141,1,2024-11-01 08:00:00,4076.0
2820,141,1,2024-12-01 08:00:00,4446.6
2821,141,1,2025-01-01 08:00:00,4875.4
2822,141,1,2025-02-01 08:00:00,5271.0
2823,141,1,2025-03-01 08:00:00,5560.7
2824,141,1,2025-04-01 08:00:00,5968.2
2825,141,1,2025-05-01 08:00:00,6283.1
2826,141,1,2025-06-01 08:00:00,6726.4
2827,141,1,2025-07-01 08:00:00,7083.6
2828,141,1,2025-08-01 08:00:00,7550.2
2829,141,1,2025-09-01 08:00:00,7974.1
2830,141,1,2025-10-01 08:00:00,8451.0
2831,141,1,2025-11-01 08:00:00,8904.7
2832,141,1,2025-12-01 08:00:00,9341.3
2833,142,1,2024-01-01 08:00:00,0.0
2834,142,1,2024-02-01 08:00:00,382.0
2835,142,1,2024-03-01 08:00:00,735.6
2836,142,1,2024-04-01 08:00:00,1108.8
2837,142,1,2024-05-01 08:00:00,1359.9
2838,142,1,2024-06-01 08:00:00,1621.0
2839,142,1,2024-07-01 08:00:00,1881.7
2840,142,1,2024-08-01 08:00:00,2145.2
2841,142,1,2024-09-01 08:00:00,2531.7
2842,142,1,2024-10-01 08:00:00,2869.4
2843,142,1,2024-11-01 08:00:00,3211.4
2844,142,1,2024-12-01 08:00:00,3475.0
2845,142,1,2025-01-01 08:00:00,3861.8
2846,142,1,2025-02-01 08:00:00,4135.5
2847,142,1,2025-03-01 08:00:00,4401.9
2848,142,1,2025-04-01 08:00:00,4796.1
2849,142,1,2025-05-01 08:00:00,5157.2
2850,142,1,2025-06-01 08:00:00,5430.8
2851,142,1,2025-07-01 08:00:00,5692.5
2852,142,1,2025-08-01 08:00:00,6018.2
2853,142,1,2025-09-01 08:00:00,6376.6
2854,142,1,2025-10-01 08:00:00,6666.1
2855,142,1,2025-11-01 08:00:00,7021.5
2856,142,1,2025-12-01 08:00:00,7329.1
2857,144,1,2024-01-01 08:00:00,0.0
2858,144,1,2024-02-01 08:00:00,519.8
2859,144,1,2024-03-01 08:00:00,874.9
2860,144,1,2024-04-01 08:00:00,1230.4
2861,144,1,2024-05-01 08:00:00,1581.5
2862,144,1,2024-06-01 08:00:00,1954.4
2863,144,1,2024-07-01 08:00:00,2348.6
2864,144,1,2024-08-01 08:00:00,2692.0
2865,144,1,2024-09-01 08:00:00,3209.5
2866,144,1,2024-10-01 08:00:00,3713.7
2867,144,1,2024-11-01 08:00:00,4205.4
2868,144,1,2024-12-01 08:00:00,4606.4
2869,144,1,2025-01-01 08:00:00,5096.6
2870,144,1,2025-02-01 08:00:00,5558.3
2871,144,1,2025-03-01 08:00:00,5992.4
2872,144,1,2025-04-01 08:00:00,6348.5
2873,144,1,2025-05-01 08:00:00,6858.2
2874,144,1,2025-06-01 08:00:00,7270.8
2875,144,1,2025-07-01 08:00:00,7653.5
2876,144,1,2025-08-01 08:00:00,8075.3
2877,144,1,2025-09-01 08:00:00,8466.0
2878,144,1,2025-10-01 08:00:00,9000.7
2879,144,1,2025-11-01 08:00:00,9477.9
2880,144,1,2025-12-01 08:00:00,9992.1
2881,145,1,2024-01-01 08:00:00,0.0
2882,145,1,2024-02-01 08:00:00,663.0
2883,145,1,2024-03-01 08:00:00,1310.9
2884,145,1,2024-04-01 08:00:00,1790.8
2885,145,1,2024-05-01 08:00:00,2287.8
2886,145,1,2024-06-01 08:00:00,2838.6
2887,145,1,2024-07-01 08:00:00,3431.8
2888,145,1,2024-08-01 08:00:00,4085.8
2889,145,1,2024-09-01 08:00:00,4620.6
2890,145,1,2024-10-01 08:00:00,5273.8
2891,145,1,2024-11-01 08:00:00,5895.7
2892,145,1,2024-12-01 08:00:00,6420.6
2893,145,1,2025-01-01 08:00:00,7049.9
2894,145,1,2025-02-01 08:00:00,7727.5
2895,145,1,2025-03-01 08:00:00,8208.3
2896,145,1,2025-04-01 08:00:00,8754.9
2897,145,1,2025-05-01 08:00:00,9367.0
2898,145,1,2025-06-01 08:00:00,9925.7
2899,145,1,2025-07-01 08:00:00,10397.7
2900,145,1,2025-08-01 08:00:00,11075.8
2901,145,1,2025-09-01 08:00:00,11570.3
2902,145,1,2025-10-01 08:00:00,12061.0
2903,145,1,2025-11-01 08:00:00,12743.0
2904,145,1,2025-12-01 08:00:00,13341.5
2905,146,1,2024-01-01 08:00:00,0.0
2906,146,1,2024-02-01 08:00:00,328.1
2907,146,1,2024-03-01 08:00:00,614.6
2908,146,1,2024-04-01 08:00:00,1079.7
2909,146,1,2024-05-01 08:00:00,1371.8
2910,146,1,2024-06-01 08:00:00,1677.0
2911,146,1,2024-07-01 08:00:00,2098.3
2912,146,1,2024-08-01 08:00:00,2560.4
2913,146,1,2024-09-01 08:00:00,2987.8
2914,146,1,2024-10-01 08:00:00,3316.0
2915,146,1,2024-11-01 08:00:00,3660.5
2916,146,1,2024-12-01 08:00:00,4120.1
2917,146,1,2025-01-01 08:00:00,4545.7
2918,146,1,2025-02-01 08:00:00,4995.3
2919,146,1,2025-03-01 08:00:00,5336.5
2920,146,1,2025-04-01 08:00:00,5776.5
2921,146,1,2025-05-01 08:00:00,6239.5
2922,146,1,2025-06-01 08:00:00,6600.3
2923,146,1,2025-07-01 08:00:00,6942.9
2924,146,1,2025-08-01 08:00:00,7244.5
2925,146,1,2025-09-01 08:00:00,7677.0
2926,146,1,2025-10-01 08:00:00,8004.9
2927,146,1,2025-11-01 08:00:00,8346.3
2928,146,1,2025-12-01 08:00:00,8745.7
