orden_id,plan_id,activo_id,fecha_emision,fecha_vencimiento,fecha_ejecucion,estado
1,1.0,104,2024-03-26,2024-04-25,2024-04-22,cumplida
2,1.0,104,2025-03-26,2025-04-25,2025-04-21,cumplida
3,1.0,121,2024-11-07,2024-12-07,2024-12-02,cumplida
4,1.0,121,2025-11-07,2025-12-07,2025-11-30,cumplida
5,1.0,122,2024-03-29,2024-04-28,2024-04-24,cumplida
6,1.0,122,2025-03-29,2025-04-28,,vencida
7,2.0,104,2024-01-27,2024-02-11,2024-02-08,cumplida
8,2.0,104,2024-04-26,2024-05-11,2024-05-05,cumplida
9,2.0,104,2024-07-25,2024-08-09,,vencida
10,2.0,104,2024-10-23,2024-11-07,,vencida
11,2.0,104,2025-01-21,2025-02-05,2025-02-02,cumplida
12,2.0,104,2025-04-21,2025-05-06,2025-05-03,cumplida
13,2.0,104,2025-07-20,2025-08-04,,vencida
14,2.0,104,2025-10-18,2025-11-02,2025-10-28,cumplida
15,2.0,121,2024-01-30,2024-02-14,2024-02-11,cumplida
16,2.0,121,2024-04-29,2024-05-14,2024-05-05,cumplida
17,2.0,121,2024-07-28,2024-08-12,2024-07-30,cumplida
18,2.0,121,2024-10-26,2024-11-10,2024-11-08,cumplida
19,2.0,121,2025-01-24,2025-02-08,2025-02-02,cumplida
20,2.0,121,2025-04-24,2025-05-09,2025-05-04,cumplida
21,2.0,121,2025-07-23,2025-08-07,2025-07-31,cumplida
22,2.0,121,2025-10-21,2025-11-05,2025-10-21,cumplida
23,2.0,122,2024-01-16,2024-01-31,,vencida
24,2.0,122,2024-04-15,2024-04-30,2024-04-18,cumplida
25,2.0,122,2024-07-14,2024-07-29,,anulada
26,2.0,122,2024-10-12,2024-10-27,2024-11-04,vencida
27,2.0,122,2025-01-10,2025-01-25,2025-01-13,cumplida
28,2.0,122,2025-04-10,2025-04-25,2025-05-02,vencida
29,2.0,122,2025-07-09,2025-07-24,2025-07-20,cumplida
30,2.0,122,2025-10-07,2025-10-22,2025-10-21,cumplida
31,3.0,30,2024-01-05,2024-01-20,2024-01-16,cumplida
32,3.0,30,2024-02-05,2024-02-20,2024-02-08,cumplida
33,3.0,30,2024-03-07,2024-03-22,2024-03-31,vencida
34,3.0,30,2024-04-07,2024-04-22,2024-04-19,cumplida
35,3.0,30,2024-05-08,2024-05-23,2024-05-20,cumplida
36,3.0,30,2024-06-08,2024-06-23,,vencida
37,3.0,30,2024-07-09,2024-07-24,2024-07-20,cumplida
38,3.0,30,2024-08-09,2024-08-24,2024-08-20,cumplida
39,3.0,30,2024-09-09,2024-09-24,2024-10-08,vencida
40,3.0,30,2024-10-10,2024-10-25,2024-10-16,cumplida
41,3.0,30,2024-11-10,2024-11-25,,vencida
42,3.0,30,2024-12-11,2024-12-26,2024-12-13,cumplida
43,3.0,30,2025-01-11,2025-01-26,2025-02-08,vencida
44,3.0,30,2025-02-11,2025-02-26,2025-02-18,cumplida
45,3.0,30,2025-03-14,2025-03-29,2025-03-27,cumplida
46,3.0,30,2025-04-14,2025-04-29,2025-04-24,cumplida
47,3.0,30,2025-05-15,2025-05-30,2025-05-24,cumplida
48,3.0,30,2025-06-15,2025-06-30,2025-06-17,cumplida
49,3.0,30,2025-07-16,2025-07-31,2025-07-24,cumplida
50,3.0,30,2025-08-16,2025-08-31,2025-08-20,cumplida
51,3.0,30,2025-09-16,2025-10-01,2025-09-26,cumplida
52,3.0,30,2025-10-17,2025-11-01,2025-10-26,cumplida
53,3.0,30,2025-11-17,2025-12-02,2025-11-28,cumplida
54,3.0,30,2025-12-18,2026-01-02,2025-12-25,cumplida
55,3.0,31,2024-01-11,2024-01-26,2024-01-16,cumplida
56,3.0,31,2024-02-11,2024-02-26,2024-02-12,cumplida
57,3.0,31,2024-03-13,2024-03-28,2024-03-21,cumplida
58,3.0,31,2024-04-13,2024-04-28,,vencida
59,3.0,31,2024-05-14,2024-05-29,2024-06-01,vencida
60,3.0,31,2024-06-14,2024-06-29,2024-07-13,vencida
61,3.0,31,2024-07-15,2024-07-30,2024-07-18,cumplida
62,3.0,31,2024-08-15,2024-08-30,2024-08-19,cumplida
63,3.0,31,2024-09-15,2024-09-30,2024-09-22,cumplida
64,3.0,31,2024-10-16,2024-10-31,2024-11-10,vencida
65,3.0,31,2024-11-16,2024-12-01,2024-11-24,cumplida
66,3.0,31,2024-12-17,2025-01-01,2024-12-20,cumplida
67,3.0,31,2025-01-17,2025-02-01,2025-01-25,cumplida
68,3.0,31,2025-02-17,2025-03-04,2025-02-24,cumplida
69,3.0,31,2025-03-20,2025-04-04,2025-04-02,cumplida
70,3.0,31,2025-04-20,2025-05-05,2025-05-04,cumplida
71,3.0,31,2025-05-21,2025-06-05,2025-05-26,cumplida
72,3.0,31,2025-06-21,2025-07-06,2025-06-28,cumplida
73,3.0,31,2025-07-22,2025-08-06,2025-07-24,cumplida
74,3.0,31,2025-08-22,2025-09-06,2025-08-23,cumplida
75,3.0,31,2025-09-22,2025-10-07,,vencida
76,3.0,31,2025-10-23,2025-11-07,,vencida
77,3.0,31,2025-11-23,2025-12-08,2025-11-30,cumplida
78,3.0,31,2025-12-24,2026-01-08,2025-12-29,cumplida
79,3.0,103,2024-01-28,2024-02-12,2024-01-30,cumplida
80,3.0,103,2024-02-28,2024-03-14,2024-03-12,cumplida
81,3.0,103,2024-03-30,2024-04-14,2024-04-09,cumplida
82,3.0,103,2024-04-30,2024-05-15,2024-05-09,cumplida
83,3.0,103,2024-05-31,2024-06-15,2024-06-08,cumplida
84,3.0,103,2024-07-01,2024-07-16,2024-07-07,cumplida
85,3.0,103,2024-08-01,2024-08-16,2024-08-04,cumplida
86,3.0,103,2024-09-01,2024-09-16,,vencida
87,3.0,103,2024-10-02,2024-10-17,,vencida
88,3.0,103,2024-11-02,2024-11-17,2024-12-03,vencida
89,3.0,103,2024-12-03,2024-12-18,2024-12-14,cumplida
90,3.0,103,2025-01-03,2025-01-18,2025-01-09,cumplida
91,3.0,103,2025-02-03,2025-02-18,2025-02-09,cumplida
92,3.0,103,2025-03-06,2025-03-21,2025-03-14,cumplida
93,3.0,103,2025-04-06,2025-04-21,2025-04-08,cumplida
94,3.0,103,2025-05-07,2025-05-22,2025-05-11,cumplida
95,3.0,103,2025-06-07,2025-06-22,,vencida
96,3.0,103,2025-07-08,2025-07-23,2025-07-18,cumplida
97,3.0,103,2025-08-08,2025-08-23,,vencida
98,3.0,103,2025-09-08,2025-09-23,2025-10-05,vencida
99,3.0,103,2025-10-09,2025-10-24,2025-10-11,cumplida
100,3.0,103,2025-11-09,2025-11-24,2025-11-15,cumplida
101,3.0,103,2025-12-10,2025-12-25,2025-12-21,cumplida
102,3.0,124,2024-01-01,2024-01-16,2024-01-01,cumplida
103,3.0,124,2024-02-01,2024-02-16,2024-02-08,cumplida
104,3.0,124,2024-03-03,2024-03-18,2024-03-28,vencida
105,3.0,124,2024-04-03,2024-04-18,2024-04-09,cumplida
106,3.0,124,2024-05-04,2024-05-19,2024-05-15,cumplida
107,3.0,124,2024-06-04,2024-06-19,2024-06-05,cumplida
108,3.0,124,2024-07-05,2024-07-20,2024-07-06,cumplida
109,3.0,124,2024-08-05,2024-08-20,2024-08-30,vencida
110,3.0,124,2024-09-05,2024-09-20,2024-09-06,cumplida
111,3.0,124,2024-10-06,2024-10-21,2024-10-09,cumplida
112,3.0,124,2024-11-06,2024-11-21,2024-12-04,vencida
113,3.0,124,2024-12-07,2024-12-22,2024-12-25,vencida
114,3.0,124,2025-01-07,2025-01-22,2025-01-21,cumplida
115,3.0,124,2025-02-07,2025-02-22,2025-02-20,cumplida
116,3.0,124,2025-03-10,2025-03-25,2025-04-08,vencida
117,3.0,124,2025-04-10,2025-04-25,2025-04-12,cumplida
118,3.0,124,2025-05-11,2025-05-26,2025-06-14,vencida
119,3.0,124,2025-06-11,2025-06-26,2025-06-18,cumplida
120,3.0,124,2025-07-12,2025-07-27,,vencida
121,3.0,124,2025-08-12,2025-08-27,2025-08-24,cumplida
122,3.0,124,2025-09-12,2025-09-27,2025-09-17,cumplida
123,3.0,124,2025-10-13,2025-10-28,2025-10-27,cumplida
124,3.0,124,2025-11-13,2025-11-28,2025-11-19,cumplida
125,3.0,124,2025-12-14,2025-12-29,2025-12-28,cumplida
126,3.0,138,2024-01-09,2024-01-24,2024-01-18,cumplida
127,3.0,138,2024-02-09,2024-02-24,2024-03-13,vencida
128,3.0,138,2024-03-11,2024-03-26,2024-03-11,cumplida
129,3.0,138,2024-04-11,2024-04-26,,anulada
130,3.0,138,2024-05-12,2024-05-27,2024-05-13,cumplida
131,3.0,138,2024-06-12,2024-06-27,2024-06-24,cumplida
132,3.0,138,2024-07-13,2024-07-28,,vencida
133,3.0,138,2024-08-13,2024-08-28,,vencida
134,3.0,138,2024-09-13,2024-09-28,2024-09-24,cumplida
135,3.0,138,2024-10-14,2024-10-29,2024-10-18,cumplida
136,3.0,138,2024-11-14,2024-11-29,2024-11-25,cumplida
137,3.0,138,2024-12-15,2024-12-30,2024-12-16,cumplida
138,3.0,138,2025-01-15,2025-01-30,2025-01-28,cumplida
139,3.0,138,2025-02-15,2025-03-02,2025-02-28,cumplida
140,3.0,138,2025-03-18,2025-04-02,2025-03-25,cumplida
141,3.0,138,2025-04-18,2025-05-03,2025-04-29,cumplida
142,3.0,138,2025-05-19,2025-06-03,2025-06-21,vencida
143,3.0,138,2025-06-19,2025-07-04,2025-06-21,cumplida
144,3.0,138,2025-07-20,2025-08-04,2025-07-24,cumplida
145,3.0,138,2025-08-20,2025-09-04,2025-08-22,cumplida
146,3.0,138,2025-09-20,2025-10-05,2025-09-28,cumplida
147,3.0,138,2025-10-21,2025-11-05,,vencida
148,3.0,138,2025-11-21,2025-12-06,2025-11-25,cumplida
149,3.0,138,2025-12-22,2026-01-06,,pendiente
150,4.0,30,2024-01-02,2024-01-09,2024-01-07,cumplida
151,4.0,30,2024-02-01,2024-02-08,2024-02-06,cumplida
152,4.0,30,2024-03-02,2024-03-09,2024-03-13,vencida
153,4.0,30,2024-04-01,2024-04-08,2024-04-01,cumplida
154,4.0,30,2024-05-01,2024-05-08,2024-05-04,cumplida
155,4.0,30,2024-05-31,2024-06-07,2024-05-31,cumplida
156,4.0,30,2024-06-30,2024-07-07,2024-07-01,cumplida
157,4.0,30,2024-07-30,2024-08-06,2024-08-02,cumplida
158,4.0,30,2024-08-29,2024-09-05,2024-09-03,cumplida
159,4.0,30,2024-09-28,2024-10-05,2024-09-30,cumplida
160,4.0,30,2024-10-28,2024-11-04,,vencida
161,4.0,30,2024-11-27,2024-12-04,2024-12-02,cumplida
162,4.0,30,2024-12-27,2025-01-03,2024-12-29,cumplida
163,4.0,30,2025-01-26,2025-02-02,2025-01-26,cumplida
164,4.0,30,2025-02-25,2025-03-04,,vencida
165,4.0,30,2025-03-27,2025-04-03,2025-03-28,cumplida
166,4.0,30,2025-04-26,2025-05-03,2025-04-27,cumplida
167,4.0,30,2025-05-26,2025-06-02,2025-05-27,cumplida
168,4.0,30,2025-06-25,2025-07-02,2025-06-28,cumplida
169,4.0,30,2025-07-25,2025-08-01,,anulada
170,4.0,30,2025-08-24,2025-08-31,2025-08-25,cumplida
171,4.0,30,2025-09-23,2025-09-30,2025-09-27,cumplida
172,4.0,30,2025-10-23,2025-10-30,2025-10-26,cumplida
173,4.0,30,2025-11-22,2025-11-29,2025-11-24,cumplida
174,4.0,30,2025-12-22,2025-12-29,,vencida
175,4.0,31,2024-01-17,2024-01-24,2024-01-31,vencida
176,4.0,31,2024-02-16,2024-02-23,2024-02-18,cumplida
177,4.0,31,2024-03-17,2024-03-24,2024-04-11,vencida
178,4.0,31,2024-04-16,2024-04-23,2024-04-17,cumplida
179,4.0,31,2024-05-16,2024-05-23,2024-05-16,cumplida
180,4.0,31,2024-06-15,2024-06-22,2024-06-18,cumplida
181,4.0,31,2024-07-15,2024-07-22,,vencida
182,4.0,31,2024-08-14,2024-08-21,2024-08-17,cumplida
183,4.0,31,2024-09-13,2024-09-20,2024-09-17,cumplida
184,4.0,31,2024-10-13,2024-10-20,2024-10-15,cumplida
185,4.0,31,2024-11-12,2024-11-19,2024-11-12,cumplida
186,4.0,31,2024-12-12,2024-12-19,,anulada
187,4.0,31,2025-01-11,2025-01-18,2025-01-17,cumplida
188,4.0,31,2025-02-10,2025-02-17,2025-02-15,cumplida
189,4.0,31,2025-03-12,2025-03-19,2025-03-16,cumplida
190,4.0,31,2025-04-11,2025-04-18,2025-04-13,cumplida
191,4.0,31,2025-05-11,2025-05-18,2025-05-13,cumplida
192,4.0,31,2025-06-10,2025-06-17,2025-06-12,cumplida
193,4.0,31,2025-07-10,2025-07-17,2025-07-14,cumplida
194,4.0,31,2025-08-09,2025-08-16,,vencida
195,4.0,31,2025-09-08,2025-09-15,2025-09-22,vencida
196,4.0,31,2025-10-08,2025-10-15,2025-10-12,cumplida
197,4.0,31,2025-11-07,2025-11-14,2025-11-23,vencida
198,4.0,31,2025-12-07,2025-12-14,,vencida
199,4.0,103,2024-01-08,2024-01-15,2024-01-25,vencida
200,4.0,103,2024-02-07,2024-02-14,2024-02-13,cumplida
201,4.0,103,2024-03-08,2024-03-15,2024-03-12,cumplida
202,4.0,103,2024-04-07,2024-04-14,2024-04-10,cumplida
203,4.0,103,2024-05-07,2024-05-14,,vencida
204,4.0,103,2024-06-06,2024-06-13,2024-06-10,cumplida
205,4.0,103,2024-07-06,2024-07-13,,vencida
206,4.0,103,2024-08-05,2024-08-12,2024-08-06,cumplida
207,4.0,103,2024-09-04,2024-09-11,2024-09-05,cumplida
208,4.0,103,2024-10-04,2024-10-11,2024-10-07,cumplida
209,4.0,103,2024-11-03,2024-11-10,2024-11-03,cumplida
210,4.0,103,2024-12-03,2024-12-10,2024-12-07,cumplida
211,4.0,103,2025-01-02,2025-01-09,2025-01-08,cumplida
212,4.0,103,2025-02-01,2025-02-08,2025-02-01,cumplida
213,4.0,103,2025-03-03,2025-03-10,2025-03-06,cumplida
214,4.0,103,2025-04-02,2025-04-09,2025-04-03,cumplida
215,4.0,103,2025-05-02,2025-05-09,2025-05-06,cumplida
216,4.0,103,2025-06-01,2025-06-08,2025-06-05,cumplida
217,4.0,103,2025-07-01,2025-07-08,2025-07-02,cumplida
218,4.0,103,2025-07-31,2025-08-07,2025-08-02,cumplida
219,4.0,103,2025-08-30,2025-09-06,2025-09-04,cumplida
220,4.0,103,2025-09-29,2025-10-06,2025-10-02,cumplida
221,4.0,103,2025-10-29,2025-11-05,2025-11-03,cumplida
222,4.0,103,2025-11-28,2025-12-05,2025-12-04,cumplida
223,4.0,103,2025-12-28,2026-01-04,,pendiente
224,4.0,124,2024-01-24,2024-01-31,2024-01-28,cumplida
225,4.0,124,2024-02-23,2024-03-01,,vencida
226,4.0,124,2024-03-24,2024-03-31,2024-03-28,cumplida
227,4.0,124,2024-04-23,2024-04-30,2024-04-26,cumplida
228,4.0,124,2024-05-23,2024-05-30,2024-06-07,vencida
229,4.0,124,2024-06-22,2024-06-29,2024-06-27,cumplida
230,4.0,124,2024-07-22,2024-07-29,,vencida
231,4.0,124,2024-08-21,2024-08-28,2024-09-07,vencida
232,4.0,124,2024-09-20,2024-09-27,2024-09-21,cumplida
233,4.0,124,2024-10-20,2024-10-27,2024-10-25,cumplida
234,4.0,124,2024-11-19,2024-11-26,2024-11-24,cumplida
235,4.0,124,2024-12-19,2024-12-26,2024-12-20,cumplida
236,4.0,124,2025-01-18,2025-01-25,2025-01-31,vencida
237,4.0,124,2025-02-17,2025-02-24,2025-02-20,cumplida
238,4.0,124,2025-03-19,2025-03-26,2025-03-23,cumplida
239,4.0,124,2025-04-18,2025-04-25,2025-04-24,cumplida
240,4.0,124,2025-05-18,2025-05-25,2025-05-22,cumplida
241,4.0,124,2025-06-17,2025-06-24,2025-06-20,cumplida
242,4.0,124,2025-07-17,2025-07-24,2025-07-19,cumplida
243,4.0,124,2025-08-16,2025-08-23,2025-08-17,cumplida
244,4.0,124,2025-09-15,2025-09-22,2025-09-21,cumplida
245,4.0,124,2025-10-15,2025-10-22,2025-10-18,cumplida
246,4.0,124,2025-11-14,2025-11-21,2025-11-20,cumplida
247,4.0,124,2025-12-14,2025-12-21,2025-12-15,cumplida
248,4.0,138,2024-01-18,2024-01-25,,vencida
249,4.0,138,2024-02-17,2024-02-24,2024-02-17,cumplida
250,4.0,138,2024-03-18,2024-03-25,2024-03-27,vencida
251,4.0,138,2024-04-17,2024-04-24,2024-04-22,cumplida
252,4.0,138,2024-05-17,2024-05-24,2024-05-23,cumplida
253,4.0,138,2024-06-16,2024-06-23,,vencida
254,4.0,138,2024-07-16,2024-07-23,2024-07-20,cumplida
255,4.0,138,2024-08-15,2024-08-22,,anulada
256,4.0,138,2024-09-14,2024-09-21,,vencida
257,4.0,138,2024-10-14,2024-10-21,2024-10-16,cumplida
258,4.0,138,2024-11-13,2024-11-20,2024-11-17,cumplida
259,4.0,138,2024-12-13,2024-12-20,2024-12-15,cumplida
260,4.0,138,2025-01-12,2025-01-19,2025-01-16,cumplida
261,4.0,138,2025-02-11,2025-02-18,,vencida
262,4.0,138,2025-03-13,2025-03-20,2025-04-04,vencida
263,4.0,138,2025-04-12,2025-04-19,2025-04-14,cumplida
264,4.0,138,2025-05-12,2025-05-19,,vencida
265,4.0,138,2025-06-11,2025-06-18,2025-06-13,cumplida
266,4.0,138,2025-07-11,2025-07-18,2025-07-15,cumplida
267,4.0,138,2025-08-10,2025-08-17,2025-08-16,cumplida
268,4.0,138,2025-09-09,2025-09-16,2025-09-23,vencida
269,4.0,138,2025-10-09,2025-10-16,2025-10-10,cumplida
270,4.0,138,2025-11-08,2025-11-15,2025-11-14,cumplida
271,4.0,138,2025-12-08,2025-12-15,2025-12-10,cumplida
272,5.0,13,2024-04-07,2024-04-22,,vencida
273,5.0,13,2024-08-10,2024-08-25,2024-08-13,cumplida
274,5.0,13,2024-12-13,2024-12-28,2024-12-19,cumplida
275,5.0,13,2025-04-17,2025-05-02,2025-05-01,cumplida
276,5.0,13,2025-08-20,2025-09-04,2025-08-25,cumplida
277,5.0,13,2025-12-23,2026-01-07,,pendiente
278,5.0,18,2024-03-20,2024-04-04,2024-03-26,cumplida
279,5.0,18,2024-07-23,2024-08-07,2024-07-23,cumplida
280,5.0,18,2024-11-25,2024-12-10,2024-12-01,cumplida
281,5.0,18,2025-03-30,2025-04-14,2025-04-15,vencida
282,5.0,18,2025-08-02,2025-08-17,,vencida
283,5.0,18,2025-12-05,2025-12-20,2025-12-17,cumplida
284,5.0,19,2024-02-24,2024-03-10,,vencida
285,5.0,19,2024-06-28,2024-07-13,2024-07-02,cumplida
286,5.0,19,2024-10-31,2024-11-15,2024-11-22,vencida
287,5.0,19,2025-03-05,2025-03-20,2025-03-08,cumplida
288,5.0,19,2025-07-08,2025-07-23,2025-07-24,vencida
289,5.0,19,2025-11-10,2025-11-25,2025-11-13,cumplida
290,5.0,20,2024-04-17,2024-05-02,2024-04-23,cumplida
291,5.0,20,2024-08-20,2024-09-04,2024-09-07,vencida
292,5.0,20,2024-12-23,2025-01-07,2024-12-26,cumplida
293,5.0,20,2025-04-27,2025-05-12,2025-05-01,cumplida
294,5.0,20,2025-08-30,2025-09-14,2025-09-09,cumplida
295,5.0,37,2024-02-29,2024-03-15,,vencida
296,5.0,37,2024-07-03,2024-07-18,2024-07-12,cumplida
297,5.0,37,2024-11-05,2024-11-20,,vencida
298,5.0,37,2025-03-10,2025-03-25,,vencida
299,5.0,37,2025-07-13,2025-07-28,2025-07-15,cumplida
300,5.0,37,2025-11-15,2025-11-30,2025-11-23,cumplida
301,5.0,44,2024-04-28,2024-05-13,2024-05-01,cumplida
302,5.0,44,2024-08-31,2024-09-15,2024-09-19,vencida
303,5.0,44,2025-01-03,2025-01-18,2025-01-09,cumplida
304,5.0,44,2025-05-08,2025-05-23,2025-05-11,cumplida
305,5.0,44,2025-09-10,2025-09-25,2025-09-13,cumplida
306,5.0,46,2024-05-04,2024-05-19,2024-05-28,vencida
307,5.0,46,2024-09-06,2024-09-21,2024-10-06,vencida
308,5.0,46,2025-01-09,2025-01-24,2025-01-18,cumplida
309,5.0,46,2025-05-14,2025-05-29,2025-06-14,vencida
310,5.0,46,2025-09-16,2025-10-01,,vencida
311,5.0,48,2024-03-14,2024-03-29,,vencida
312,5.0,48,2024-07-17,2024-08-01,2024-07-28,cumplida
313,5.0,48,2024-11-19,2024-12-04,2024-12-02,cumplida
314,5.0,48,2025-03-24,2025-04-08,2025-03-25,cumplida
315,5.0,48,2025-07-27,2025-08-11,2025-08-03,cumplida
316,5.0,48,2025-11-29,2025-12-14,2025-11-30,cumplida
317,5.0,55,2024-03-25,2024-04-09,2024-04-16,vencida
318,5.0,55,2024-07-28,2024-08-12,2024-08-08,cumplida
319,5.0,55,2024-11-30,2024-12-15,2024-12-14,cumplida
320,5.0,55,2025-04-04,2025-04-19,,vencida
321,5.0,55,2025-08-07,2025-08-22,2025-08-16,cumplida
322,5.0,55,2025-12-10,2025-12-25,2025-12-17,cumplida
323,5.0,75,2024-02-01,2024-02-16,2024-02-09,cumplida
324,5.0,75,2024-06-05,2024-06-20,2024-06-26,vencida
325,5.0,75,2024-10-08,2024-10-23,,vencida
326,5.0,75,2025-02-10,2025-02-25,2025-02-15,cumplida
327,5.0,75,2025-06-15,2025-06-30,2025-06-23,cumplida
328,5.0,75,2025-10-18,2025-11-02,2025-10-24,cumplida
329,5.0,89,2024-04-11,2024-04-26,2024-04-15,cumplida
330,5.0,89,2024-08-14,2024-08-29,,vencida
331,5.0,89,2024-12-17,2025-01-01,2024-12-19,cumplida
332,5.0,89,2025-04-21,2025-05-06,,vencida
333,5.0,89,2025-08-24,2025-09-08,2025-09-18,vencida
334,5.0,89,2025-12-27,2026-01-11,,pendiente
335,5.0,119,2024-03-24,2024-04-08,2024-04-12,vencida
336,5.0,119,2024-07-27,2024-08-11,2024-08-04,cumplida
337,5.0,119,2024-11-29,2024-12-14,2024-12-13,cumplida
338,5.0,119,2025-04-03,2025-04-18,2025-04-10,cumplida
339,5.0,119,2025-08-06,2025-08-21,2025-08-12,cumplida
340,5.0,119,2025-12-09,2025-12-24,2025-12-13,cumplida
341,5.0,141,2024-04-22,2024-05-07,2024-04-23,cumplida
342,5.0,141,2024-08-25,2024-09-09,2024-08-31,cumplida
343,5.0,141,2024-12-28,2025-01-12,2025-01-06,cumplida
344,5.0,141,2025-05-02,2025-05-17,2025-05-06,cumplida
345,5.0,141,2025-09-04,2025-09-19,2025-09-14,cumplida
346,6.0,13,2024-01-09,2024-01-19,2024-01-10,cumplida
347,6.0,13,2024-02-08,2024-02-18,2024-02-17,cumplida
348,6.0,13,2024-03-09,2024-03-19,,vencida
349,6.0,13,2024-04-08,2024-04-18,2024-04-11,cumplida
350,6.0,13,2024-05-08,2024-05-18,2024-05-15,cumplida
351,6.0,13,2024-06-07,2024-06-17,2024-06-12,cumplida
352,6.0,13,2024-07-07,2024-07-17,,anulada
353,6.0,13,2024-08-06,2024-08-16,,anulada
354,6.0,13,2024-09-05,2024-09-15,2024-09-11,cumplida
355,6.0,13,2024-10-05,2024-10-15,2024-10-13,cumplida
356,6.0,13,2024-11-04,2024-11-14,,vencida
357,6.0,13,2024-12-04,2024-12-14,2024-12-11,cumplida
358,6.0,13,2025-01-03,2025-01-13,,vencida
359,6.0,13,2025-02-02,2025-02-12,2025-02-18,vencida
360,6.0,13,2025-03-04,2025-03-14,2025-04-01,vencida
361,6.0,13,2025-04-03,2025-04-13,2025-04-06,cumplida
362,6.0,13,2025-05-03,2025-05-13,,vencida
363,6.0,13,2025-06-02,2025-06-12,2025-06-04,cumplida
364,6.0,13,2025-07-02,2025-07-12,2025-07-02,cumplida
365,6.0,13,2025-08-01,2025-08-11,2025-08-10,cumplida
366,6.0,13,2025-08-31,2025-09-10,,vencida
367,6.0,13,2025-09-30,2025-10-10,2025-10-03,cumplida
368,6.0,13,2025-10-30,2025-11-09,,vencida
369,6.0,13,2025-11-29,2025-12-09,2025-12-19,vencida
370,6.0,13,2025-12-29,2026-01-08,2025-12-30,cumplida
371,6.0,18,2024-01-24,2024-02-03,2024-02-13,vencida
372,6.0,18,2024-02-23,2024-03-04,2024-02-26,cumplida
373,6.0,18,2024-03-24,2024-04-03,2024-03-30,cumplida
374,6.0,18,2024-04-23,2024-05-03,2024-04-26,cumplida
375,6.0,18,2024-05-23,2024-06-02,2024-05-27,cumplida
376,6.0,18,2024-06-22,2024-07-02,2024-06-25,cumplida
377,6.0,18,2024-07-22,2024-08-01,2024-07-24,cumplida
378,6.0,18,2024-08-21,2024-08-31,,vencida
379,6.0,18,2024-09-20,2024-09-30,2024-09-29,cumplida
380,6.0,18,2024-10-20,2024-10-30,2024-10-28,cumplida
381,6.0,18,2024-11-19,2024-11-29,2024-11-25,cumplida
382,6.0,18,2024-12-19,2024-12-29,2024-12-25,cumplida
383,6.0,18,2025-01-18,2025-01-28,2025-01-22,cumplida
384,6.0,18,2025-02-17,2025-02-27,2025-03-06,vencida
385,6.0,18,2025-03-19,2025-03-29,2025-04-15,vencida
386,6.0,18,2025-04-18,2025-04-28,2025-04-22,cumplida
387,6.0,18,2025-05-18,2025-05-28,2025-05-20,cumplida
388,6.0,18,2025-06-17,2025-06-27,,anulada
389,6.0,18,2025-07-17,2025-07-27,2025-07-23,cumplida
390,6.0,18,2025-08-16,2025-08-26,2025-08-23,cumplida
391,6.0,18,2025-09-15,2025-09-25,2025-09-21,cumplida
392,6.0,18,2025-10-15,2025-10-25,2025-10-17,cumplida
393,6.0,18,2025-11-14,2025-11-24,2025-11-21,cumplida
394,6.0,18,2025-12-14,2025-12-24,2025-12-21,cumplida
395,6.0,19,2024-01-15,2024-01-25,2024-01-23,cumplida
396,6.0,19,2024-02-14,2024-02-24,2024-02-15,cumplida
397,6.0,19,2024-03-15,2024-03-25,2024-03-17,cumplida
398,6.0,19,2024-04-14,2024-04-24,2024-04-17,cumplida
399,6.0,19,2024-05-14,2024-05-24,,vencida
400,6.0,19,2024-06-13,2024-06-23,2024-06-18,cumplida
401,6.0,19,2024-07-13,2024-07-23,2024-08-01,vencida
402,6.0,19,2024-08-12,2024-08-22,,vencida
403,6.0,19,2024-09-11,2024-09-21,2024-09-16,cumplida
404,6.0,19,2024-10-11,2024-10-21,,vencida
405,6.0,19,2024-11-10,2024-11-20,,vencida
406,6.0,19,2024-12-10,2024-12-20,2024-12-11,cumplida
407,6.0,19,2025-01-09,2025-01-19,2025-01-28,vencida
408,6.0,19,2025-02-08,2025-02-18,,vencida
409,6.0,19,2025-03-10,2025-03-20,2025-03-24,vencida
410,6.0,19,2025-04-09,2025-04-19,,vencida
411,6.0,19,2025-05-09,2025-05-19,,vencida
412,6.0,19,2025-06-08,2025-06-18,2025-06-12,cumplida
413,6.0,19,2025-07-08,2025-07-18,2025-07-13,cumplida
414,6.0,19,2025-08-07,2025-08-17,,vencida
415,6.0,19,2025-09-06,2025-09-16,2025-09-15,cumplida
416,6.0,19,2025-10-06,2025-10-16,2025-10-15,cumplida
417,6.0,19,2025-11-05,2025-11-15,2025-11-08,cumplida
418,6.0,19,2025-12-05,2025-12-15,2025-12-11,cumplida
419,6.0,20,2024-01-06,2024-01-16,2024-01-15,cumplida
420,6.0,20,2024-02-05,2024-02-15,2024-02-05,cumplida
421,6.0,20,2024-03-06,2024-03-16,2024-03-06,cumplida
422,6.0,20,2024-04-05,2024-04-15,,vencida
423,6.0,20,2024-05-05,2024-05-15,,vencida
424,6.0,20,2024-06-04,2024-06-14,2024-06-13,cumplida
425,6.0,20,2024-07-04,2024-07-14,2024-07-08,cumplida
426,6.0,20,2024-08-03,2024-08-13,2024-08-04,cumplida
427,6.0,20,2024-09-02,2024-09-12,2024-09-03,cumplida
428,6.0,20,2024-10-02,2024-10-12,2024-10-25,vencida
429,6.0,20,2024-11-01,2024-11-11,2024-11-03,cumplida
430,6.0,20,2024-12-01,2024-12-11,2024-12-03,cumplida
431,6.0,20,2024-12-31,2025-01-10,2025-01-02,cumplida
432,6.0,20,2025-01-30,2025-02-09,2025-02-26,vencida
433,6.0,20,2025-03-01,2025-03-11,,vencida
434,6.0,20,2025-03-31,2025-04-10,2025-04-07,cumplida
435,6.0,20,2025-04-30,2025-05-10,2025-05-09,cumplida
436,6.0,20,2025-05-30,2025-06-09,2025-06-06,cumplida
437,6.0,20,2025-06-29,2025-07-09,2025-06-30,cumplida
438,6.0,20,2025-07-29,2025-08-08,2025-08-01,cumplida
439,6.0,20,2025-08-28,2025-09-07,2025-08-29,cumplida
440,6.0,20,2025-09-27,2025-10-07,2025-10-03,cumplida
441,6.0,20,2025-10-27,2025-11-06,2025-10-27,cumplida
442,6.0,20,2025-11-26,2025-12-06,2025-11-30,cumplida
443,6.0,20,2025-12-26,2026-01-05,,pendiente
444,6.0,37,2024-01-06,2024-01-16,,vencida
445,6.0,37,2024-02-05,2024-02-15,2024-02-11,cumplida
446,6.0,37,2024-03-06,2024-03-16,,vencida
447,6.0,37,2024-04-05,2024-04-15,2024-04-14,cumplida
448,6.0,37,2024-05-05,2024-05-15,2024-05-14,cumplida
449,6.0,37,2024-06-04,2024-06-14,2024-06-04,cumplida
450,6.0,37,2024-07-04,2024-07-14,2024-07-04,cumplida
451,6.0,37,2024-08-03,2024-08-13,2024-08-05,cumplida
452,6.0,37,2024-09-02,2024-09-12,,vencida
453,6.0,37,2024-10-02,2024-10-12,2024-10-14,vencida
454,6.0,37,2024-11-01,2024-11-11,,vencida
455,6.0,37,2024-12-01,2024-12-11,2024-12-10,cumplida
456,6.0,37,2024-12-31,2025-01-10,2025-01-04,cumplida
457,6.0,37,2025-01-30,2025-02-09,2025-02-02,cumplida
458,6.0,37,2025-03-01,2025-03-11,2025-03-06,cumplida
459,6.0,37,2025-03-31,2025-04-10,2025-04-08,cumplida
460,6.0,37,2025-04-30,2025-05-10,2025-05-15,vencida
461,6.0,37,2025-05-30,2025-06-09,2025-06-03,cumplida
462,6.0,37,2025-06-29,2025-07-09,2025-07-03,cumplida
463,6.0,37,2025-07-29,2025-08-08,,vencida
464,6.0,37,2025-08-28,2025-09-07,2025-09-04,cumplida
465,6.0,37,2025-09-27,2025-10-07,2025-10-01,cumplida
466,6.0,37,2025-10-27,2025-11-06,2025-10-31,cumplida
467,6.0,37,2025-11-26,2025-12-06,2025-12-03,cumplida
468,6.0,37,2025-12-26,2026-01-05,,pendiente
469,6.0,44,2024-01-17,2024-01-27,2024-01-24,cumplida
470,6.0,44,2024-02-16,2024-02-26,2024-02-18,cumplida
471,6.0,44,2024-03-17,2024-03-27,2024-03-24,cumplida
472,6.0,44,2024-04-16,2024-04-26,2024-04-21,cumplida
473,6.0,44,2024-05-16,2024-05-26,2024-05-16,cumplida
474,6.0,44,2024-06-15,2024-06-25,,vencida
475,6.0,44,2024-07-15,2024-07-25,2024-07-17,cumplida
476,6.0,44,2024-08-14,2024-08-24,2024-08-15,cumplida
477,6.0,44,2024-09-13,2024-09-23,2024-09-22,cumplida
478,6.0,44,2024-10-13,2024-10-23,,vencida
479,6.0,44,2024-11-12,2024-11-22,2024-11-16,cumplida
480,6.0,44,2024-12-12,2024-12-22,2024-12-19,cumplida
481,6.0,44,2025-01-11,2025-01-21,2025-01-15,cumplida
482,6.0,44,2025-02-10,2025-02-20,2025-02-26,vencida
483,6.0,44,2025-03-12,2025-03-22,2025-03-30,vencida
484,6.0,44,2025-04-11,2025-04-21,2025-04-15,cumplida
485,6.0,44,2025-05-11,2025-05-21,,vencida
486,6.0,44,2025-06-10,2025-06-20,2025-06-19,cumplida
487,6.0,44,2025-07-10,2025-07-20,,anulada
488,6.0,44,2025-08-09,2025-08-19,2025-08-10,cumplida
489,6.0,44,2025-09-08,2025-09-18,,vencida
490,6.0,44,2025-10-08,2025-10-18,2025-10-30,vencida
491,6.0,44,2025-11-07,2025-11-17,2025-11-08,cumplida
492,6.0,44,2025-12-07,2025-12-17,2025-12-22,vencida
493,6.0,46,2024-01-10,2024-01-20,2024-01-19,cumplida
494,6.0,46,2024-02-09,2024-02-19,2024-02-16,cumplida
495,6.0,46,2024-03-10,2024-03-20,,vencida
496,6.0,46,2024-04-09,2024-04-19,,vencida
497,6.0,46,2024-05-09,2024-05-19,2024-05-16,cumplida
498,6.0,46,2024-06-08,2024-06-18,2024-06-16,cumplida
499,6.0,46,2024-07-08,2024-07-18,,vencida
500,6.0,46,2024-08-07,2024-08-17,2024-08-08,cumplida
501,6.0,46,2024-09-06,2024-09-16,2024-09-11,cumplida
502,6.0,46,2024-10-06,2024-10-16,2024-10-12,cumplida
503,6.0,46,2024-11-05,2024-11-15,2024-11-13,cumplida
504,6.0,46,2024-12-05,2024-12-15,,vencida
505,6.0,46,2025-01-04,2025-01-14,2025-01-13,cumplida
506,6.0,46,2025-02-03,2025-02-13,2025-02-05,cumplida
507,6.0,46,2025-03-05,2025-03-15,2025-03-06,cumplida
508,6.0,46,2025-04-04,2025-04-14,2025-04-11,cumplida
509,6.0,46,2025-05-04,2025-05-14,2025-05-12,cumplida
510,6.0,46,2025-06-03,2025-06-13,,vencida
511,6.0,46,2025-07-03,2025-07-13,2025-07-03,cumplida
512,6.0,46,2025-08-02,2025-08-12,2025-08-07,cumplida
513,6.0,46,2025-09-01,2025-09-11,2025-09-01,cumplida
514,6.0,46,2025-10-01,2025-10-11,,vencida
515,6.0,46,2025-10-31,2025-11-10,2025-11-11,vencida
516,6.0,46,2025-11-30,2025-12-10,,vencida
517,6.0,46,2025-12-30,2026-01-09,,pendiente
518,6.0,48,2024-01-04,2024-01-14,,vencida
519,6.0,48,2024-02-03,2024-02-13,,vencida
520,6.0,48,2024-03-04,2024-03-14,2024-03-13,cumplida
521,6.0,48,2024-04-03,2024-04-13,2024-04-09,cumplida
522,6.0,48,2024-05-03,2024-05-13,2024-05-04,cumplida
523,6.0,48,2024-06-02,2024-06-12,,vencida
524,6.0,48,2024-07-02,2024-07-12,2024-07-07,cumplida
525,6.0,48,2024-08-01,2024-08-11,2024-08-05,cumplida
526,6.0,48,2024-08-31,2024-09-10,,vencida
527,6.0,48,2024-09-30,2024-10-10,2024-10-04,cumplida
528,6.0,48,2024-10-30,2024-11-09,,vencida
529,6.0,48,2024-11-29,2024-12-09,2024-12-02,cumplida
530,6.0,48,2024-12-29,2025-01-08,2025-01-01,cumplida
531,6.0,48,2025-01-28,2025-02-07,2025-01-28,cumplida
532,6.0,48,2025-02-27,2025-03-09,2025-03-12,vencida
533,6.0,48,2025-03-29,2025-04-08,2025-04-05,cumplida
534,6.0,48,2025-04-28,2025-05-08,2025-04-29,cumplida
535,6.0,48,2025-05-28,2025-06-07,2025-05-30,cumplida
536,6.0,48,2025-06-27,2025-07-07,,vencida
537,6.0,48,2025-07-27,2025-08-06,2025-07-27,cumplida
538,6.0,48,2025-08-26,2025-09-05,2025-09-04,cumplida
539,6.0,48,2025-09-25,2025-10-05,2025-09-27,cumplida
540,6.0,48,2025-10-25,2025-11-04,2025-10-31,cumplida
541,6.0,48,2025-11-24,2025-12-04,2025-11-25,cumplida
542,6.0,48,2025-12-24,2026-01-03,2025-12-27,cumplida
543,6.0,55,2024-01-13,2024-01-23,2024-02-05,vencida
544,6.0,55,2024-02-12,2024-02-22,2024-02-15,cumplida
545,6.0,55,2024-03-13,2024-03-23,2024-03-30,vencida
546,6.0,55,2024-04-12,2024-04-22,,vencida
547,6.0,55,2024-05-12,2024-05-22,2024-05-17,cumplida
548,6.0,55,2024-06-11,2024-06-21,2024-06-14,cumplida
549,6.0,55,2024-07-11,2024-07-21,2024-07-18,cumplida
550,6.0,55,2024-08-10,2024-08-20,,vencida
551,6.0,55,2024-09-09,2024-09-19,2024-09-12,cumplida
552,6.0,55,2024-10-09,2024-10-19,2024-10-17,cumplida
553,6.0,55,2024-11-08,2024-11-18,2024-11-12,cumplida
554,6.0,55,2024-12-08,2024-12-18,2024-12-12,cumplida
555,6.0,55,2025-01-07,2025-01-17,2025-01-11,cumplida
556,6.0,55,2025-02-06,2025-02-16,2025-02-10,cumplida
557,6.0,55,2025-03-08,2025-03-18,2025-03-16,cumplida
558,6.0,55,2025-04-07,2025-04-17,2025-04-15,cumplida
559,6.0,55,2025-05-07,2025-05-17,,vencida
560,6.0,55,2025-06-06,2025-06-16,2025-06-11,cumplida
561,6.0,55,2025-07-06,2025-07-16,2025-07-13,cumplida
562,6.0,55,2025-08-05,2025-08-15,2025-08-08,cumplida
563,6.0,55,2025-09-04,2025-09-14,2025-09-06,cumplida
564,6.0,55,2025-10-04,2025-10-14,2025-10-06,cumplida
565,6.0,55,2025-11-03,2025-11-13,2025-11-12,cumplida
566,6.0,55,2025-12-03,2025-12-13,2025-12-07,cumplida
567,6.0,75,2024-01-20,2024-01-30,,vencida
568,6.0,75,2024-02-19,2024-02-29,2024-02-23,cumplida
569,6.0,75,2024-03-20,2024-03-30,2024-03-27,cumplida
570,6.0,75,2024-04-19,2024-04-29,2024-04-27,cumplida
571,6.0,75,2024-05-19,2024-05-29,2024-05-28,cumplida
572,6.0,75,2024-06-18,2024-06-28,2024-06-18,cumplida
573,6.0,75,2024-07-18,2024-07-28,2024-07-26,cumplida
574,6.0,75,2024-08-17,2024-08-27,2024-09-11,vencida
575,6.0,75,2024-09-16,2024-09-26,2024-10-08,vencida
576,6.0,75,2024-10-16,2024-10-26,2024-10-16,cumplida
577,6.0,75,2024-11-15,2024-11-25,2024-11-17,cumplida
578,6.0,75,2024-12-15,2024-12-25,2024-12-19,cumplida
579,6.0,75,2025-01-14,2025-01-24,,vencida
580,6.0,75,2025-02-13,2025-02-23,2025-02-17,cumplida
581,6.0,75,2025-03-15,2025-03-25,2025-03-19,cumplida
582,6.0,75,2025-04-14,2025-04-24,2025-04-17,cumplida
583,6.0,75,2025-05-14,2025-05-24,2025-05-15,cumplida
584,6.0,75,2025-06-13,2025-06-23,2025-06-13,cumplida
585,6.0,75,2025-07-13,2025-07-23,2025-07-17,cumplida
586,6.0,75,2025-08-12,2025-08-22,2025-08-21,cumplida
587,6.0,75,2025-09-11,2025-09-21,2025-09-18,cumplida
588,6.0,75,2025-10-11,2025-10-21,2025-10-11,cumplida
589,6.0,75,2025-11-10,2025-11-20,2025-11-13,cumplida
590,6.0,75,2025-12-10,2025-12-20,,vencida
591,6.0,89,2024-01-10,2024-01-20,2024-01-17,cumplida
592,6.0,89,2024-02-09,2024-02-19,2024-02-15,cumplida
593,6.0,89,2024-03-10,2024-03-20,2024-03-18,cumplida
594,6.0,89,2024-04-09,2024-04-19,2024-04-13,cumplida
595,6.0,89,2024-05-09,2024-05-19,2024-05-11,cumplida
596,6.0,89,2024-06-08,2024-06-18,2024-06-11,cumplida
597,6.0,89,2024-07-08,2024-07-18,2024-07-11,cumplida
598,6.0,89,2024-08-07,2024-08-17,2024-08-11,cumplida
599,6.0,89,2024-09-06,2024-09-16,2024-09-07,cumplida
600,6.0,89,2024-10-06,2024-10-16,2024-10-14,cumplida
601,6.0,89,2024-11-05,2024-11-15,2024-11-07,cumplida
602,6.0,89,2024-12-05,2024-12-15,2024-12-09,cumplida
603,6.0,89,2025-01-04,2025-01-14,2025-01-19,vencida
604,6.0,89,2025-02-03,2025-02-13,,vencida
605,6.0,89,2025-03-05,2025-03-15,2025-03-05,cumplida
606,6.0,89,2025-04-04,2025-04-14,2025-04-09,cumplida
607,6.0,89,2025-05-04,2025-05-14,2025-05-08,cumplida
608,6.0,89,2025-06-03,2025-06-13,2025-06-11,cumplida
609,6.0,89,2025-07-03,2025-07-13,2025-07-08,cumplida
610,6.0,89,2025-08-02,2025-08-12,2025-08-06,cumplida
611,6.0,89,2025-09-01,2025-09-11,2025-09-10,cumplida
612,6.0,89,2025-10-01,2025-10-11,2025-10-04,cumplida
613,6.0,89,2025-10-31,2025-11-10,,vencida
614,6.0,89,2025-11-30,2025-12-10,2025-12-01,cumplida
615,6.0,89,2025-12-30,2026-01-09,,pendiente
616,6.0,119,2024-01-29,2024-02-08,2024-02-06,cumplida
617,6.0,119,2024-02-28,2024-03-09,2024-02-28,cumplida
618,6.0,119,2024-03-29,2024-04-08,2024-04-01,cumplida
619,6.0,119,2024-04-28,2024-05-08,2024-05-04,cumplida
620,6.0,119,2024-05-28,2024-06-07,2024-05-29,cumplida
621,6.0,119,2024-06-27,2024-07-07,2024-06-28,cumplida
622,6.0,119,2024-07-27,2024-08-06,2024-08-04,cumplida
623,6.0,119,2024-08-26,2024-09-05,2024-09-04,cumplida
624,6.0,119,2024-09-25,2024-10-05,2024-09-30,cumplida
625,6.0,119,2024-10-25,2024-11-04,,vencida
626,6.0,119,2024-11-24,2024-12-04,2024-11-30,cumplida
627,6.0,119,2024-12-24,2025-01-03,2024-12-24,cumplida
628,6.0,119,2025-01-23,2025-02-02,2025-02-16,vencida
629,6.0,119,2025-02-22,2025-03-04,2025-02-27,cumplida
630,6.0,119,2025-03-24,2025-04-03,2025-04-01,cumplida
631,6.0,119,2025-04-23,2025-05-03,2025-04-25,cumplida
632,6.0,119,2025-05-23,2025-06-02,2025-05-29,cumplida
633,6.0,119,2025-06-22,2025-07-02,2025-06-26,cumplida
634,6.0,119,2025-07-22,2025-08-01,2025-08-20,vencida
635,6.0,119,2025-08-21,2025-08-31,2025-08-22,cumplida
636,6.0,119,2025-09-20,2025-09-30,2025-09-25,cumplida
637,6.0,119,2025-10-20,2025-10-30,2025-10-24,cumplida
638,6.0,119,2025-11-19,2025-11-29,2025-11-25,cumplida
639,6.0,119,2025-12-19,2025-12-29,,pendiente
640,6.0,141,2024-01-24,2024-02-03,2024-02-01,cumplida
641,6.0,141,2024-02-23,2024-03-04,2024-03-11,vencida
642,6.0,141,2024-03-24,2024-04-03,2024-03-24,cumplida
643,6.0,141,2024-04-23,2024-05-03,2024-04-26,cumplida
644,6.0,141,2024-05-23,2024-06-02,2024-05-24,cumplida
645,6.0,141,2024-06-22,2024-07-02,2024-06-22,cumplida
646,6.0,141,2024-07-22,2024-08-01,2024-07-25,cumplida
647,6.0,141,2024-08-21,2024-08-31,2024-09-18,vencida
648,6.0,141,2024-09-20,2024-09-30,2024-09-22,cumplida
649,6.0,141,2024-10-20,2024-10-30,,vencida
650,6.0,141,2024-11-19,2024-11-29,2024-11-20,cumplida
651,6.0,141,2024-12-19,2024-12-29,2024-12-20,cumplida
652,6.0,141,2025-01-18,2025-01-28,2025-01-23,cumplida
653,6.0,141,2025-02-17,2025-02-27,2025-02-25,cumplida
654,6.0,141,2025-03-19,2025-03-29,2025-03-20,cumplida
655,6.0,141,2025-04-18,2025-04-28,2025-04-19,cumplida
656,6.0,141,2025-05-18,2025-05-28,2025-05-26,cumplida
657,6.0,141,2025-06-17,2025-06-27,2025-06-22,cumplida
658,6.0,141,2025-07-17,2025-07-27,2025-07-23,cumplida
659,6.0,141,2025-08-16,2025-08-26,,vencida
660,6.0,141,2025-09-15,2025-09-25,2025-09-23,cumplida
661,6.0,141,2025-10-15,2025-10-25,,vencida
662,6.0,141,2025-11-14,2025-11-24,2025-12-07,vencida
663,6.0,141,2025-12-14,2025-12-24,2025-12-23,cumplida
664,7.0,22,2024-01-31,2024-02-10,2024-02-07,cumplida
665,7.0,22,2024-03-31,2024-04-10,,vencida
666,7.0,22,2024-05-30,2024-06-09,2024-06-02,cumplida
667,7.0,22,2024-07-29,2024-08-08,,vencida
668,7.0,22,2024-09-27,2024-10-07,2024-10-02,cumplida
669,7.0,22,2024-11-26,2024-12-06,,vencida
670,7.0,22,2025-01-25,2025-02-04,2025-01-28,cumplida
671,7.0,22,2025-03-26,2025-04-05,2025-04-01,cumplida
672,7.0,22,2025-05-25,2025-06-04,2025-06-12,vencida
673,7.0,22,2025-07-24,2025-08-03,,vencida
674,7.0,22,2025-09-22,2025-10-02,2025-09-29,cumplida
675,7.0,22,2025-11-21,2025-12-01,,vencida
676,7.0,29,2024-02-26,2024-03-07,2024-02-26,cumplida
677,7.0,29,2024-04-26,2024-05-06,2024-05-03,cumplida
678,7.0,29,2024-06-25,2024-07-05,2024-07-02,cumplida
679,7.0,29,2024-08-24,2024-09-03,2024-09-02,cumplida
680,7.0,29,2024-10-23,2024-11-02,2024-11-21,vencida
681,7.0,29,2024-12-22,2025-01-01,,vencida
682,7.0,29,2025-02-20,2025-03-02,,vencida
683,7.0,29,2025-04-21,2025-05-01,2025-05-20,vencida
684,7.0,29,2025-06-20,2025-06-30,2025-06-23,cumplida
685,7.0,29,2025-08-19,2025-08-29,2025-08-24,cumplida
686,7.0,29,2025-10-18,2025-10-28,2025-10-23,cumplida
687,7.0,29,2025-12-17,2025-12-27,2025-12-23,cumplida
688,7.0,45,2024-01-26,2024-02-05,,vencida
689,7.0,45,2024-03-26,2024-04-05,2024-03-31,cumplida
690,7.0,45,2024-05-25,2024-06-04,2024-05-28,cumplida
691,7.0,45,2024-07-24,2024-08-03,2024-07-27,cumplida
692,7.0,45,2024-09-22,2024-10-02,2024-09-26,cumplida
693,7.0,45,2024-11-21,2024-12-01,2024-11-26,cumplida
694,7.0,45,2025-01-20,2025-01-30,2025-02-16,vencida
695,7.0,45,2025-03-21,2025-03-31,,vencida
696,7.0,45,2025-05-20,2025-05-30,2025-05-23,cumplida
697,7.0,45,2025-07-19,2025-07-29,2025-07-25,cumplida
698,7.0,45,2025-09-17,2025-09-27,,vencida
699,7.0,45,2025-11-16,2025-11-26,2025-11-18,cumplida
700,7.0,47,2024-01-09,2024-01-19,2024-01-18,cumplida
701,7.0,47,2024-03-09,2024-03-19,2024-03-10,cumplida
702,7.0,47,2024-05-08,2024-05-18,2024-05-10,cumplida
703,7.0,47,2024-07-07,2024-07-17,2024-08-01,vencida
704,7.0,47,2024-09-05,2024-09-15,2024-09-07,cumplida
705,7.0,47,2024-11-04,2024-11-14,2024-11-10,cumplida
706,7.0,47,2025-01-03,2025-01-13,2025-01-04,cumplida
707,7.0,47,2025-03-04,2025-03-14,2025-03-10,cumplida
708,7.0,47,2025-05-03,2025-05-13,2025-05-05,cumplida
709,7.0,47,2025-07-02,2025-07-12,2025-07-04,cumplida
710,7.0,47,2025-08-31,2025-09-10,2025-09-07,cumplida
711,7.0,47,2025-10-30,2025-11-09,2025-10-31,cumplida
712,7.0,47,2025-12-29,2026-01-08,,pendiente
713,7.0,49,2024-01-03,2024-01-13,2024-01-07,cumplida
714,7.0,49,2024-03-03,2024-03-13,,vencida
715,7.0,49,2024-05-02,2024-05-12,2024-05-09,cumplida
716,7.0,49,2024-07-01,2024-07-11,2024-07-01,cumplida
717,7.0,49,2024-08-30,2024-09-09,2024-08-31,cumplida
718,7.0,49,2024-10-29,2024-11-08,,vencida
719,7.0,49,2024-12-28,2025-01-07,,vencida
720,7.0,49,2025-02-26,2025-03-08,2025-02-26,cumplida
721,7.0,49,2025-04-27,2025-05-07,,vencida
722,7.0,49,2025-06-26,2025-07-06,,vencida
723,7.0,49,2025-08-25,2025-09-04,2025-09-10,vencida
724,7.0,49,2025-10-24,2025-11-03,,vencida
725,7.0,49,2025-12-23,2026-01-02,2025-12-25,cumplida
726,7.0,59,2024-02-26,2024-03-07,2024-02-26,cumplida
727,7.0,59,2024-04-26,2024-05-06,2024-04-26,cumplida
728,7.0,59,2024-06-25,2024-07-05,2024-06-29,cumplida
729,7.0,59,2024-08-24,2024-09-03,,vencida
730,7.0,59,2024-10-23,2024-11-02,2024-10-27,cumplida
731,7.0,59,2024-12-22,2025-01-01,2024-12-23,cumplida
732,7.0,59,2025-02-20,2025-03-02,2025-02-24,cumplida
733,7.0,59,2025-04-21,2025-05-01,,vencida
734,7.0,59,2025-06-20,2025-06-30,2025-06-21,cumplida
735,7.0,59,2025-08-19,2025-08-29,,vencida
736,7.0,59,2025-10-18,2025-10-28,2025-11-01,vencida
737,7.0,59,2025-12-17,2025-12-27,2025-12-21,cumplida
738,7.0,72,2024-02-27,2024-03-08,2024-03-06,cumplida
739,7.0,72,2024-04-27,2024-05-07,2024-05-18,vencida
740,7.0,72,2024-06-26,2024-07-06,2024-06-28,cumplida
741,7.0,72,2024-08-25,2024-09-04,2024-09-01,cumplida
742,7.0,72,2024-10-24,2024-11-03,2024-10-25,cumplida
743,7.0,72,2024-12-23,2025-01-02,2024-12-25,cumplida
744,7.0,72,2025-02-21,2025-03-03,,vencida
745,7.0,72,2025-04-22,2025-05-02,2025-05-08,vencida
746,7.0,72,2025-06-21,2025-07-01,2025-07-02,vencida
747,7.0,72,2025-08-20,2025-08-30,2025-08-21,cumplida
748,7.0,72,2025-10-19,2025-10-29,2025-10-21,cumplida
749,7.0,72,2025-12-18,2025-12-28,,vencida
750,7.0,90,2024-02-14,2024-02-24,2024-02-19,cumplida
751,7.0,90,2024-04-14,2024-04-24,2024-04-19,cumplida
752,7.0,90,2024-06-13,2024-06-23,2024-06-14,cumplida
753,7.0,90,2024-08-12,2024-08-22,2024-08-14,cumplida
754,7.0,90,2024-10-11,2024-10-21,2024-10-18,cumplida
755,7.0,90,2024-12-10,2024-12-20,2024-12-24,vencida
756,7.0,90,2025-02-08,2025-02-18,2025-02-11,cumplida
757,7.0,90,2025-04-09,2025-04-19,2025-04-16,cumplida
758,7.0,90,2025-06-08,2025-06-18,2025-06-16,cumplida
759,7.0,90,2025-08-07,2025-08-17,2025-08-09,cumplida
760,7.0,90,2025-10-06,2025-10-16,2025-10-07,cumplida
761,7.0,90,2025-12-05,2025-12-15,,vencida
762,7.0,115,2024-01-07,2024-01-17,,vencida
763,7.0,115,2024-03-07,2024-03-17,2024-03-09,cumplida
764,7.0,115,2024-05-06,2024-05-16,2024-05-13,cumplida
765,7.0,115,2024-07-05,2024-07-15,2024-07-06,cumplida
766,7.0,115,2024-09-03,2024-09-13,2024-09-11,cumplida
767,7.0,115,2024-11-02,2024-11-12,,vencida
768,7.0,115,2025-01-01,2025-01-11,2025-01-05,cumplida
769,7.0,115,2025-03-02,2025-03-12,,vencida
770,7.0,115,2025-05-01,2025-05-11,2025-05-05,cumplida
771,7.0,115,2025-06-30,2025-07-10,2025-07-09,cumplida
772,7.0,115,2025-08-29,2025-09-08,2025-09-23,vencida
773,7.0,115,2025-10-28,2025-11-07,2025-11-04,cumplida
774,7.0,115,2025-12-27,2026-01-06,,pendiente
775,7.0,117,2024-01-18,2024-01-28,2024-02-11,vencida
776,7.0,117,2024-03-18,2024-03-28,,anulada
777,7.0,117,2024-05-17,2024-05-27,,vencida
778,7.0,117,2024-07-16,2024-07-26,2024-07-22,cumplida
779,7.0,117,2024-09-14,2024-09-24,2024-09-23,cumplida
780,7.0,117,2024-11-13,2024-11-23,2024-11-14,cumplida
781,7.0,117,2025-01-12,2025-01-22,2025-01-19,cumplida
782,7.0,117,2025-03-13,2025-03-23,,vencida
783,7.0,117,2025-05-12,2025-05-22,2025-05-21,cumplida
784,7.0,117,2025-07-11,2025-07-21,2025-07-13,cumplida
785,7.0,117,2025-09-09,2025-09-19,2025-09-14,cumplida
786,7.0,117,2025-11-08,2025-11-18,2025-11-11,cumplida
787,7.0,140,2024-01-03,2024-01-13,2024-01-07,cumplida
788,7.0,140,2024-03-03,2024-03-13,2024-03-05,cumplida
789,7.0,140,2024-05-02,2024-05-12,,vencida
790,7.0,140,2024-07-01,2024-07-11,2024-07-10,cumplida
791,7.0,140,2024-08-30,2024-09-09,2024-09-02,cumplida
792,7.0,140,2024-10-29,2024-11-08,2024-10-31,cumplida
793,7.0,140,2024-12-28,2025-01-07,2024-12-28,cumplida
794,7.0,140,2025-02-26,2025-03-08,2025-03-05,cumplida
795,7.0,140,2025-04-27,2025-05-07,2025-05-03,cumplida
796,7.0,140,2025-06-26,2025-07-06,2025-06-27,cumplida
797,7.0,140,2025-08-25,2025-09-04,,vencida
798,7.0,140,2025-10-24,2025-11-03,2025-10-25,cumplida
799,7.0,140,2025-12-23,2026-01-02,2025-12-24,cumplida
800,8.0,32,2024-01-01,2024-01-11,,vencida
801,8.0,32,2024-01-17,2024-01-27,2024-01-24,cumplida
802,8.0,32,2024-02-02,2024-02-12,,vencida
803,8.0,32,2024-02-18,2024-02-28,2024-02-21,cumplida
804,8.0,32,2024-03-05,2024-03-15,2024-03-05,cumplida
805,8.0,32,2024-03-21,2024-03-31,2024-03-22,cumplida
806,8.0,32,2024-04-06,2024-04-16,2024-04-14,cumplida
807,8.0,32,2024-04-22,2024-05-02,,vencida
808,8.0,32,2024-05-08,2024-05-18,2024-05-16,cumplida
809,8.0,32,2024-05-24,2024-06-03,2024-05-27,cumplida
810,8.0,32,2024-06-09,2024-06-19,,vencida
811,8.0,32,2024-06-25,2024-07-05,2024-06-25,cumplida
812,8.0,32,2024-07-11,2024-07-21,2024-07-18,cumplida
813,8.0,32,2024-07-27,2024-08-06,2024-08-02,cumplida
814,8.0,32,2024-08-12,2024-08-22,2024-08-26,vencida
815,8.0,32,2024-08-28,2024-09-07,2024-09-03,cumplida
816,8.0,32,2024-09-13,2024-09-23,2024-09-18,cumplida
817,8.0,32,2024-09-29,2024-10-09,2024-10-01,cumplida
818,8.0,32,2024-10-15,2024-10-25,2024-10-23,cumplida
819,8.0,32,2024-10-31,2024-11-10,2024-11-24,vencida
820,8.0,32,2024-11-16,2024-11-26,,vencida
821,8.0,32,2024-12-02,2024-12-12,2024-12-03,cumplida
822,8.0,32,2024-12-18,2024-12-28,2024-12-20,cumplida
823,8.0,32,2025-01-03,2025-01-13,,vencida
824,8.0,32,2025-01-19,2025-01-29,2025-02-08,vencida
825,8.0,32,2025-02-04,2025-02-14,,vencida
826,8.0,32,2025-02-20,2025-03-02,2025-02-23,cumplida
827,8.0,32,2025-03-08,2025-03-18,2025-03-14,cumplida
828,8.0,32,2025-03-24,2025-04-03,2025-04-02,cumplida
829,8.0,32,2025-04-09,2025-04-19,2025-04-12,cumplida
830,8.0,32,2025-04-25,2025-05-05,2025-05-01,cumplida
831,8.0,32,2025-05-11,2025-05-21,,vencida
832,8.0,32,2025-05-27,2025-06-06,2025-06-12,vencida
833,8.0,32,2025-06-12,2025-06-22,2025-06-16,cumplida
834,8.0,32,2025-06-28,2025-07-08,2025-07-07,cumplida
835,8.0,32,2025-07-14,2025-07-24,2025-07-17,cumplida
836,8.0,32,2025-07-30,2025-08-09,2025-08-03,cumplida
837,8.0,32,2025-08-15,2025-08-25,2025-08-22,cumplida
838,8.0,32,2025-08-31,2025-09-10,,vencida
839,8.0,32,2025-09-16,2025-09-26,2025-09-18,cumplida
840,8.0,32,2025-10-02,2025-10-12,2025-10-09,cumplida
841,8.0,32,2025-10-18,2025-10-28,2025-11-01,vencida
842,8.0,32,2025-11-03,2025-11-13,2025-11-14,vencida
843,8.0,32,2025-11-19,2025-11-29,2025-11-19,cumplida
844,8.0,32,2025-12-05,2025-12-15,2025-12-16,vencida
845,8.0,32,2025-12-21,2025-12-31,2025-12-27,cumplida
846,8.0,33,2024-01-04,2024-01-14,2024-01-05,cumplida
847,8.0,33,2024-01-20,2024-01-30,2024-02-05,vencida
848,8.0,33,2024-02-05,2024-02-15,2024-02-29,vencida
849,8.0,33,2024-02-21,2024-03-02,2024-02-22,cumplida
850,8.0,33,2024-03-08,2024-03-18,2024-03-30,vencida
851,8.0,33,2024-03-24,2024-04-03,,vencida
852,8.0,33,2024-04-09,2024-04-19,2024-04-09,cumplida
853,8.0,33,2024-04-25,2024-05-05,2024-04-28,cumplida
854,8.0,33,2024-05-11,2024-05-21,2024-05-15,cumplida
855,8.0,33,2024-05-27,2024-06-06,2024-05-28,cumplida
856,8.0,33,2024-06-12,2024-06-22,2024-06-17,cumplida
857,8.0,33,2024-06-28,2024-07-08,,vencida
858,8.0,33,2024-07-14,2024-07-24,2024-07-23,cumplida
859,8.0,33,2024-07-30,2024-08-09,2024-08-06,cumplida
860,8.0,33,2024-08-15,2024-08-25,2024-08-21,cumplida
861,8.0,33,2024-08-31,2024-09-10,2024-09-07,cumplida
862,8.0,33,2024-09-16,2024-09-26,2024-09-18,cumplida
863,8.0,33,2024-10-02,2024-10-12,2024-10-04,cumplida
864,8.0,33,2024-10-18,2024-10-28,2024-10-30,vencida
865,8.0,33,2024-11-03,2024-11-13,2024-11-22,vencida
866,8.0,33,2024-11-19,2024-11-29,2024-11-21,cumplida
867,8.0,33,2024-12-05,2024-12-15,,vencida
868,8.0,33,2024-12-21,2024-12-31,2024-12-29,cumplida
869,8.0,33,2025-01-06,2025-01-16,2025-01-10,cumplida
870,8.0,33,2025-01-22,2025-02-01,2025-02-02,vencida
871,8.0,33,2025-02-07,2025-02-17,,vencida
872,8.0,33,2025-02-23,2025-03-05,,vencida
873,8.0,33,2025-03-11,2025-03-21,2025-04-09,vencida
874,8.0,33,2025-03-27,2025-04-06,,vencida
875,8.0,33,2025-04-12,2025-04-22,,vencida
876,8.0,33,2025-04-28,2025-05-08,,anulada
877,8.0,33,2025-05-14,2025-05-24,2025-05-22,cumplida
878,8.0,33,2025-05-30,2025-06-09,2025-06-06,cumplida
879,8.0,33,2025-06-15,2025-06-25,2025-06-22,cumplida
880,8.0,33,2025-07-01,2025-07-11,2025-07-02,cumplida
881,8.0,33,2025-07-17,2025-07-27,2025-07-19,cumplida
882,8.0,33,2025-08-02,2025-08-12,2025-08-06,cumplida
883,8.0,33,2025-08-18,2025-08-28,2025-08-18,cumplida
884,8.0,33,2025-09-03,2025-09-13,2025-09-23,vencida
885,8.0,33,2025-09-19,2025-09-29,2025-09-19,cumplida
886,8.0,33,2025-10-05,2025-10-15,2025-10-07,cumplida
887,8.0,33,2025-10-21,2025-10-31,,vencida
888,8.0,33,2025-11-06,2025-11-16,2025-11-20,vencida
889,8.0,33,2025-11-22,2025-12-02,2025-11-24,cumplida
890,8.0,33,2025-12-08,2025-12-18,2025-12-29,vencida
891,8.0,33,2025-12-24,2026-01-03,2025-12-27,cumplida
892,8.0,139,2024-01-10,2024-01-20,2024-01-16,cumplida
893,8.0,139,2024-01-26,2024-02-05,2024-02-06,vencida
894,8.0,139,2024-02-11,2024-02-21,2024-02-18,cumplida
895,8.0,139,2024-02-27,2024-03-08,2024-03-18,vencida
896,8.0,139,2024-03-14,2024-03-24,2024-03-14,cumplida
897,8.0,139,2024-03-30,2024-04-09,2024-03-31,cumplida
898,8.0,139,2024-04-15,2024-04-25,2024-04-23,cumplida
899,8.0,139,2024-05-01,2024-05-11,2024-05-07,cumplida
900,8.0,139,2024-05-17,2024-05-27,,anulada
901,8.0,139,2024-06-02,2024-06-12,2024-06-18,vencida
902,8.0,139,2024-06-18,2024-06-28,,vencida
903,8.0,139,2024-07-04,2024-07-14,,vencida
904,8.0,139,2024-07-20,2024-07-30,,vencida
905,8.0,139,2024-08-05,2024-08-15,2024-08-14,cumplida
906,8.0,139,2024-08-21,2024-08-31,2024-08-27,cumplida
907,8.0,139,2024-09-06,2024-09-16,2024-09-14,cumplida
908,8.0,139,2024-09-22,2024-10-02,2024-10-01,cumplida
909,8.0,139,2024-10-08,2024-10-18,2024-10-20,vencida
910,8.0,139,2024-10-24,2024-11-03,2024-11-02,cumplida
911,8.0,139,2024-11-09,2024-11-19,2024-11-15,cumplida
912,8.0,139,2024-11-25,2024-12-05,2024-12-07,vencida
913,8.0,139,2024-12-11,2024-12-21,2024-12-20,cumplida
914,8.0,139,2024-12-27,2025-01-06,2024-12-28,cumplida
915,8.0,139,2025-01-12,2025-01-22,2025-01-15,cumplida
916,8.0,139,2025-01-28,2025-02-07,2025-01-28,cumplida
917,8.0,139,2025-02-13,2025-02-23,2025-02-13,cumplida
918,8.0,139,2025-03-01,2025-03-11,2025-03-02,cumplida
919,8.0,139,2025-03-17,2025-03-27,2025-03-26,cumplida
920,8.0,139,2025-04-02,2025-04-12,2025-04-04,cumplida
921,8.0,139,2025-04-18,2025-04-28,2025-04-22,cumplida
922,8.0,139,2025-05-04,2025-05-14,,vencida
923,8.0,139,2025-05-20,2025-05-30,2025-06-11,vencida
924,8.0,139,2025-06-05,2025-06-15,2025-06-11,cumplida
925,8.0,139,2025-06-21,2025-07-01,2025-06-25,cumplida
926,8.0,139,2025-07-07,2025-07-17,2025-07-13,cumplida
927,8.0,139,2025-07-23,2025-08-02,2025-07-26,cumplida
928,8.0,139,2025-08-08,2025-08-18,2025-08-09,cumplida
929,8.0,139,2025-08-24,2025-09-03,2025-08-28,cumplida
930,8.0,139,2025-09-09,2025-09-19,2025-09-15,cumplida
931,8.0,139,2025-09-25,2025-10-05,2025-10-02,cumplida
932,8.0,139,2025-10-11,2025-10-21,2025-10-20,cumplida
933,8.0,139,2025-10-27,2025-11-06,2025-11-01,cumplida
934,8.0,139,2025-11-12,2025-11-22,2025-12-02,vencida
935,8.0,139,2025-11-28,2025-12-08,2025-12-04,cumplida
936,8.0,139,2025-12-14,2025-12-24,2025-12-15,cumplida
937,8.0,139,2025-12-30,2026-01-09,,pendiente
938,8.0,142,2024-01-02,2024-01-12,2024-01-11,cumplida
939,8.0,142,2024-01-18,2024-01-28,2024-01-25,cumplida
940,8.0,142,2024-02-03,2024-02-13,2024-02-09,cumplida
941,8.0,142,2024-02-19,2024-02-29,2024-02-23,cumplida
942,8.0,142,2024-03-06,2024-03-16,2024-03-14,cumplida
943,8.0,142,2024-03-22,2024-04-01,2024-03-26,cumplida
944,8.0,142,2024-04-07,2024-04-17,2024-04-14,cumplida
945,8.0,142,2024-04-23,2024-05-03,,vencida
946,8.0,142,2024-05-09,2024-05-19,2024-05-15,cumplida
947,8.0,142,2024-05-25,2024-06-04,,vencida
948,8.0,142,2024-06-10,2024-06-20,2024-06-11,cumplida
949,8.0,142,2024-06-26,2024-07-06,2024-07-22,vencida
950,8.0,142,2024-07-12,2024-07-22,,vencida
951,8.0,142,2024-07-28,2024-08-07,2024-08-05,cumplida
952,8.0,142,2024-08-13,2024-08-23,,vencida
953,8.0,142,2024-08-29,2024-09-08,2024-09-05,cumplida
954,8.0,142,2024-09-14,2024-09-24,,vencida
955,8.0,142,2024-09-30,2024-10-10,2024-10-01,cumplida
956,8.0,142,2024-10-16,2024-10-26,2024-10-20,cumplida
957,8.0,142,2024-11-01,2024-11-11,2024-11-01,cumplida
958,8.0,142,2024-11-17,2024-11-27,2024-11-18,cumplida
959,8.0,142,2024-12-03,2024-12-13,2024-12-06,cumplida
960,8.0,142,2024-12-19,2024-12-29,2024-12-21,cumplida
961,8.0,142,2025-01-04,2025-01-14,2025-01-05,cumplida
962,8.0,142,2025-01-20,2025-01-30,2025-01-29,cumplida
963,8.0,142,2025-02-05,2025-02-15,,vencida
964,8.0,142,2025-02-21,2025-03-03,2025-03-04,vencida
965,8.0,142,2025-03-09,2025-03-19,2025-03-20,vencida
966,8.0,142,2025-03-25,2025-04-04,2025-03-29,cumplida
967,8.0,142,2025-04-10,2025-04-20,2025-04-21,vencida
968,8.0,142,2025-04-26,2025-05-06,2025-04-29,cumplida
969,8.0,142,2025-05-12,2025-05-22,2025-05-12,cumplida
970,8.0,142,2025-05-28,2025-06-07,2025-06-01,cumplida
971,8.0,142,2025-06-13,2025-06-23,2025-06-18,cumplida
972,8.0,142,2025-06-29,2025-07-09,2025-07-05,cumplida
973,8.0,142,2025-07-15,2025-07-25,2025-07-16,cumplida
974,8.0,142,2025-07-31,2025-08-10,2025-08-06,cumplida
975,8.0,142,2025-08-16,2025-08-26,2025-08-16,cumplida
976,8.0,142,2025-09-01,2025-09-11,,vencida
977,8.0,142,2025-09-17,2025-09-27,2025-09-18,cumplida
978,8.0,142,2025-10-03,2025-10-13,2025-10-08,cumplida
979,8.0,142,2025-10-19,2025-10-29,,vencida
980,8.0,142,2025-11-04,2025-11-14,2025-11-13,cumplida
981,8.0,142,2025-11-20,2025-11-30,2025-11-29,cumplida
982,8.0,142,2025-12-06,2025-12-16,,vencida
983,8.0,142,2025-12-22,2026-01-01,2025-12-23,cumplida
984,9.0,32,2024-01-31,2024-02-10,2024-02-05,cumplida
985,9.0,32,2024-03-02,2024-03-12,2024-03-02,cumplida
986,9.0,32,2024-04-02,2024-04-12,2024-04-28,vencida
987,9.0,32,2024-05-03,2024-05-13,2024-05-11,cumplida
988,9.0,32,2024-06-03,2024-06-13,2024-06-06,cumplida
989,9.0,32,2024-07-04,2024-07-14,2024-07-20,vencida
990,9.0,32,2024-08-04,2024-08-14,2024-08-04,cumplida
991,9.0,32,2024-09-04,2024-09-14,2024-09-19,vencida
992,9.0,32,2024-10-05,2024-10-15,2024-10-06,cumplida
993,9.0,32,2024-11-05,2024-11-15,2024-11-14,cumplida
994,9.0,32,2024-12-06,2024-12-16,2024-12-09,cumplida
995,9.0,32,2025-01-06,2025-01-16,2025-01-12,cumplida
996,9.0,32,2025-02-06,2025-02-16,2025-02-17,vencida
997,9.0,32,2025-03-09,2025-03-19,2025-03-25,vencida
998,9.0,32,2025-04-09,2025-04-19,2025-04-10,cumplida
999,9.0,32,2025-05-10,2025-05-20,,vencida
1000,9.0,32,2025-06-10,2025-06-20,2025-06-24,vencida
1001,9.0,32,2025-07-11,2025-07-21,2025-07-12,cumplida
1002,9.0,32,2025-08-11,2025-08-21,2025-09-07,vencida
1003,9.0,32,2025-09-11,2025-09-21,,vencida
1004,9.0,32,2025-10-12,2025-10-22,2025-11-05,vencida
1005,9.0,32,2025-11-12,2025-11-22,2025-11-19,cumplida
1006,9.0,32,2025-12-13,2025-12-23,,vencida
1007,9.0,33,2024-01-15,2024-01-25,2024-01-17,cumplida
1008,9.0,33,2024-02-15,2024-02-25,2024-03-05,vencida
1009,9.0,33,2024-03-17,2024-03-27,2024-03-22,cumplida
1010,9.0,33,2024-04-17,2024-04-27,,vencida
1011,9.0,33,2024-05-18,2024-05-28,,vencida
1012,9.0,33,2024-06-18,2024-06-28,,vencida
1013,9.0,33,2024-07-19,2024-07-29,2024-07-24,cumplida
1014,9.0,33,2024-08-19,2024-08-29,2024-08-28,cumplida
1015,9.0,33,2024-09-19,2024-09-29,,anulada
1016,9.0,33,2024-10-20,2024-10-30,2024-10-20,cumplida
1017,9.0,33,2024-11-20,2024-11-30,2024-11-20,cumplida
1018,9.0,33,2024-12-21,2024-12-31,2024-12-24,cumplida
1019,9.0,33,2025-01-21,2025-01-31,2025-01-21,cumplida
1020,9.0,33,2025-02-21,2025-03-03,2025-02-21,cumplida
1021,9.0,33,2025-03-24,2025-04-03,2025-03-24,cumplida
1022,9.0,33,2025-04-24,2025-05-04,2025-05-12,vencida
1023,9.0,33,2025-05-25,2025-06-04,2025-05-27,cumplida
1024,9.0,33,2025-06-25,2025-07-05,2025-07-04,cumplida
1025,9.0,33,2025-07-26,2025-08-05,2025-08-03,cumplida
1026,9.0,33,2025-08-26,2025-09-05,2025-09-15,vencida
1027,9.0,33,2025-09-26,2025-10-06,2025-09-29,cumplida
1028,9.0,33,2025-10-27,2025-11-06,2025-10-28,cumplida
1029,9.0,33,2025-11-27,2025-12-07,2025-11-30,cumplida
1030,9.0,33,2025-12-28,2026-01-07,,pendiente
1031,9.0,139,2024-01-09,2024-01-19,2024-01-18,cumplida
1032,9.0,139,2024-02-09,2024-02-19,2024-02-09,cumplida
1033,9.0,139,2024-03-11,2024-03-21,2024-04-04,vencida
1034,9.0,139,2024-04-11,2024-04-21,2024-04-14,cumplida
1035,9.0,139,2024-05-12,2024-05-22,2024-05-23,vencida
1036,9.0,139,2024-06-12,2024-06-22,2024-06-30,vencida
1037,9.0,139,2024-07-13,2024-07-23,2024-07-15,cumplida
1038,9.0,139,2024-08-13,2024-08-23,,vencida
1039,9.0,139,2024-09-13,2024-09-23,2024-09-21,cumplida
1040,9.0,139,2024-10-14,2024-10-24,2024-10-17,cumplida
1041,9.0,139,2024-11-14,2024-11-24,2024-11-15,cumplida
1042,9.0,139,2024-12-15,2024-12-25,2025-01-04,vencida
1043,9.0,139,2025-01-15,2025-01-25,,anulada
1044,9.0,139,2025-02-15,2025-02-25,,vencida
1045,9.0,139,2025-03-18,2025-03-28,2025-03-19,cumplida
1046,9.0,139,2025-04-18,2025-04-28,2025-04-21,cumplida
1047,9.0,139,2025-05-19,2025-05-29,2025-05-26,cumplida
1048,9.0,139,2025-06-19,2025-06-29,2025-06-27,cumplida
1049,9.0,139,2025-07-20,2025-07-30,2025-07-22,cumplida
1050,9.0,139,2025-08-20,2025-08-30,2025-09-14,vencida
1051,9.0,139,2025-09-20,2025-09-30,2025-09-23,cumplida
1052,9.0,139,2025-10-21,2025-10-31,2025-10-26,cumplida
1053,9.0,139,2025-11-21,2025-12-01,2025-11-28,cumplida
1054,9.0,139,2025-12-22,2026-01-01,2025-12-24,cumplida
1055,9.0,142,2024-01-16,2024-01-26,2024-01-23,cumplida
1056,9.0,142,2024-02-16,2024-02-26,2024-03-08,vencida
1057,9.0,142,2024-03-18,2024-03-28,2024-03-25,cumplida
1058,9.0,142,2024-04-18,2024-04-28,2024-04-27,cumplida
1059,9.0,142,2024-05-19,2024-05-29,2024-06-12,vencida
1060,9.0,142,2024-06-19,2024-06-29,2024-06-27,cumplida
1061,9.0,142,2024-07-20,2024-07-30,,vencida
1062,9.0,142,2024-08-20,2024-08-30,2024-08-26,cumplida
1063,9.0,142,2024-09-20,2024-09-30,2024-09-21,cumplida
1064,9.0,142,2024-10-21,2024-10-31,2024-10-28,cumplida
1065,9.0,142,2024-11-21,2024-12-01,2024-11-30,cumplida
1066,9.0,142,2024-12-22,2025-01-01,2024-12-31,cumplida
1067,9.0,142,2025-01-22,2025-02-01,2025-02-07,vencida
1068,9.0,142,2025-02-22,2025-03-04,2025-03-02,cumplida
1069,9.0,142,2025-03-25,2025-04-04,,vencida
1070,9.0,142,2025-04-25,2025-05-05,2025-05-04,cumplida
1071,9.0,142,2025-05-26,2025-06-05,2025-05-29,cumplida
1072,9.0,142,2025-06-26,2025-07-06,2025-06-26,cumplida
1073,9.0,142,2025-07-27,2025-08-06,,vencida
1074,9.0,142,2025-08-27,2025-09-06,2025-09-03,cumplida
1075,9.0,142,2025-09-27,2025-10-07,2025-10-06,cumplida
1076,9.0,142,2025-10-28,2025-11-07,2025-10-29,cumplida
1077,9.0,142,2025-11-28,2025-12-08,2025-12-13,vencida
1078,9.0,142,2025-12-29,2026-01-08,2025-12-30,cumplida
1079,10.0,24,2024-02-17,2024-03-03,2024-03-16,vencida
1080,10.0,24,2024-04-17,2024-05-02,2024-05-01,cumplida
1081,10.0,24,2024-06-16,2024-07-01,2024-06-21,cumplida
1082,10.0,24,2024-08-15,2024-08-30,2024-08-29,cumplida
1083,10.0,24,2024-10-14,2024-10-29,2024-10-15,cumplida
1084,10.0,24,2024-12-13,2024-12-28,2024-12-26,cumplida
1085,10.0,24,2025-02-11,2025-02-26,2025-02-21,cumplida
1086,10.0,24,2025-04-12,2025-04-27,,anulada
1087,10.0,24,2025-06-11,2025-06-26,2025-06-18,cumplida
1088,10.0,24,2025-08-10,2025-08-25,2025-08-15,cumplida
1089,10.0,24,2025-10-09,2025-10-24,2025-10-11,cumplida
1090,10.0,24,2025-12-08,2025-12-23,,vencida
1091,10.0,65,2024-01-19,2024-02-03,2024-01-31,cumplida
1092,10.0,65,2024-03-19,2024-04-03,2024-03-20,cumplida
1093,10.0,65,2024-05-18,2024-06-02,2024-05-18,cumplida
1094,10.0,65,2024-07-17,2024-08-01,2024-07-31,cumplida
1095,10.0,65,2024-09-15,2024-09-30,2024-09-25,cumplida
1096,10.0,65,2024-11-14,2024-11-29,2024-11-24,cumplida
1097,10.0,65,2025-01-13,2025-01-28,2025-01-19,cumplida
1098,10.0,65,2025-03-14,2025-03-29,2025-03-14,cumplida
1099,10.0,65,2025-05-13,2025-05-28,2025-05-23,cumplida
1100,10.0,65,2025-07-12,2025-07-27,2025-07-17,cumplida
1101,10.0,65,2025-09-10,2025-09-25,2025-09-16,cumplida
1102,10.0,65,2025-11-09,2025-11-24,2025-11-09,cumplida
1103,11.0,87,2024-01-05,2024-01-20,2024-01-09,cumplida
1104,11.0,87,2024-04-08,2024-04-23,,anulada
1105,11.0,87,2024-07-11,2024-07-26,2024-07-23,cumplida
1106,11.0,87,2024-10-13,2024-10-28,2024-11-02,vencida
1107,11.0,87,2025-01-15,2025-01-30,2025-01-26,cumplida
1108,11.0,87,2025-04-19,2025-05-04,2025-05-03,cumplida
1109,11.0,87,2025-07-22,2025-08-06,2025-07-26,cumplida
1110,11.0,87,2025-10-24,2025-11-08,2025-11-17,vencida
1111,11.0,88,2024-01-05,2024-01-20,2024-01-18,cumplida
1112,11.0,88,2024-04-08,2024-04-23,2024-05-03,vencida
1113,11.0,88,2024-07-11,2024-07-26,2024-07-25,cumplida
1114,11.0,88,2024-10-13,2024-10-28,2024-10-13,cumplida
1115,11.0,88,2025-01-15,2025-01-30,2025-01-23,cumplida
1116,11.0,88,2025-04-19,2025-05-04,2025-05-18,vencida
1117,11.0,88,2025-07-22,2025-08-06,2025-07-30,cumplida
1118,11.0,88,2025-10-24,2025-11-08,2025-11-04,cumplida
1119,12.0,21,2024-02-22,2024-03-08,2024-03-05,cumplida
1120,12.0,21,2024-04-24,2024-05-09,2024-05-18,vencida
1121,12.0,21,2024-06-25,2024-07-10,2024-07-05,cumplida
1122,12.0,21,2024-08-26,2024-09-10,2024-09-04,cumplida
1123,12.0,21,2024-10-27,2024-11-11,2024-10-29,cumplida
1124,12.0,21,2024-12-28,2025-01-12,2025-01-03,cumplida
1125,12.0,21,2025-02-28,2025-03-15,2025-03-07,cumplida
1126,12.0,21,2025-05-01,2025-05-16,2025-05-05,cumplida
1127,12.0,21,2025-07-02,2025-07-17,2025-07-09,cumplida
1128,12.0,21,2025-09-02,2025-09-17,2025-09-05,cumplida
1129,12.0,21,2025-11-03,2025-11-18,2025-11-03,cumplida
1130,12.0,61,2024-01-07,2024-01-22,,vencida
1131,12.0,61,2024-03-09,2024-03-24,2024-03-22,cumplida
1132,12.0,61,2024-05-10,2024-05-25,2024-05-22,cumplida
1133,12.0,61,2024-07-11,2024-07-26,2024-07-13,cumplida
1134,12.0,61,2024-09-11,2024-09-26,2024-09-25,cumplida
1135,12.0,61,2024-11-12,2024-11-27,2024-11-14,cumplida
1136,12.0,61,2025-01-13,2025-01-28,2025-01-18,cumplida
1137,12.0,61,2025-03-16,2025-03-31,2025-03-16,cumplida
1138,12.0,61,2025-05-17,2025-06-01,2025-05-31,cumplida
1139,12.0,61,2025-07-18,2025-08-02,2025-07-31,cumplida
1140,12.0,61,2025-09-18,2025-10-03,2025-09-20,cumplida
1141,12.0,61,2025-11-19,2025-12-04,2025-11-30,cumplida
1142,12.0,68,2024-02-09,2024-02-24,2024-02-09,cumplida
1143,12.0,68,2024-04-11,2024-04-26,,vencida
1144,12.0,68,2024-06-12,2024-06-27,,vencida
1145,12.0,68,2024-08-13,2024-08-28,2024-08-20,cumplida
1146,12.0,68,2024-10-14,2024-10-29,2024-10-16,cumplida
1147,12.0,68,2024-12-15,2024-12-30,2024-12-22,cumplida
1148,12.0,68,2025-02-15,2025-03-02,2025-03-13,vencida
1149,12.0,68,2025-04-18,2025-05-03,2025-05-01,cumplida
1150,12.0,68,2025-06-19,2025-07-04,2025-07-01,cumplida
1151,12.0,68,2025-08-20,2025-09-04,2025-09-03,cumplida
1152,12.0,68,2025-10-21,2025-11-05,2025-11-01,cumplida
1153,12.0,68,2025-12-22,2026-01-06,2025-12-29,cumplida
1154,12.0,69,2024-01-24,2024-02-08,2024-01-24,cumplida
1155,12.0,69,2024-03-26,2024-04-10,2024-04-19,vencida
1156,12.0,69,2024-05-27,2024-06-11,2024-06-02,cumplida
1157,12.0,69,2024-07-28,2024-08-12,,vencida
1158,12.0,69,2024-09-28,2024-10-13,2024-09-30,cumplida
1159,12.0,69,2024-11-29,2024-12-14,2024-12-24,vencida
1160,12.0,69,2025-01-30,2025-02-14,,vencida
1161,12.0,69,2025-04-02,2025-04-17,2025-04-02,cumplida
1162,12.0,69,2025-06-03,2025-06-18,,vencida
1163,12.0,69,2025-08-04,2025-08-19,2025-08-18,cumplida
1164,12.0,69,2025-10-05,2025-10-20,2025-10-09,cumplida
1165,12.0,69,2025-12-06,2025-12-21,2025-12-18,cumplida
1166,12.0,71,2024-02-18,2024-03-04,2024-02-25,cumplida
1167,12.0,71,2024-04-20,2024-05-05,2024-04-24,cumplida
1168,12.0,71,2024-06-21,2024-07-06,,vencida
1169,12.0,71,2024-08-22,2024-09-06,2024-09-02,cumplida
1170,12.0,71,2024-10-23,2024-11-07,,vencida
1171,12.0,71,2024-12-24,2025-01-08,2025-01-05,cumplida
1172,12.0,71,2025-02-24,2025-03-11,2025-03-03,cumplida
1173,12.0,71,2025-04-27,2025-05-12,,vencida
1174,12.0,71,2025-06-28,2025-07-13,2025-07-11,cumplida
1175,12.0,71,2025-08-29,2025-09-13,2025-09-06,cumplida
1176,12.0,71,2025-10-30,2025-11-14,2025-11-08,cumplida
1177,12.0,71,2025-12-31,2026-01-15,,pendiente
1178,13.0,63,2024-01-02,2024-01-12,,vencida
1179,13.0,63,2024-02-01,2024-02-11,2024-02-04,cumplida
1180,13.0,63,2024-03-02,2024-03-12,,vencida
1181,13.0,63,2024-04-01,2024-04-11,2024-04-09,cumplida
1182,13.0,63,2024-05-01,2024-05-11,2024-05-09,cumplida
1183,13.0,63,2024-05-31,2024-06-10,2024-06-02,cumplida
1184,13.0,63,2024-06-30,2024-07-10,,vencida
1185,13.0,63,2024-07-30,2024-08-09,,vencida
1186,13.0,63,2024-08-29,2024-09-08,2024-09-01,cumplida
1187,13.0,63,2024-09-28,2024-10-08,2024-09-29,cumplida
1188,13.0,63,2024-10-28,2024-11-07,2024-11-04,cumplida
1189,13.0,63,2024-11-27,2024-12-07,2024-12-06,cumplida
1190,13.0,63,2024-12-27,2025-01-06,2024-12-27,cumplida
1191,13.0,63,2025-01-26,2025-02-05,2025-01-27,cumplida
1192,13.0,63,2025-02-25,2025-03-07,2025-03-01,cumplida
1193,13.0,63,2025-03-27,2025-04-06,,vencida
1194,13.0,63,2025-04-26,2025-05-06,2025-04-26,cumplida
1195,13.0,63,2025-05-26,2025-06-05,2025-06-04,cumplida
1196,13.0,63,2025-06-25,2025-07-05,2025-06-28,cumplida
1197,13.0,63,2025-07-25,2025-08-04,2025-07-31,cumplida
1198,13.0,63,2025-08-24,2025-09-03,2025-08-28,cumplida
1199,13.0,63,2025-09-23,2025-10-03,2025-09-30,cumplida
1200,13.0,63,2025-10-23,2025-11-02,2025-11-07,vencida
1201,13.0,63,2025-11-22,2025-12-02,2025-11-30,cumplida
1202,13.0,63,2025-12-22,2026-01-01,2025-12-29,cumplida
1203,13.0,64,2024-01-27,2024-02-06,,vencida
1204,13.0,64,2024-02-26,2024-03-07,2024-02-27,cumplida
1205,13.0,64,2024-03-27,2024-04-06,,vencida
1206,13.0,64,2024-04-26,2024-05-06,2024-05-03,cumplida
1207,13.0,64,2024-05-26,2024-06-05,,vencida
1208,13.0,64,2024-06-25,2024-07-05,2024-07-12,vencida
1209,13.0,64,2024-07-25,2024-08-04,2024-07-28,cumplida
1210,13.0,64,2024-08-24,2024-09-03,2024-09-09,vencida
1211,13.0,64,2024-09-23,2024-10-03,,vencida
1212,13.0,64,2024-10-23,2024-11-02,2024-10-24,cumplida
1213,13.0,64,2024-11-22,2024-12-02,2024-11-25,cumplida
1214,13.0,64,2024-12-22,2025-01-01,2024-12-23,cumplida
1215,13.0,64,2025-01-21,2025-01-31,2025-02-02,vencida
1216,13.0,64,2025-02-20,2025-03-02,,vencida
1217,13.0,64,2025-03-22,2025-04-01,2025-03-24,cumplida
1218,13.0,64,2025-04-21,2025-05-01,,vencida
1219,13.0,64,2025-05-21,2025-05-31,,vencida
1220,13.0,64,2025-06-20,2025-06-30,2025-07-07,vencida
1221,13.0,64,2025-07-20,2025-07-30,2025-07-25,cumplida
1222,13.0,64,2025-08-19,2025-08-29,,vencida
1223,13.0,64,2025-09-18,2025-09-28,2025-09-25,cumplida
1224,13.0,64,2025-10-18,2025-10-28,2025-10-25,cumplida
1225,13.0,64,2025-11-17,2025-11-27,2025-12-08,vencida
1226,13.0,64,2025-12-17,2025-12-27,,vencida
1227,13.0,66,2024-01-21,2024-01-31,2024-01-22,cumplida
1228,13.0,66,2024-02-20,2024-03-01,2024-02-24,cumplida
1229,13.0,66,2024-03-21,2024-03-31,,vencida
1230,13.0,66,2024-04-20,2024-04-30,2024-05-05,vencida
1231,13.0,66,2024-05-20,2024-05-30,2024-06-12,vencida
1232,13.0,66,2024-06-19,2024-06-29,,vencida
1233,13.0,66,2024-07-19,2024-07-29,,vencida
1234,13.0,66,2024-08-18,2024-08-28,2024-09-14,vencida
1235,13.0,66,2024-09-17,2024-09-27,2024-09-21,cumplida
1236,13.0,66,2024-10-17,2024-10-27,2024-11-09,vencida
1237,13.0,66,2024-11-16,2024-11-26,,vencida
1238,13.0,66,2024-12-16,2024-12-26,2024-12-17,cumplida
1239,13.0,66,2025-01-15,2025-01-25,2025-01-20,cumplida
1240,13.0,66,2025-02-14,2025-02-24,2025-02-21,cumplida
1241,13.0,66,2025-03-16,2025-03-26,2025-03-24,cumplida
1242,13.0,66,2025-04-15,2025-04-25,2025-04-16,cumplida
1243,13.0,66,2025-05-15,2025-05-25,2025-05-23,cumplida
1244,13.0,66,2025-06-14,2025-06-24,2025-06-19,cumplida
1245,13.0,66,2025-07-14,2025-07-24,2025-07-29,vencida
1246,13.0,66,2025-08-13,2025-08-23,2025-08-19,cumplida
1247,13.0,66,2025-09-12,2025-09-22,2025-09-21,cumplida
1248,13.0,66,2025-10-12,2025-10-22,,vencida
1249,13.0,66,2025-11-11,2025-11-21,2025-11-12,cumplida
1250,13.0,66,2025-12-11,2025-12-21,,vencida
1251,13.0,83,2024-01-14,2024-01-24,,vencida
1252,13.0,83,2024-02-13,2024-02-23,,vencida
1253,13.0,83,2024-03-14,2024-03-24,2024-03-15,cumplida
1254,13.0,83,2024-04-13,2024-04-23,2024-04-15,cumplida
1255,13.0,83,2024-05-13,2024-05-23,2024-05-13,cumplida
1256,13.0,83,2024-06-12,2024-06-22,2024-06-15,cumplida
1257,13.0,83,2024-07-12,2024-07-22,,vencida
1258,13.0,83,2024-08-11,2024-08-21,2024-08-14,cumplida
1259,13.0,83,2024-09-10,2024-09-20,2024-09-12,cumplida
1260,13.0,83,2024-10-10,2024-10-20,,anulada
1261,13.0,83,2024-11-09,2024-11-19,2024-11-26,vencida
1262,13.0,83,2024-12-09,2024-12-19,2024-12-12,cumplida
1263,13.0,83,2025-01-08,2025-01-18,2025-01-10,cumplida
1264,13.0,83,2025-02-07,2025-02-17,2025-02-14,cumplida
1265,13.0,83,2025-03-09,2025-03-19,2025-03-18,cumplida
1266,13.0,83,2025-04-08,2025-04-18,2025-04-16,cumplida
1267,13.0,83,2025-05-08,2025-05-18,2025-05-12,cumplida
1268,13.0,83,2025-06-07,2025-06-17,2025-06-16,cumplida
1269,13.0,83,2025-07-07,2025-07-17,2025-07-10,cumplida
1270,13.0,83,2025-08-06,2025-08-16,2025-08-11,cumplida
1271,13.0,83,2025-09-05,2025-09-15,2025-09-13,cumplida
1272,13.0,83,2025-10-05,2025-10-15,2025-10-12,cumplida
1273,13.0,83,2025-11-04,2025-11-14,2025-11-11,cumplida
1274,13.0,83,2025-12-04,2025-12-14,2025-12-06,cumplida
1275,13.0,84,2024-01-07,2024-01-17,2024-02-01,vencida
1276,13.0,84,2024-02-06,2024-02-16,,vencida
1277,13.0,84,2024-03-07,2024-03-17,2024-03-16,cumplida
1278,13.0,84,2024-04-06,2024-04-16,2024-04-10,cumplida
1279,13.0,84,2024-05-06,2024-05-16,2024-05-27,vencida
1280,13.0,84,2024-06-05,2024-06-15,2024-06-14,cumplida
1281,13.0,84,2024-07-05,2024-07-15,2024-07-13,cumplida
1282,13.0,84,2024-08-04,2024-08-14,2024-08-13,cumplida
1283,13.0,84,2024-09-03,2024-09-13,2024-09-04,cumplida
1284,13.0,84,2024-10-03,2024-10-13,2024-10-05,cumplida
1285,13.0,84,2024-11-02,2024-11-12,2024-11-14,vencida
1286,13.0,84,2024-12-02,2024-12-12,2024-12-06,cumplida
1287,13.0,84,2025-01-01,2025-01-11,,vencida
1288,13.0,84,2025-01-31,2025-02-10,2025-02-20,vencida
1289,13.0,84,2025-03-02,2025-03-12,2025-03-04,cumplida
1290,13.0,84,2025-04-01,2025-04-11,2025-04-04,cumplida
1291,13.0,84,2025-05-01,2025-05-11,2025-05-07,cumplida
1292,13.0,84,2025-05-31,2025-06-10,2025-06-08,cumplida
1293,13.0,84,2025-06-30,2025-07-10,,vencida
1294,13.0,84,2025-07-30,2025-08-09,2025-08-01,cumplida
1295,13.0,84,2025-08-29,2025-09-08,2025-08-29,cumplida
1296,13.0,84,2025-09-28,2025-10-08,2025-10-04,cumplida
1297,13.0,84,2025-10-28,2025-11-07,2025-11-05,cumplida
1298,13.0,84,2025-11-27,2025-12-07,,vencida
1299,13.0,84,2025-12-27,2026-01-06,2025-12-28,cumplida
1300,16.0,53,2024-02-18,2024-02-28,2024-02-21,cumplida
1301,16.0,53,2024-04-08,2024-04-18,2024-04-16,cumplida
1302,16.0,53,2024-05-28,2024-06-07,2024-06-03,cumplida
1303,16.0,53,2024-07-17,2024-07-27,2024-07-23,cumplida
1304,16.0,53,2024-09-05,2024-09-15,2024-09-06,cumplida
1305,16.0,53,2024-10-25,2024-11-04,2024-10-28,cumplida
1306,16.0,53,2024-12-14,2024-12-24,2024-12-17,cumplida
1307,16.0,53,2025-02-02,2025-02-12,,vencida
1308,16.0,53,2025-03-24,2025-04-03,2025-03-30,cumplida
1309,16.0,53,2025-05-13,2025-05-23,2025-05-29,vencida
1310,16.0,53,2025-07-02,2025-07-12,2025-07-17,vencida
1311,16.0,53,2025-08-21,2025-08-31,2025-09-18,vencida
1312,16.0,53,2025-10-10,2025-10-20,2025-10-15,cumplida
1313,16.0,53,2025-11-29,2025-12-09,,vencida
1314,17.0,15,2024-01-03,2024-01-08,2024-01-07,cumplida
1315,17.0,15,2024-01-10,2024-01-15,2024-01-11,cumplida
1316,17.0,15,2024-01-17,2024-01-22,,anulada
1317,17.0,15,2024-01-24,2024-01-29,2024-01-27,cumplida
1318,17.0,15,2024-01-31,2024-02-05,2024-01-31,cumplida
1319,17.0,15,2024-02-07,2024-02-12,2024-02-18,vencida
1320,17.0,15,2024-02-14,2024-02-19,2024-02-17,cumplida
1321,17.0,15,2024-02-21,2024-02-26,,vencida
1322,17.0,15,2024-02-28,2024-03-04,2024-03-14,vencida
1323,17.0,15,2024-03-06,2024-03-11,2024-03-10,cumplida
1324,17.0,15,2024-03-13,2024-03-18,2024-03-17,cumplida
1325,17.0,15,2024-03-20,2024-03-25,2024-03-24,cumplida
1326,17.0,15,2024-03-27,2024-04-01,,vencida
1327,17.0,15,2024-04-03,2024-04-08,2024-04-21,vencida
1328,17.0,15,2024-04-10,2024-04-15,2024-04-11,cumplida
1329,17.0,15,2024-04-17,2024-04-22,2024-04-21,cumplida
1330,17.0,15,2024-04-24,2024-04-29,2024-04-24,cumplida
1331,17.0,15,2024-05-01,2024-05-06,2024-05-02,cumplida
1332,17.0,15,2024-05-08,2024-05-13,2024-05-19,vencida
1333,17.0,15,2024-05-15,2024-05-20,2024-05-16,cumplida
1334,17.0,15,2024-05-22,2024-05-27,2024-05-23,cumplida
1335,17.0,15,2024-05-29,2024-06-03,2024-06-20,vencida
1336,17.0,15,2024-06-05,2024-06-10,2024-06-08,cumplida
1337,17.0,15,2024-06-12,2024-06-17,2024-06-14,cumplida
1338,17.0,15,2024-06-19,2024-06-24,2024-06-23,cumplida
1339,17.0,15,2024-06-26,2024-07-01,2024-06-27,cumplida
1340,17.0,15,2024-07-03,2024-07-08,2024-07-05,cumplida
1341,17.0,15,2024-07-10,2024-07-15,2024-07-13,cumplida
1342,17.0,15,2024-07-17,2024-07-22,2024-07-20,cumplida
1343,17.0,15,2024-07-24,2024-07-29,,vencida
1344,17.0,15,2024-07-31,2024-08-05,2024-07-31,cumplida
1345,17.0,15,2024-08-07,2024-08-12,2024-08-10,cumplida
1346,17.0,15,2024-08-14,2024-08-19,,vencida
1347,17.0,15,2024-08-21,2024-08-26,,anulada
1348,17.0,15,2024-08-28,2024-09-02,,vencida
1349,17.0,15,2024-09-04,2024-09-09,,vencida
1350,17.0,15,2024-09-11,2024-09-16,2024-09-11,cumplida
1351,17.0,15,2024-09-18,2024-09-23,,vencida
1352,17.0,15,2024-09-25,2024-09-30,2024-09-28,cumplida
1353,17.0,15,2024-10-02,2024-10-07,2024-10-03,cumplida
1354,17.0,15,2024-10-09,2024-10-14,2024-10-13,cumplida
1355,17.0,15,2024-10-16,2024-10-21,2024-10-19,cumplida
1356,17.0,15,2024-10-23,2024-10-28,2024-10-26,cumplida
1357,17.0,15,2024-10-30,2024-11-04,2024-11-01,cumplida
1358,17.0,15,2024-11-06,2024-11-11,2024-11-10,cumplida
1359,17.0,15,2024-11-13,2024-11-18,2024-11-16,cumplida
1360,17.0,15,2024-11-20,2024-11-25,2024-11-21,cumplida
1361,17.0,15,2024-11-27,2024-12-02,,vencida
1362,17.0,15,2024-12-04,2024-12-09,,vencida
1363,17.0,15,2024-12-11,2024-12-16,2024-12-12,cumplida
1364,17.0,15,2024-12-18,2024-12-23,2024-12-19,cumplida
1365,17.0,15,2024-12-25,2024-12-30,2024-12-25,cumplida
1366,17.0,15,2025-01-01,2025-01-06,,vencida
1367,17.0,15,2025-01-08,2025-01-13,,vencida
1368,17.0,15,2025-01-15,2025-01-20,2025-01-26,vencida
1369,17.0,15,2025-01-22,2025-01-27,2025-01-23,cumplida
1370,17.0,15,2025-01-29,2025-02-03,,vencida
1371,17.0,15,2025-02-05,2025-02-10,2025-02-07,cumplida
1372,17.0,15,2025-02-12,2025-02-17,,vencida
1373,17.0,15,2025-02-19,2025-02-24,2025-02-23,cumplida
1374,17.0,15,2025-02-26,2025-03-03,2025-02-28,cumplida
1375,17.0,15,2025-03-05,2025-03-10,2025-03-07,cumplida
1376,17.0,15,2025-03-12,2025-03-17,2025-04-02,vencida
1377,17.0,15,2025-03-19,2025-03-24,2025-03-23,cumplida
1378,17.0,15,2025-03-26,2025-03-31,,anulada
1379,17.0,15,2025-04-02,2025-04-07,2025-04-03,cumplida
1380,17.0,15,2025-04-09,2025-04-14,2025-04-10,cumplida
1381,17.0,15,2025-04-16,2025-04-21,2025-04-19,cumplida
1382,17.0,15,2025-04-23,2025-04-28,2025-04-27,cumplida
1383,17.0,15,2025-04-30,2025-05-05,,vencida
1384,17.0,15,2025-05-07,2025-05-12,2025-05-09,cumplida
1385,17.0,15,2025-05-14,2025-05-19,2025-05-15,cumplida
1386,17.0,15,2025-05-21,2025-05-26,2025-05-25,cumplida
1387,17.0,15,2025-05-28,2025-06-02,2025-06-07,vencida
1388,17.0,15,2025-06-04,2025-06-09,2025-06-05,cumplida
1389,17.0,15,2025-06-11,2025-06-16,2025-06-15,cumplida
1390,17.0,15,2025-06-18,2025-06-23,2025-06-22,cumplida
1391,17.0,15,2025-06-25,2025-06-30,2025-06-27,cumplida
1392,17.0,15,2025-07-02,2025-07-07,2025-07-25,vencida
1393,17.0,15,2025-07-09,2025-07-14,2025-07-11,cumplida
1394,17.0,15,2025-07-16,2025-07-21,2025-07-17,cumplida
1395,17.0,15,2025-07-23,2025-07-28,2025-07-26,cumplida
1396,17.0,15,2025-07-30,2025-08-04,2025-08-05,vencida
1397,17.0,15,2025-08-06,2025-08-11,2025-08-09,cumplida
1398,17.0,15,2025-08-13,2025-08-18,2025-08-15,cumplida
1399,17.0,15,2025-08-20,2025-08-25,2025-08-23,cumplida
1400,17.0,15,2025-08-27,2025-09-01,2025-08-27,cumplida
1401,17.0,15,2025-09-03,2025-09-08,2025-09-04,cumplida
1402,17.0,15,2025-09-10,2025-09-15,,vencida
1403,17.0,15,2025-09-17,2025-09-22,2025-09-17,cumplida
1404,17.0,15,2025-09-24,2025-09-29,2025-09-30,vencida
1405,17.0,15,2025-10-01,2025-10-06,2025-10-05,cumplida
1406,17.0,15,2025-10-08,2025-10-13,,vencida
1407,17.0,15,2025-10-15,2025-10-20,2025-10-19,cumplida
1408,17.0,15,2025-10-22,2025-10-27,2025-10-25,cumplida
1409,17.0,15,2025-10-29,2025-11-03,2025-10-29,cumplida
1410,17.0,15,2025-11-05,2025-11-10,2025-11-09,cumplida
1411,17.0,15,2025-11-12,2025-11-17,2025-11-15,cumplida
1412,17.0,15,2025-11-19,2025-11-24,2025-11-21,cumplida
1413,17.0,15,2025-11-26,2025-12-01,,vencida
1414,17.0,15,2025-12-03,2025-12-08,2025-12-07,cumplida
1415,17.0,15,2025-12-10,2025-12-15,2025-12-19,vencida
1416,17.0,15,2025-12-17,2025-12-22,2025-12-21,cumplida
1417,17.0,15,2025-12-24,2025-12-29,2025-12-25,cumplida
1418,17.0,15,2025-12-31,2026-01-05,,pendiente
1419,17.0,35,2024-01-04,2024-01-09,2024-01-08,cumplida
1420,17.0,35,2024-01-11,2024-01-16,2024-01-14,cumplida
1421,17.0,35,2024-01-18,2024-01-23,,vencida
1422,17.0,35,2024-01-25,2024-01-30,2024-02-09,vencida
1423,17.0,35,2024-02-01,2024-02-06,2024-02-02,cumplida
1424,17.0,35,2024-02-08,2024-02-13,2024-02-08,cumplida
1425,17.0,35,2024-02-15,2024-02-20,2024-02-16,cumplida
1426,17.0,35,2024-02-22,2024-02-27,2024-02-26,cumplida
1427,17.0,35,2024-02-29,2024-03-05,2024-03-01,cumplida
1428,17.0,35,2024-03-07,2024-03-12,2024-03-09,cumplida
1429,17.0,35,2024-03-14,2024-03-19,2024-03-16,cumplida
1430,17.0,35,2024-03-21,2024-03-26,2024-03-25,cumplida
1431,17.0,35,2024-03-28,2024-04-02,2024-04-01,cumplida
1432,17.0,35,2024-04-04,2024-04-09,,vencida
1433,17.0,35,2024-04-11,2024-04-16,2024-04-13,cumplida
1434,17.0,35,2024-04-18,2024-04-23,2024-04-18,cumplida
1435,17.0,35,2024-04-25,2024-04-30,2024-04-26,cumplida
1436,17.0,35,2024-05-02,2024-05-07,2024-05-02,cumplida
1437,17.0,35,2024-05-09,2024-05-14,2024-05-10,cumplida
1438,17.0,35,2024-05-16,2024-05-21,2024-06-03,vencida
1439,17.0,35,2024-05-23,2024-05-28,2024-06-08,vencida
1440,17.0,35,2024-05-30,2024-06-04,2024-06-02,cumplida
1441,17.0,35,2024-06-06,2024-06-11,2024-06-14,vencida
1442,17.0,35,2024-06-13,2024-06-18,2024-06-17,cumplida
1443,17.0,35,2024-06-20,2024-06-25,2024-06-23,cumplida
1444,17.0,35,2024-06-27,2024-07-02,2024-06-29,cumplida
1445,17.0,35,2024-07-04,2024-07-09,2024-07-05,cumplida
1446,17.0,35,2024-07-11,2024-07-16,2024-07-13,cumplida
1447,17.0,35,2024-07-18,2024-07-23,,vencida
1448,17.0,35,2024-07-25,2024-07-30,2024-07-25,cumplida
1449,17.0,35,2024-08-01,2024-08-06,2024-08-03,cumplida
1450,17.0,35,2024-08-08,2024-08-13,,anulada
1451,17.0,35,2024-08-15,2024-08-20,2024-08-19,cumplida
1452,17.0,35,2024-08-22,2024-08-27,2024-08-23,cumplida
1453,17.0,35,2024-08-29,2024-09-03,2024-08-29,cumplida
1454,17.0,35,2024-09-05,2024-09-10,2024-09-07,cumplida
1455,17.0,35,2024-09-12,2024-09-17,2024-09-15,cumplida
1456,17.0,35,2024-09-19,2024-09-24,2024-09-20,cumplida
1457,17.0,35,2024-09-26,2024-10-01,2024-10-14,vencida
1458,17.0,35,2024-10-03,2024-10-08,2024-10-05,cumplida
1459,17.0,35,2024-10-10,2024-10-15,2024-10-14,cumplida
1460,17.0,35,2024-10-17,2024-10-22,2024-10-17,cumplida
1461,17.0,35,2024-10-24,2024-10-29,,anulada
1462,17.0,35,2024-10-31,2024-11-05,,vencida
1463,17.0,35,2024-11-07,2024-11-12,2024-11-08,cumplida
1464,17.0,35,2024-11-14,2024-11-19,2024-11-17,cumplida
1465,17.0,35,2024-11-21,2024-11-26,2024-11-25,cumplida
1466,17.0,35,2024-11-28,2024-12-03,2024-12-02,cumplida
1467,17.0,35,2024-12-05,2024-12-10,2024-12-05,cumplida
1468,17.0,35,2024-12-12,2024-12-17,2024-12-13,cumplida
1469,17.0,35,2024-12-19,2024-12-24,2025-01-06,vencida
1470,17.0,35,2024-12-26,2024-12-31,2024-12-30,cumplida
1471,17.0,35,2025-01-02,2025-01-07,2025-01-02,cumplida
1472,17.0,35,2025-01-09,2025-01-14,2025-01-10,cumplida
1473,17.0,35,2025-01-16,2025-01-21,2025-01-18,cumplida
1474,17.0,35,2025-01-23,2025-01-28,2025-01-24,cumplida
1475,17.0,35,2025-01-30,2025-02-04,2025-01-30,cumplida
1476,17.0,35,2025-02-06,2025-02-11,2025-02-06,cumplida
1477,17.0,35,2025-02-13,2025-02-18,2025-02-14,cumplida
1478,17.0,35,2025-02-20,2025-02-25,2025-02-23,cumplida
1479,17.0,35,2025-02-27,2025-03-04,2025-03-03,cumplida
1480,17.0,35,2025-03-06,2025-03-11,,vencida
1481,17.0,35,2025-03-13,2025-03-18,2025-03-15,cumplida
1482,17.0,35,2025-03-20,2025-03-25,,vencida
1483,17.0,35,2025-03-27,2025-04-01,2025-03-30,cumplida
1484,17.0,35,2025-04-03,2025-04-08,2025-04-07,cumplida
1485,17.0,35,2025-04-10,2025-04-15,2025-04-11,cumplida
1486,17.0,35,2025-04-17,2025-04-22,2025-04-18,cumplida
1487,17.0,35,2025-04-24,2025-04-29,2025-04-27,cumplida
1488,17.0,35,2025-05-01,2025-05-06,2025-05-14,vencida
1489,17.0,35,2025-05-08,2025-05-13,,vencida
1490,17.0,35,2025-05-15,2025-05-20,,vencida
1491,17.0,35,2025-05-22,2025-05-27,2025-05-25,cumplida
1492,17.0,35,2025-05-29,2025-06-03,2025-06-13,vencida
1493,17.0,35,2025-06-05,2025-06-10,2025-06-09,cumplida
1494,17.0,35,2025-06-12,2025-06-17,,vencida
1495,17.0,35,2025-06-19,2025-06-24,2025-06-22,cumplida
1496,17.0,35,2025-06-26,2025-07-01,2025-06-28,cumplida
1497,17.0,35,2025-07-03,2025-07-08,2025-07-04,cumplida
1498,17.0,35,2025-07-10,2025-07-15,2025-07-11,cumplida
1499,17.0,35,2025-07-17,2025-07-22,2025-07-18,cumplida
1500,17.0,35,2025-07-24,2025-07-29,,vencida
1501,17.0,35,2025-07-31,2025-08-05,,vencida
1502,17.0,35,2025-08-07,2025-08-12,2025-08-09,cumplida
1503,17.0,35,2025-08-14,2025-08-19,,vencida
1504,17.0,35,2025-08-21,2025-08-26,2025-08-23,cumplida
1505,17.0,35,2025-08-28,2025-09-02,2025-08-28,cumplida
1506,17.0,35,2025-09-04,2025-09-09,2025-09-08,cumplida
1507,17.0,35,2025-09-11,2025-09-16,2025-09-14,cumplida
1508,17.0,35,2025-09-18,2025-09-23,2025-09-19,cumplida
1509,17.0,35,2025-09-25,2025-09-30,2025-09-27,cumplida
1510,17.0,35,2025-10-02,2025-10-07,2025-10-06,cumplida
1511,17.0,35,2025-10-09,2025-10-14,2025-10-13,cumplida
1512,17.0,35,2025-10-16,2025-10-21,2025-10-20,cumplida
1513,17.0,35,2025-10-23,2025-10-28,2025-11-14,vencida
1514,17.0,35,2025-10-30,2025-11-04,2025-10-30,cumplida
1515,17.0,35,2025-11-06,2025-11-11,2025-11-07,cumplida
1516,17.0,35,2025-11-13,2025-11-18,2025-11-13,cumplida
1517,17.0,35,2025-11-20,2025-11-25,2025-11-23,cumplida
1518,17.0,35,2025-11-27,2025-12-02,2025-11-30,cumplida
1519,17.0,35,2025-12-04,2025-12-09,2025-12-07,cumplida
1520,17.0,35,2025-12-11,2025-12-16,2025-12-11,cumplida
1521,17.0,35,2025-12-18,2025-12-23,2025-12-22,cumplida
1522,17.0,35,2025-12-25,2025-12-30,,vencida
1523,17.0,76,2024-01-03,2024-01-08,2024-01-07,cumplida
1524,17.0,76,2024-01-10,2024-01-15,,vencida
1525,17.0,76,2024-01-17,2024-01-22,2024-01-21,cumplida
1526,17.0,76,2024-01-24,2024-01-29,,vencida
1527,17.0,76,2024-01-31,2024-02-05,2024-02-04,cumplida
1528,17.0,76,2024-02-07,2024-02-12,2024-02-18,vencida
1529,17.0,76,2024-02-14,2024-02-19,,vencida
1530,17.0,76,2024-02-21,2024-02-26,2024-02-23,cumplida
1531,17.0,76,2024-02-28,2024-03-04,,vencida
1532,17.0,76,2024-03-06,2024-03-11,2024-03-25,vencida
1533,17.0,76,2024-03-13,2024-03-18,2024-03-29,vencida
1534,17.0,76,2024-03-20,2024-03-25,2024-03-21,cumplida
1535,17.0,76,2024-03-27,2024-04-01,2024-03-30,cumplida
1536,17.0,76,2024-04-03,2024-04-08,2024-04-03,cumplida
1537,17.0,76,2024-04-10,2024-04-15,,vencida
1538,17.0,76,2024-04-17,2024-04-22,2024-04-18,cumplida
1539,17.0,76,2024-04-24,2024-04-29,2024-04-25,cumplida
1540,17.0,76,2024-05-01,2024-05-06,2024-05-25,vencida
1541,17.0,76,2024-05-08,2024-05-13,2024-05-10,cumplida
1542,17.0,76,2024-05-15,2024-05-20,2024-05-19,cumplida
1543,17.0,76,2024-05-22,2024-05-27,2024-05-26,cumplida
1544,17.0,76,2024-05-29,2024-06-03,2024-05-31,cumplida
1545,17.0,76,2024-06-05,2024-06-10,2024-06-08,cumplida
1546,17.0,76,2024-06-12,2024-06-17,2024-06-14,cumplida
1547,17.0,76,2024-06-19,2024-06-24,2024-06-29,vencida
1548,17.0,76,2024-06-26,2024-07-01,2024-06-30,cumplida
1549,17.0,76,2024-07-03,2024-07-08,2024-07-05,cumplida
1550,17.0,76,2024-07-10,2024-07-15,2024-07-14,cumplida
1551,17.0,76,2024-07-17,2024-07-22,2024-07-18,cumplida
1552,17.0,76,2024-07-24,2024-07-29,2024-07-24,cumplida
1553,17.0,76,2024-07-31,2024-08-05,2024-08-21,vencida
1554,17.0,76,2024-08-07,2024-08-12,2024-08-10,cumplida
1555,17.0,76,2024-08-14,2024-08-19,2024-08-17,cumplida
1556,17.0,76,2024-08-21,2024-08-26,2024-08-21,cumplida
1557,17.0,76,2024-08-28,2024-09-02,2024-08-31,cumplida
1558,17.0,76,2024-09-04,2024-09-09,2024-09-05,cumplida
1559,17.0,76,2024-09-11,2024-09-16,2024-09-15,cumplida
1560,17.0,76,2024-09-18,2024-09-23,,vencida
1561,17.0,76,2024-09-25,2024-09-30,2024-09-28,cumplida
1562,17.0,76,2024-10-02,2024-10-07,2024-10-02,cumplida
1563,17.0,76,2024-10-09,2024-10-14,2024-10-25,vencida
1564,17.0,76,2024-10-16,2024-10-21,,anulada
1565,17.0,76,2024-10-23,2024-10-28,2024-10-26,cumplida
1566,17.0,76,2024-10-30,2024-11-04,2024-11-03,cumplida
1567,17.0,76,2024-11-06,2024-11-11,2024-11-07,cumplida
1568,17.0,76,2024-11-13,2024-11-18,2024-11-17,cumplida
1569,17.0,76,2024-11-20,2024-11-25,2024-11-20,cumplida
1570,17.0,76,2024-11-27,2024-12-02,2024-11-30,cumplida
1571,17.0,76,2024-12-04,2024-12-09,2024-12-06,cumplida
1572,17.0,76,2024-12-11,2024-12-16,2024-12-15,cumplida
1573,17.0,76,2024-12-18,2024-12-23,2024-12-22,cumplida
1574,17.0,76,2024-12-25,2024-12-30,2024-12-28,cumplida
1575,17.0,76,2025-01-01,2025-01-06,,vencida
1576,17.0,76,2025-01-08,2025-01-13,2025-01-09,cumplida
1577,17.0,76,2025-01-15,2025-01-20,2025-01-15,cumplida
1578,17.0,76,2025-01-22,2025-01-27,2025-01-26,cumplida
1579,17.0,76,2025-01-29,2025-02-03,,vencida
1580,17.0,76,2025-02-05,2025-02-10,2025-02-06,cumplida
1581,17.0,76,2025-02-12,2025-02-17,2025-02-16,cumplida
1582,17.0,76,2025-02-19,2025-02-24,2025-03-03,vencida
1583,17.0,76,2025-02-26,2025-03-03,2025-02-28,cumplida
1584,17.0,76,2025-03-05,2025-03-10,2025-03-09,cumplida
1585,17.0,76,2025-03-12,2025-03-17,2025-03-12,cumplida
1586,17.0,76,2025-03-19,2025-03-24,2025-04-01,vencida
1587,17.0,76,2025-03-26,2025-03-31,2025-03-28,cumplida
1588,17.0,76,2025-04-02,2025-04-07,2025-04-04,cumplida
1589,17.0,76,2025-04-09,2025-04-14,2025-04-12,cumplida
1590,17.0,76,2025-04-16,2025-04-21,2025-04-19,cumplida
1591,17.0,76,2025-04-23,2025-04-28,2025-05-01,vencida
1592,17.0,76,2025-04-30,2025-05-05,,vencida
1593,17.0,76,2025-05-07,2025-05-12,2025-05-08,cumplida
1594,17.0,76,2025-05-14,2025-05-19,2025-05-16,cumplida
1595,17.0,76,2025-05-21,2025-05-26,2025-05-22,cumplida
1596,17.0,76,2025-05-28,2025-06-02,2025-06-08,vencida
1597,17.0,76,2025-06-04,2025-06-09,2025-06-08,cumplida
1598,17.0,76,2025-06-11,2025-06-16,2025-07-05,vencida
1599,17.0,76,2025-06-18,2025-06-23,2025-06-20,cumplida
1600,17.0,76,2025-06-25,2025-06-30,2025-06-27,cumplida
1601,17.0,76,2025-07-02,2025-07-07,,vencida
1602,17.0,76,2025-07-09,2025-07-14,2025-07-10,cumplida
1603,17.0,76,2025-07-16,2025-07-21,2025-07-16,cumplida
1604,17.0,76,2025-07-23,2025-07-28,2025-07-29,vencida
1605,17.0,76,2025-07-30,2025-08-04,2025-07-30,cumplida
1606,17.0,76,2025-08-06,2025-08-11,2025-08-19,vencida
1607,17.0,76,2025-08-13,2025-08-18,2025-08-13,cumplida
1608,17.0,76,2025-08-20,2025-08-25,2025-09-08,vencida
1609,17.0,76,2025-08-27,2025-09-01,2025-08-28,cumplida
1610,17.0,76,2025-09-03,2025-09-08,2025-09-07,cumplida
1611,17.0,76,2025-09-10,2025-09-15,2025-09-10,cumplida
1612,17.0,76,2025-09-17,2025-09-22,2025-10-07,vencida
1613,17.0,76,2025-09-24,2025-09-29,2025-09-27,cumplida
1614,17.0,76,2025-10-01,2025-10-06,2025-10-05,cumplida
1615,17.0,76,2025-10-08,2025-10-13,2025-10-11,cumplida
1616,17.0,76,2025-10-15,2025-10-20,2025-10-17,cumplida
1617,17.0,76,2025-10-22,2025-10-27,2025-10-25,cumplida
1618,17.0,76,2025-10-29,2025-11-03,2025-10-31,cumplida
1619,17.0,76,2025-11-05,2025-11-10,2025-11-09,cumplida
1620,17.0,76,2025-11-12,2025-11-17,,vencida
1621,17.0,76,2025-11-19,2025-11-24,2025-11-22,cumplida
1622,17.0,76,2025-11-26,2025-12-01,,vencida
1623,17.0,76,2025-12-03,2025-12-08,2025-12-16,vencida
1624,17.0,76,2025-12-10,2025-12-15,2025-12-13,cumplida
1625,17.0,76,2025-12-17,2025-12-22,2025-12-19,cumplida
1626,17.0,76,2025-12-24,2025-12-29,2025-12-24,cumplida
1627,17.0,76,2025-12-31,2026-01-05,2025-12-31,cumplida
1628,17.0,97,2024-01-02,2024-01-07,2024-01-06,cumplida
1629,17.0,97,2024-01-09,2024-01-14,2024-01-10,cumplida
1630,17.0,97,2024-01-16,2024-01-21,2024-01-18,cumplida
1631,17.0,97,2024-01-23,2024-01-28,2024-01-27,cumplida
1632,17.0,97,2024-01-30,2024-02-04,2024-02-02,cumplida
1633,17.0,97,2024-02-06,2024-02-11,,vencida
1634,17.0,97,2024-02-13,2024-02-18,2024-02-14,cumplida
1635,17.0,97,2024-02-20,2024-02-25,2024-02-21,cumplida
1636,17.0,97,2024-02-27,2024-03-03,2024-03-01,cumplida
1637,17.0,97,2024-03-05,2024-03-10,2024-03-28,vencida
1638,17.0,97,2024-03-12,2024-03-17,2024-03-19,vencida
1639,17.0,97,2024-03-19,2024-03-24,2024-04-08,vencida
1640,17.0,97,2024-03-26,2024-03-31,2024-03-30,cumplida
1641,17.0,97,2024-04-02,2024-04-07,2024-04-05,cumplida
1642,17.0,97,2024-04-09,2024-04-14,2024-04-13,cumplida
1643,17.0,97,2024-04-16,2024-04-21,2024-04-17,cumplida
1644,17.0,97,2024-04-23,2024-04-28,2024-04-25,cumplida
1645,17.0,97,2024-04-30,2024-05-05,2024-04-30,cumplida
1646,17.0,97,2024-05-07,2024-05-12,2024-05-10,cumplida
1647,17.0,97,2024-05-14,2024-05-19,2024-05-18,cumplida
1648,17.0,97,2024-05-21,2024-05-26,2024-05-25,cumplida
1649,17.0,97,2024-05-28,2024-06-02,2024-06-13,vencida
1650,17.0,97,2024-06-04,2024-06-09,2024-06-08,cumplida
1651,17.0,97,2024-06-11,2024-06-16,2024-06-12,cumplida
1652,17.0,97,2024-06-18,2024-06-23,2024-06-20,cumplida
1653,17.0,97,2024-06-25,2024-06-30,2024-06-27,cumplida
1654,17.0,97,2024-07-02,2024-07-07,2024-07-06,cumplida
1655,17.0,97,2024-07-09,2024-07-14,2024-07-11,cumplida
1656,17.0,97,2024-07-16,2024-07-21,,vencida
1657,17.0,97,2024-07-23,2024-07-28,2024-07-27,cumplida
1658,17.0,97,2024-07-30,2024-08-04,2024-07-30,cumplida
1659,17.0,97,2024-08-06,2024-08-11,2024-08-08,cumplida
1660,17.0,97,2024-08-13,2024-08-18,2024-08-14,cumplida
1661,17.0,97,2024-08-20,2024-08-25,2024-08-24,cumplida
1662,17.0,97,2024-08-27,2024-09-01,,vencida
1663,17.0,97,2024-09-03,2024-09-08,2024-09-05,cumplida
1664,17.0,97,2024-09-10,2024-09-15,2024-09-13,cumplida
1665,17.0,97,2024-09-17,2024-09-22,,vencida
1666,17.0,97,2024-09-24,2024-09-29,2024-09-27,cumplida
1667,17.0,97,2024-10-01,2024-10-06,2024-10-03,cumplida
1668,17.0,97,2024-10-08,2024-10-13,2024-10-11,cumplida
1669,17.0,97,2024-10-15,2024-10-20,2024-10-19,cumplida
1670,17.0,97,2024-10-22,2024-10-27,2024-10-29,vencida
1671,17.0,97,2024-10-29,2024-11-03,2024-10-31,cumplida
1672,17.0,97,2024-11-05,2024-11-10,2024-11-06,cumplida
1673,17.0,97,2024-11-12,2024-11-17,2024-11-16,cumplida
1674,17.0,97,2024-11-19,2024-11-24,2024-11-23,cumplida
1675,17.0,97,2024-11-26,2024-12-01,2024-11-26,cumplida
1676,17.0,97,2024-12-03,2024-12-08,2024-12-06,cumplida
1677,17.0,97,2024-12-10,2024-12-15,2024-12-10,cumplida
1678,17.0,97,2024-12-17,2024-12-22,2024-12-21,cumplida
1679,17.0,97,2024-12-24,2024-12-29,,vencida
1680,17.0,97,2024-12-31,2025-01-05,2025-01-15,vencida
1681,17.0,97,2025-01-07,2025-01-12,2025-01-10,cumplida
1682,17.0,97,2025-01-14,2025-01-19,,vencida
1683,17.0,97,2025-01-21,2025-01-26,2025-01-23,cumplida
1684,17.0,97,2025-01-28,2025-02-02,2025-01-30,cumplida
1685,17.0,97,2025-02-04,2025-02-09,2025-02-08,cumplida
1686,17.0,97,2025-02-11,2025-02-16,,vencida
1687,17.0,97,2025-02-18,2025-02-23,2025-03-06,vencida
1688,17.0,97,2025-02-25,2025-03-02,2025-02-25,cumplida
1689,17.0,97,2025-03-04,2025-03-09,,vencida
1690,17.0,97,2025-03-11,2025-03-16,2025-03-13,cumplida
1691,17.0,97,2025-03-18,2025-03-23,2025-03-21,cumplida
1692,17.0,97,2025-03-25,2025-03-30,2025-03-29,cumplida
1693,17.0,97,2025-04-01,2025-04-06,2025-04-01,cumplida
1694,17.0,97,2025-04-08,2025-04-13,2025-04-11,cumplida
1695,17.0,97,2025-04-15,2025-04-20,2025-04-17,cumplida
1696,17.0,97,2025-04-22,2025-04-27,2025-04-25,cumplida
1697,17.0,97,2025-04-29,2025-05-04,,vencida
1698,17.0,97,2025-05-06,2025-05-11,2025-05-08,cumplida
1699,17.0,97,2025-05-13,2025-05-18,2025-05-15,cumplida
1700,17.0,97,2025-05-20,2025-05-25,,vencida
1701,17.0,97,2025-05-27,2025-06-01,2025-05-30,cumplida
1702,17.0,97,2025-06-03,2025-06-08,,vencida
1703,17.0,97,2025-06-10,2025-06-15,,vencida
1704,17.0,97,2025-06-17,2025-06-22,,vencida
1705,17.0,97,2025-06-24,2025-06-29,,vencida
1706,17.0,97,2025-07-01,2025-07-06,2025-07-01,cumplida
1707,17.0,97,2025-07-08,2025-07-13,2025-07-12,cumplida
1708,17.0,97,2025-07-15,2025-07-20,2025-07-19,cumplida
1709,17.0,97,2025-07-22,2025-07-27,,vencida
1710,17.0,97,2025-07-29,2025-08-03,,vencida
1711,17.0,97,2025-08-05,2025-08-10,2025-08-06,cumplida
1712,17.0,97,2025-08-12,2025-08-17,,vencida
1713,17.0,97,2025-08-19,2025-08-24,2025-08-23,cumplida
1714,17.0,97,2025-08-26,2025-08-31,2025-08-27,cumplida
1715,17.0,97,2025-09-02,2025-09-07,2025-09-03,cumplida
1716,17.0,97,2025-09-09,2025-09-14,2025-09-13,cumplida
1717,17.0,97,2025-09-16,2025-09-21,2025-09-17,cumplida
1718,17.0,97,2025-09-23,2025-09-28,2025-09-25,cumplida
1719,17.0,97,2025-09-30,2025-10-05,2025-10-03,cumplida
1720,17.0,97,2025-10-07,2025-10-12,2025-10-11,cumplida
1721,17.0,97,2025-10-14,2025-10-19,,vencida
1722,17.0,97,2025-10-21,2025-10-26,2025-10-22,cumplida
1723,17.0,97,2025-10-28,2025-11-02,2025-10-29,cumplida
1724,17.0,97,2025-11-04,2025-11-09,2025-11-05,cumplida
1725,17.0,97,2025-11-11,2025-11-16,2025-11-14,cumplida
1726,17.0,97,2025-11-18,2025-11-23,2025-11-19,cumplida
1727,17.0,97,2025-11-25,2025-11-30,2025-11-26,cumplida
1728,17.0,97,2025-12-02,2025-12-07,2025-12-02,cumplida
1729,17.0,97,2025-12-09,2025-12-14,2025-12-30,vencida
1730,17.0,97,2025-12-16,2025-12-21,,vencida
1731,17.0,97,2025-12-23,2025-12-28,2025-12-27,cumplida
1732,17.0,97,2025-12-30,2026-01-04,,pendiente
1733,18.0,10,2024-02-07,2024-02-22,2024-03-04,vencida
1734,18.0,10,2024-05-07,2024-05-22,2024-05-11,cumplida
1735,18.0,10,2024-08-05,2024-08-20,2024-08-23,vencida
1736,18.0,10,2024-11-03,2024-11-18,2024-11-19,vencida
1737,18.0,10,2025-02-01,2025-02-16,2025-02-13,cumplida
1738,18.0,10,2025-05-02,2025-05-17,2025-05-06,cumplida
1739,18.0,10,2025-07-31,2025-08-15,,vencida
1740,18.0,10,2025-10-29,2025-11-13,,vencida
1741,18.0,11,2024-01-14,2024-01-29,2024-01-21,cumplida
1742,18.0,11,2024-04-13,2024-04-28,2024-04-16,cumplida
1743,18.0,11,2024-07-12,2024-07-27,2024-07-22,cumplida
1744,18.0,11,2024-10-10,2024-10-25,2024-10-12,cumplida
1745,18.0,11,2025-01-08,2025-01-23,,anulada
1746,18.0,11,2025-04-08,2025-04-23,2025-04-14,cumplida
1747,18.0,11,2025-07-07,2025-07-22,,vencida
1748,18.0,11,2025-10-05,2025-10-20,2025-11-08,vencida
1749,18.0,14,2024-01-01,2024-01-16,,anulada
1750,18.0,14,2024-03-31,2024-04-15,2024-04-09,cumplida
1751,18.0,14,2024-06-29,2024-07-14,,vencida
1752,18.0,14,2024-09-27,2024-10-12,2024-10-02,cumplida
1753,18.0,14,2024-12-26,2025-01-10,,anulada
1754,18.0,14,2025-03-26,2025-04-10,2025-03-28,cumplida
1755,18.0,14,2025-06-24,2025-07-09,2025-07-02,cumplida
1756,18.0,14,2025-09-22,2025-10-07,2025-10-06,cumplida
1757,18.0,14,2025-12-21,2026-01-05,2025-12-22,cumplida
1758,18.0,36,2024-01-27,2024-02-11,,anulada
1759,18.0,36,2024-04-26,2024-05-11,2024-05-06,cumplida
1760,18.0,36,2024-07-25,2024-08-09,2024-08-08,cumplida
1761,18.0,36,2024-10-23,2024-11-07,2024-11-10,vencida
1762,18.0,36,2025-01-21,2025-02-05,2025-02-04,cumplida
1763,18.0,36,2025-04-21,2025-05-06,2025-04-26,cumplida
1764,18.0,36,2025-07-20,2025-08-04,2025-08-12,vencida
1765,18.0,36,2025-10-18,2025-11-02,2025-11-17,vencida
1766,18.0,57,2024-01-11,2024-01-26,2024-02-11,vencida
1767,18.0,57,2024-04-10,2024-04-25,2024-05-04,vencida
1768,18.0,57,2024-07-09,2024-07-24,2024-07-20,cumplida
1769,18.0,57,2024-10-07,2024-10-22,2024-11-10,vencida
1770,18.0,57,2025-01-05,2025-01-20,2025-01-11,cumplida
1771,18.0,57,2025-04-05,2025-04-20,2025-04-07,cumplida
1772,18.0,57,2025-07-04,2025-07-19,,vencida
1773,18.0,57,2025-10-02,2025-10-17,2025-10-10,cumplida
1774,18.0,57,2025-12-31,2026-01-15,,pendiente
1775,18.0,96,2024-02-07,2024-02-22,2024-02-21,cumplida
1776,18.0,96,2024-05-07,2024-05-22,,vencida
1777,18.0,96,2024-08-05,2024-08-20,,vencida
1778,18.0,96,2024-11-03,2024-11-18,2024-11-15,cumplida
1779,18.0,96,2025-02-01,2025-02-16,2025-02-18,vencida
1780,18.0,96,2025-05-02,2025-05-17,2025-05-13,cumplida
1781,18.0,96,2025-07-31,2025-08-15,2025-08-08,cumplida
1782,18.0,96,2025-10-29,2025-11-13,2025-11-01,cumplida
1783,18.0,100,2024-03-18,2024-04-02,,vencida
1784,18.0,100,2024-06-16,2024-07-01,2024-06-19,cumplida
1785,18.0,100,2024-09-14,2024-09-29,2024-09-25,cumplida
1786,18.0,100,2024-12-13,2024-12-28,2024-12-16,cumplida
1787,18.0,100,2025-03-13,2025-03-28,2025-03-27,cumplida
1788,18.0,100,2025-06-11,2025-06-26,2025-06-22,cumplida
1789,18.0,100,2025-09-09,2025-09-24,2025-09-12,cumplida
1790,18.0,100,2025-12-08,2025-12-23,2025-12-08,cumplida
1791,18.0,107,2024-01-15,2024-01-30,2024-01-28,cumplida
1792,18.0,107,2024-04-14,2024-04-29,2024-04-27,cumplida
1793,18.0,107,2024-07-13,2024-07-28,2024-07-20,cumplida
1794,18.0,107,2024-10-11,2024-10-26,,anulada
1795,18.0,107,2025-01-09,2025-01-24,2025-01-19,cumplida
1796,18.0,107,2025-04-09,2025-04-24,2025-04-21,cumplida
1797,18.0,107,2025-07-08,2025-07-23,,vencida
1798,18.0,107,2025-10-06,2025-10-21,2025-10-25,vencida
1799,18.0,108,2024-01-01,2024-01-16,2024-01-20,vencida
1800,18.0,108,2024-03-31,2024-04-15,,vencida
1801,18.0,108,2024-06-29,2024-07-14,,vencida
1802,18.0,108,2024-09-27,2024-10-12,2024-09-28,cumplida
1803,18.0,108,2024-12-26,2025-01-10,2025-01-03,cumplida
1804,18.0,108,2025-03-26,2025-04-10,,vencida
1805,18.0,108,2025-06-24,2025-07-09,2025-06-28,cumplida
1806,18.0,108,2025-09-22,2025-10-07,2025-10-19,vencida
1807,18.0,108,2025-12-21,2026-01-05,,anulada
1808,18.0,112,2024-01-10,2024-01-25,2024-01-17,cumplida
1809,18.0,112,2024-04-09,2024-04-24,2024-04-17,cumplida
1810,18.0,112,2024-07-08,2024-07-23,2024-07-18,cumplida
1811,18.0,112,2024-10-06,2024-10-21,2024-10-07,cumplida
1812,18.0,112,2025-01-04,2025-01-19,2025-01-06,cumplida
1813,18.0,112,2025-04-04,2025-04-19,2025-04-08,cumplida
1814,18.0,112,2025-07-03,2025-07-18,2025-07-04,cumplida
1815,18.0,112,2025-10-01,2025-10-16,2025-10-10,cumplida
1816,18.0,112,2025-12-30,2026-01-14,,pendiente
1817,18.0,123,2024-02-15,2024-03-01,,vencida
1818,18.0,123,2024-05-15,2024-05-30,,vencida
1819,18.0,123,2024-08-13,2024-08-28,2024-08-24,cumplida
1820,18.0,123,2024-11-11,2024-11-26,2024-11-15,cumplida
1821,18.0,123,2025-02-09,2025-02-24,2025-03-03,vencida
1822,18.0,123,2025-05-10,2025-05-25,2025-05-19,cumplida
1823,18.0,123,2025-08-08,2025-08-23,2025-08-16,cumplida
1824,18.0,123,2025-11-06,2025-11-21,2025-11-09,cumplida
1825,18.0,125,2024-01-25,2024-02-09,2024-02-04,cumplida
1826,18.0,125,2024-04-24,2024-05-09,,vencida
1827,18.0,125,2024-07-23,2024-08-07,2024-07-31,cumplida
1828,18.0,125,2024-10-21,2024-11-05,2024-11-04,cumplida
1829,18.0,125,2025-01-19,2025-02-03,2025-01-27,cumplida
1830,18.0,125,2025-04-19,2025-05-04,2025-05-10,vencida
1831,18.0,125,2025-07-18,2025-08-02,2025-07-19,cumplida
1832,18.0,125,2025-10-16,2025-10-31,2025-10-20,cumplida
1833,18.0,127,2024-02-14,2024-02-29,,vencida
1834,18.0,127,2024-05-14,2024-05-29,2024-05-23,cumplida
1835,18.0,127,2024-08-12,2024-08-27,2024-08-25,cumplida
1836,18.0,127,2024-11-10,2024-11-25,2024-11-23,cumplida
1837,18.0,127,2025-02-08,2025-02-23,2025-02-19,cumplida
1838,18.0,127,2025-05-09,2025-05-24,2025-05-23,cumplida
1839,18.0,127,2025-08-07,2025-08-22,2025-08-15,cumplida
1840,18.0,127,2025-11-05,2025-11-20,,vencida
1841,18.0,131,2024-01-03,2024-01-18,2024-01-09,cumplida
1842,18.0,131,2024-04-02,2024-04-17,,vencida
1843,18.0,131,2024-07-01,2024-07-16,2024-07-14,cumplida
1844,18.0,131,2024-09-29,2024-10-14,2024-10-09,cumplida
1845,18.0,131,2024-12-28,2025-01-12,2025-01-10,cumplida
1846,18.0,131,2025-03-28,2025-04-12,2025-04-01,cumplida
1847,18.0,131,2025-06-26,2025-07-11,2025-06-27,cumplida
1848,18.0,131,2025-09-24,2025-10-09,2025-10-02,cumplida
1849,18.0,131,2025-12-23,2026-01-07,,pendiente
1850,19.0,102,2024-05-01,2024-05-31,2024-05-19,cumplida
1851,19.0,102,2025-05-01,2025-05-31,2025-05-16,cumplida
1852,19.0,105,2024-05-29,2024-06-28,2024-05-29,cumplida
1853,19.0,105,2025-05-29,2025-06-28,2025-05-30,cumplida
1854,19.0,126,2024-06-06,2024-07-06,2024-07-08,vencida
1855,19.0,126,2025-06-06,2025-07-06,2025-07-02,cumplida
1856,20.0,51,2024-07-20,2024-08-09,2024-07-28,cumplida
1857,20.0,51,2025-07-20,2025-08-09,2025-07-24,cumplida
1858,20.0,52,2024-10-11,2024-10-31,2024-10-23,cumplida
1859,20.0,52,2025-10-11,2025-10-31,2025-10-17,cumplida
1860,20.0,54,2024-06-19,2024-07-09,2024-07-15,vencida
1861,20.0,54,2025-06-19,2025-07-09,2025-07-07,cumplida
1862,20.0,56,2024-11-03,2024-11-23,2024-11-05,cumplida
1863,20.0,56,2025-11-03,2025-11-23,2025-11-22,cumplida
1864,20.0,95,2024-07-12,2024-08-01,2024-07-14,cumplida
1865,20.0,95,2025-07-12,2025-08-01,2025-07-18,cumplida
1866,21.0,12,2024-01-16,2024-01-26,2024-01-20,cumplida
1867,21.0,12,2024-03-16,2024-03-26,2024-03-24,cumplida
1868,21.0,12,2024-05-15,2024-05-25,2024-05-21,cumplida
1869,21.0,12,2024-07-14,2024-07-24,2024-08-09,vencida
1870,21.0,12,2024-09-12,2024-09-22,2024-09-27,vencida
1871,21.0,12,2024-11-11,2024-11-21,2024-11-11,cumplida
1872,21.0,12,2025-01-10,2025-01-20,2025-01-13,cumplida
1873,21.0,12,2025-03-11,2025-03-21,2025-03-13,cumplida
1874,21.0,12,2025-05-10,2025-05-20,2025-05-27,vencida
1875,21.0,12,2025-07-09,2025-07-19,2025-07-09,cumplida
1876,21.0,12,2025-09-07,2025-09-17,,vencida
1877,21.0,12,2025-11-06,2025-11-16,,vencida
1878,21.0,70,2024-01-14,2024-01-24,,vencida
1879,21.0,70,2024-03-14,2024-03-24,2024-03-21,cumplida
1880,21.0,70,2024-05-13,2024-05-23,,vencida
1881,21.0,70,2024-07-12,2024-07-22,2024-07-19,cumplida
1882,21.0,70,2024-09-10,2024-09-20,2024-09-18,cumplida
1883,21.0,70,2024-11-09,2024-11-19,2024-11-10,cumplida
1884,21.0,70,2025-01-08,2025-01-18,2025-01-16,cumplida
1885,21.0,70,2025-03-09,2025-03-19,2025-03-17,cumplida
1886,21.0,70,2025-05-08,2025-05-18,2025-05-12,cumplida
1887,21.0,70,2025-07-07,2025-07-17,2025-07-10,cumplida
1888,21.0,70,2025-09-05,2025-09-15,2025-09-13,cumplida
1889,21.0,70,2025-11-04,2025-11-14,2025-11-24,vencida
1890,21.0,73,2024-01-20,2024-01-30,2024-02-02,vencida
1891,21.0,73,2024-03-20,2024-03-30,2024-03-28,cumplida
1892,21.0,73,2024-05-19,2024-05-29,2024-05-25,cumplida
1893,21.0,73,2024-07-18,2024-07-28,2024-07-21,cumplida
1894,21.0,73,2024-09-16,2024-09-26,2024-09-23,cumplida
1895,21.0,73,2024-11-15,2024-11-25,,vencida
1896,21.0,73,2025-01-14,2025-01-24,2025-01-19,cumplida
1897,21.0,73,2025-03-15,2025-03-25,2025-03-15,cumplida
1898,21.0,73,2025-05-14,2025-05-24,2025-05-28,vencida
1899,21.0,73,2025-07-13,2025-07-23,2025-07-22,cumplida
1900,21.0,73,2025-09-11,2025-09-21,2025-09-15,cumplida
1901,21.0,73,2025-11-10,2025-11-20,2025-11-10,cumplida
1902,21.0,77,2024-02-05,2024-02-15,2024-02-12,cumplida
1903,21.0,77,2024-04-05,2024-04-15,,vencida
1904,21.0,77,2024-06-04,2024-06-14,2024-06-17,vencida
1905,21.0,77,2024-08-03,2024-08-13,2024-08-08,cumplida
1906,21.0,77,2024-10-02,2024-10-12,2024-10-04,cumplida
1907,21.0,77,2024-12-01,2024-12-11,2024-12-02,cumplida
1908,21.0,77,2025-01-30,2025-02-09,2025-02-07,cumplida
1909,21.0,77,2025-03-31,2025-04-10,2025-04-26,vencida
1910,21.0,77,2025-05-30,2025-06-09,2025-05-31,cumplida
1911,21.0,77,2025-07-29,2025-08-08,2025-08-07,cumplida
1912,21.0,77,2025-09-27,2025-10-07,2025-10-04,cumplida
1913,21.0,77,2025-11-26,2025-12-06,2025-12-03,cumplida
1914,21.0,92,2024-01-15,2024-01-25,2024-01-22,cumplida
1915,21.0,92,2024-03-15,2024-03-25,2024-03-20,cumplida
1916,21.0,92,2024-05-14,2024-05-24,2024-05-22,cumplida
1917,21.0,92,2024-07-13,2024-07-23,2024-07-20,cumplida
1918,21.0,92,2024-09-11,2024-09-21,2024-09-20,cumplida
1919,21.0,92,2024-11-10,2024-11-20,2024-11-18,cumplida
1920,21.0,92,2025-01-09,2025-01-19,2025-01-23,vencida
1921,21.0,92,2025-03-10,2025-03-20,2025-03-13,cumplida
1922,21.0,92,2025-05-09,2025-05-19,2025-06-01,vencida
1923,21.0,92,2025-07-08,2025-07-18,2025-08-03,vencida
1924,21.0,92,2025-09-06,2025-09-16,2025-09-07,cumplida
1925,21.0,92,2025-11-05,2025-11-15,2025-11-14,cumplida
1926,21.0,93,2024-02-24,2024-03-05,2024-02-26,cumplida
1927,21.0,93,2024-04-24,2024-05-04,2024-04-30,cumplida
1928,21.0,93,2024-06-23,2024-07-03,2024-06-28,cumplida
1929,21.0,93,2024-08-22,2024-09-01,2024-09-08,vencida
1930,21.0,93,2024-10-21,2024-10-31,,vencida
1931,21.0,93,2024-12-20,2024-12-30,2024-12-22,cumplida
1932,21.0,93,2025-02-18,2025-02-28,2025-02-26,cumplida
1933,21.0,93,2025-04-19,2025-04-29,2025-04-28,cumplida
1934,21.0,93,2025-06-18,2025-06-28,2025-06-26,cumplida
1935,21.0,93,2025-08-17,2025-08-27,,vencida
1936,21.0,93,2025-10-16,2025-10-26,2025-11-01,vencida
1937,21.0,93,2025-12-15,2025-12-25,2025-12-31,vencida
1938,21.0,98,2024-01-29,2024-02-08,,anulada
1939,21.0,98,2024-03-29,2024-04-08,2024-04-15,vencida
1940,21.0,98,2024-05-28,2024-06-07,2024-05-29,cumplida
1941,21.0,98,2024-07-27,2024-08-06,,vencida
1942,21.0,98,2024-09-25,2024-10-05,2024-10-10,vencida
1943,21.0,98,2024-11-24,2024-12-04,2024-11-26,cumplida
1944,21.0,98,2025-01-23,2025-02-02,2025-01-24,cumplida
1945,21.0,98,2025-03-24,2025-04-03,2025-03-26,cumplida
1946,21.0,98,2025-05-23,2025-06-02,2025-05-25,cumplida
1947,21.0,98,2025-07-22,2025-08-01,2025-07-22,cumplida
1948,21.0,98,2025-09-20,2025-09-30,2025-09-23,cumplida
1949,21.0,98,2025-11-19,2025-11-29,2025-12-13,vencida
1950,21.0,99,2024-02-21,2024-03-02,2024-02-23,cumplida
1951,21.0,99,2024-04-21,2024-05-01,2024-04-28,cumplida
1952,21.0,99,2024-06-20,2024-06-30,2024-06-20,cumplida
1953,21.0,99,2024-08-19,2024-08-29,2024-08-21,cumplida
1954,21.0,99,2024-10-18,2024-10-28,2024-10-26,cumplida
1955,21.0,99,2024-12-17,2024-12-27,,anulada
1956,21.0,99,2025-02-15,2025-02-25,2025-02-16,cumplida
1957,21.0,99,2025-04-16,2025-04-26,2025-04-20,cumplida
1958,21.0,99,2025-06-15,2025-06-25,,vencida
1959,21.0,99,2025-08-14,2025-08-24,,vencida
1960,21.0,99,2025-10-13,2025-10-23,2025-11-04,vencida
1961,21.0,99,2025-12-12,2025-12-22,,vencida
1962,21.0,109,2024-02-10,2024-02-20,2024-02-16,cumplida
1963,21.0,109,2024-04-10,2024-04-20,2024-04-10,cumplida
1964,21.0,109,2024-06-09,2024-06-19,2024-06-16,cumplida
1965,21.0,109,2024-08-08,2024-08-18,2024-08-15,cumplida
1966,21.0,109,2024-10-07,2024-10-17,2024-10-12,cumplida
1967,21.0,109,2024-12-06,2024-12-16,2024-12-13,cumplida
1968,21.0,109,2025-02-04,2025-02-14,,vencida
1969,21.0,109,2025-04-05,2025-04-15,2025-04-26,vencida
1970,21.0,109,2025-06-04,2025-06-14,,vencida
1971,21.0,109,2025-08-03,2025-08-13,2025-08-08,cumplida
1972,21.0,109,2025-10-02,2025-10-12,2025-10-09,cumplida
1973,21.0,109,2025-12-01,2025-12-11,2025-12-01,cumplida
1974,21.0,114,2024-01-21,2024-01-31,2024-01-23,cumplida
1975,21.0,114,2024-03-21,2024-03-31,2024-03-27,cumplida
1976,21.0,114,2024-05-20,2024-05-30,2024-05-22,cumplida
1977,21.0,114,2024-07-19,2024-07-29,2024-07-21,cumplida
1978,21.0,114,2024-09-17,2024-09-27,,vencida
1979,21.0,114,2024-11-16,2024-11-26,2024-11-23,cumplida
1980,21.0,114,2025-01-15,2025-01-25,2025-01-15,cumplida
1981,21.0,114,2025-03-16,2025-03-26,2025-04-05,vencida
1982,21.0,114,2025-05-15,2025-05-25,2025-05-19,cumplida
1983,21.0,114,2025-07-14,2025-07-24,2025-07-15,cumplida
1984,21.0,114,2025-09-12,2025-09-22,2025-09-20,cumplida
1985,21.0,114,2025-11-11,2025-11-21,,vencida
1986,21.0,118,2024-01-14,2024-01-24,,vencida
1987,21.0,118,2024-03-14,2024-03-24,2024-03-21,cumplida
1988,21.0,118,2024-05-13,2024-05-23,2024-05-21,cumplida
1989,21.0,118,2024-07-12,2024-07-22,2024-07-12,cumplida
1990,21.0,118,2024-09-10,2024-09-20,2024-09-23,vencida
1991,21.0,118,2024-11-09,2024-11-19,2024-11-10,cumplida
1992,21.0,118,2025-01-08,2025-01-18,2025-01-30,vencida
1993,21.0,118,2025-03-09,2025-03-19,2025-03-21,vencida
1994,21.0,118,2025-05-08,2025-05-18,2025-05-12,cumplida
1995,21.0,118,2025-07-07,2025-07-17,,anulada
1996,21.0,118,2025-09-05,2025-09-15,,vencida
1997,21.0,118,2025-11-04,2025-11-14,,vencida
1998,21.0,134,2024-02-14,2024-02-24,2024-02-20,cumplida
1999,21.0,134,2024-04-14,2024-04-24,2024-04-15,cumplida
2000,21.0,134,2024-06-13,2024-06-23,2024-06-17,cumplida
2001,21.0,134,2024-08-12,2024-08-22,2024-08-17,cumplida
2002,21.0,134,2024-10-11,2024-10-21,2024-10-16,cumplida
2003,21.0,134,2024-12-10,2024-12-20,,vencida
2004,21.0,134,2025-02-08,2025-02-18,2025-02-10,cumplida
2005,21.0,134,2025-04-09,2025-04-19,,anulada
2006,21.0,134,2025-06-08,2025-06-18,2025-06-15,cumplida
2007,21.0,134,2025-08-07,2025-08-17,2025-08-12,cumplida
2008,21.0,134,2025-10-06,2025-10-16,,vencida
2009,21.0,134,2025-12-05,2025-12-15,2025-12-05,cumplida
2010,22.0,17,2024-01-20,2024-01-30,2024-01-23,cumplida
2011,22.0,17,2024-03-20,2024-03-30,2024-04-10,vencida
2012,22.0,17,2024-05-19,2024-05-29,2024-05-19,cumplida
2013,22.0,17,2024-07-18,2024-07-28,2024-07-25,cumplida
2014,22.0,17,2024-09-16,2024-09-26,2024-09-21,cumplida
2015,22.0,17,2024-11-15,2024-11-25,2024-11-16,cumplida
2016,22.0,17,2025-01-14,2025-01-24,,vencida
2017,22.0,17,2025-03-15,2025-03-25,2025-03-16,cumplida
2018,22.0,17,2025-05-14,2025-05-24,2025-05-17,cumplida
2019,22.0,17,2025-07-13,2025-07-23,2025-08-08,vencida
2020,22.0,17,2025-09-11,2025-09-21,2025-10-10,vencida
2021,22.0,17,2025-11-10,2025-11-20,2025-11-14,cumplida
2022,22.0,60,2024-01-15,2024-01-25,,vencida
2023,22.0,60,2024-03-15,2024-03-25,,vencida
2024,22.0,60,2024-05-14,2024-05-24,2024-05-20,cumplida
2025,22.0,60,2024-07-13,2024-07-23,2024-08-05,vencida
2026,22.0,60,2024-09-11,2024-09-21,2024-09-17,cumplida
2027,22.0,60,2024-11-10,2024-11-20,2024-11-10,cumplida
2028,22.0,60,2025-01-09,2025-01-19,2025-01-09,cumplida
2029,22.0,60,2025-03-10,2025-03-20,2025-03-26,vencida
2030,22.0,60,2025-05-09,2025-05-19,2025-05-17,cumplida
2031,22.0,60,2025-07-08,2025-07-18,2025-07-16,cumplida
2032,22.0,60,2025-09-06,2025-09-16,2025-09-15,cumplida
2033,22.0,60,2025-11-05,2025-11-15,2025-11-09,cumplida
2034,22.0,91,2024-02-25,2024-03-06,2024-02-27,cumplida
2035,22.0,91,2024-04-25,2024-05-05,,vencida
2036,22.0,91,2024-06-24,2024-07-04,2024-06-28,cumplida
2037,22.0,91,2024-08-23,2024-09-02,2024-09-01,cumplida
2038,22.0,91,2024-10-22,2024-11-01,2024-10-24,cumplida
2039,22.0,91,2024-12-21,2024-12-31,2025-01-17,vencida
2040,22.0,91,2025-02-19,2025-03-01,2025-02-21,cumplida
2041,22.0,91,2025-04-20,2025-04-30,2025-04-29,cumplida
2042,22.0,91,2025-06-19,2025-06-29,2025-06-26,cumplida
2043,22.0,91,2025-08-18,2025-08-28,2025-08-27,cumplida
2044,22.0,91,2025-10-17,2025-10-27,2025-10-24,cumplida
2045,22.0,91,2025-12-16,2025-12-26,2025-12-25,cumplida
2046,22.0,116,2024-01-29,2024-02-08,,vencida
2047,22.0,116,2024-03-29,2024-04-08,2024-04-24,vencida
2048,22.0,116,2024-05-28,2024-06-07,2024-06-05,cumplida
2049,22.0,116,2024-07-27,2024-08-06,2024-07-28,cumplida
2050,22.0,116,2024-09-25,2024-10-05,2024-10-02,cumplida
2051,22.0,116,2024-11-24,2024-12-04,2024-12-02,cumplida
2052,22.0,116,2025-01-23,2025-02-02,2025-02-10,vencida
2053,22.0,116,2025-03-24,2025-04-03,2025-03-24,cumplida
2054,22.0,116,2025-05-23,2025-06-02,2025-05-26,cumplida
2055,22.0,116,2025-07-22,2025-08-01,2025-07-29,cumplida
2056,22.0,116,2025-09-20,2025-09-30,2025-09-29,cumplida
2057,22.0,116,2025-11-19,2025-11-29,,vencida
2058,23.0,3,2024-01-02,2024-01-09,2024-01-04,cumplida
2059,23.0,3,2024-02-01,2024-02-08,,vencida
2060,23.0,3,2024-03-02,2024-03-09,,vencida
2061,23.0,3,2024-04-01,2024-04-08,2024-04-22,vencida
2062,23.0,3,2024-05-01,2024-05-08,2024-05-07,cumplida
2063,23.0,3,2024-05-31,2024-06-07,,vencida
2064,23.0,3,2024-06-30,2024-07-07,2024-07-05,cumplida
2065,23.0,3,2024-07-30,2024-08-06,2024-08-14,vencida
2066,23.0,3,2024-08-29,2024-09-05,2024-09-12,vencida
2067,23.0,3,2024-09-28,2024-10-05,2024-09-29,cumplida
2068,23.0,3,2024-10-28,2024-11-04,2024-11-20,vencida
2069,23.0,3,2024-11-27,2024-12-04,2024-12-01,cumplida
2070,23.0,3,2024-12-27,2025-01-03,2025-01-02,cumplida
2071,23.0,3,2025-01-26,2025-02-02,2025-01-30,cumplida
2072,23.0,3,2025-02-25,2025-03-04,2025-02-25,cumplida
2073,23.0,3,2025-03-27,2025-04-03,2025-04-09,vencida
2074,23.0,3,2025-04-26,2025-05-03,2025-04-27,cumplida
2075,23.0,3,2025-05-26,2025-06-02,2025-06-13,vencida
2076,23.0,3,2025-06-25,2025-07-02,2025-06-28,cumplida
2077,23.0,3,2025-07-25,2025-08-01,2025-07-29,cumplida
2078,23.0,3,2025-08-24,2025-08-31,,vencida
2079,23.0,3,2025-09-23,2025-09-30,2025-10-09,vencida
2080,23.0,3,2025-10-23,2025-10-30,2025-10-29,cumplida
2081,23.0,3,2025-11-22,2025-11-29,,anulada
2082,23.0,3,2025-12-22,2025-12-29,2025-12-28,cumplida
2083,23.0,4,2024-01-15,2024-01-22,2024-01-16,cumplida
2084,23.0,4,2024-02-14,2024-02-21,,vencida
2085,23.0,4,2024-03-15,2024-03-22,2024-03-24,vencida
2086,23.0,4,2024-04-14,2024-04-21,2024-04-18,cumplida
2087,23.0,4,2024-05-14,2024-05-21,2024-05-18,cumplida
2088,23.0,4,2024-06-13,2024-06-20,2024-06-19,cumplida
2089,23.0,4,2024-07-13,2024-07-20,2024-07-16,cumplida
2090,23.0,4,2024-08-12,2024-08-19,2024-08-15,cumplida
2091,23.0,4,2024-09-11,2024-09-18,2024-09-15,cumplida
2092,23.0,4,2024-10-11,2024-10-18,,vencida
2093,23.0,4,2024-11-10,2024-11-17,2024-12-06,vencida
2094,23.0,4,2024-12-10,2024-12-17,2024-12-14,cumplida
2095,23.0,4,2025-01-09,2025-01-16,2025-01-09,cumplida
2096,23.0,4,2025-02-08,2025-02-15,,vencida
2097,23.0,4,2025-03-10,2025-03-17,2025-03-14,cumplida
2098,23.0,4,2025-04-09,2025-04-16,2025-04-12,cumplida
2099,23.0,4,2025-05-09,2025-05-16,,vencida
2100,23.0,4,2025-06-08,2025-06-15,2025-06-13,cumplida
2101,23.0,4,2025-07-08,2025-07-15,2025-07-13,cumplida
2102,23.0,4,2025-08-07,2025-08-14,2025-08-10,cumplida
2103,23.0,4,2025-09-06,2025-09-13,2025-09-21,vencida
2104,23.0,4,2025-10-06,2025-10-13,2025-10-08,cumplida
2105,23.0,4,2025-11-05,2025-11-12,2025-11-08,cumplida
2106,23.0,4,2025-12-05,2025-12-12,2025-12-30,vencida
2107,23.0,6,2024-01-14,2024-01-21,2024-02-01,vencida
2108,23.0,6,2024-02-13,2024-02-20,2024-02-15,cumplida
2109,23.0,6,2024-03-14,2024-03-21,,vencida
2110,23.0,6,2024-04-13,2024-04-20,2024-04-17,cumplida
2111,23.0,6,2024-05-13,2024-05-20,2024-05-18,cumplida
2112,23.0,6,2024-06-12,2024-06-19,2024-06-12,cumplida
2113,23.0,6,2024-07-12,2024-07-19,2024-08-02,vencida
2114,23.0,6,2024-08-11,2024-08-18,,vencida
2115,23.0,6,2024-09-10,2024-09-17,2024-09-11,cumplida
2116,23.0,6,2024-10-10,2024-10-17,2024-10-15,cumplida
2117,23.0,6,2024-11-09,2024-11-16,2024-11-15,cumplida
2118,23.0,6,2024-12-09,2024-12-16,2024-12-31,vencida
2119,23.0,6,2025-01-08,2025-01-15,,vencida
2120,23.0,6,2025-02-07,2025-02-14,2025-02-08,cumplida
2121,23.0,6,2025-03-09,2025-03-16,2025-03-14,cumplida
2122,23.0,6,2025-04-08,2025-04-15,2025-04-11,cumplida
2123,23.0,6,2025-05-08,2025-05-15,2025-05-09,cumplida
2124,23.0,6,2025-06-07,2025-06-14,2025-06-07,cumplida
2125,23.0,6,2025-07-07,2025-07-14,2025-07-07,cumplida
2126,23.0,6,2025-08-06,2025-08-13,2025-08-10,cumplida
2127,23.0,6,2025-09-05,2025-09-12,2025-09-05,cumplida
2128,23.0,6,2025-10-05,2025-10-12,2025-10-09,cumplida
2129,23.0,6,2025-11-04,2025-11-11,2025-11-10,cumplida
2130,23.0,6,2025-12-04,2025-12-11,2025-12-10,cumplida
2131,23.0,7,2024-01-26,2024-02-02,2024-02-14,vencida
2132,23.0,7,2024-02-25,2024-03-03,2024-02-26,cumplida
2133,23.0,7,2024-03-26,2024-04-02,2024-03-30,cumplida
2134,23.0,7,2024-04-25,2024-05-02,2024-05-16,vencida
2135,23.0,7,2024-05-25,2024-06-01,2024-06-02,vencida
2136,23.0,7,2024-06-24,2024-07-01,,vencida
2137,23.0,7,2024-07-24,2024-07-31,2024-08-14,vencida
2138,23.0,7,2024-08-23,2024-08-30,2024-08-25,cumplida
2139,23.0,7,2024-09-22,2024-09-29,2024-09-22,cumplida
2140,23.0,7,2024-10-22,2024-10-29,2024-10-27,cumplida
2141,23.0,7,2024-11-21,2024-11-28,,vencida
2142,23.0,7,2024-12-21,2024-12-28,2024-12-25,cumplida
2143,23.0,7,2025-01-20,2025-01-27,2025-01-24,cumplida
2144,23.0,7,2025-02-19,2025-02-26,2025-02-19,cumplida
2145,23.0,7,2025-03-21,2025-03-28,2025-03-23,cumplida
2146,23.0,7,2025-04-20,2025-04-27,2025-04-24,cumplida
2147,23.0,7,2025-05-20,2025-05-27,2025-05-23,cumplida
2148,23.0,7,2025-06-19,2025-06-26,,vencida
2149,23.0,7,2025-07-19,2025-07-26,2025-07-19,cumplida
2150,23.0,7,2025-08-18,2025-08-25,,vencida
2151,23.0,7,2025-09-17,2025-09-24,2025-09-20,cumplida
2152,23.0,7,2025-10-17,2025-10-24,2025-10-23,cumplida
2153,23.0,7,2025-11-16,2025-11-23,,vencida
2154,23.0,7,2025-12-16,2025-12-23,2025-12-21,cumplida
2155,23.0,8,2024-01-22,2024-01-29,2024-01-28,cumplida
2156,23.0,8,2024-02-21,2024-02-28,2024-02-21,cumplida
2157,23.0,8,2024-03-22,2024-03-29,2024-03-26,cumplida
2158,23.0,8,2024-04-21,2024-04-28,2024-04-22,cumplida
2159,23.0,8,2024-05-21,2024-05-28,2024-05-23,cumplida
2160,23.0,8,2024-06-20,2024-06-27,2024-06-25,cumplida
2161,23.0,8,2024-07-20,2024-07-27,,vencida
2162,23.0,8,2024-08-19,2024-08-26,2024-08-23,cumplida
2163,23.0,8,2024-09-18,2024-09-25,2024-10-07,vencida
2164,23.0,8,2024-10-18,2024-10-25,2024-10-20,cumplida
2165,23.0,8,2024-11-17,2024-11-24,,vencida
2166,23.0,8,2024-12-17,2024-12-24,2024-12-22,cumplida
2167,23.0,8,2025-01-16,2025-01-23,2025-02-01,vencida
2168,23.0,8,2025-02-15,2025-02-22,2025-02-21,cumplida
2169,23.0,8,2025-03-17,2025-03-24,2025-03-17,cumplida
2170,23.0,8,2025-04-16,2025-04-23,2025-04-17,cumplida
2171,23.0,8,2025-05-16,2025-05-23,2025-05-19,cumplida
2172,23.0,8,2025-06-15,2025-06-22,2025-07-06,vencida
2173,23.0,8,2025-07-15,2025-07-22,,vencida
2174,23.0,8,2025-08-14,2025-08-21,2025-09-08,vencida
2175,23.0,8,2025-09-13,2025-09-20,2025-10-03,vencida
2176,23.0,8,2025-10-13,2025-10-20,2025-10-17,cumplida
2177,23.0,8,2025-11-12,2025-11-19,,vencida
2178,23.0,8,2025-12-12,2025-12-19,2025-12-17,cumplida
2179,23.0,26,2024-01-06,2024-01-13,2024-01-08,cumplida
2180,23.0,26,2024-02-05,2024-02-12,2024-02-07,cumplida
2181,23.0,26,2024-03-06,2024-03-13,2024-03-07,cumplida
2182,23.0,26,2024-04-05,2024-04-12,,vencida
2183,23.0,26,2024-05-05,2024-05-12,2024-05-05,cumplida
2184,23.0,26,2024-06-04,2024-06-11,,vencida
2185,23.0,26,2024-07-04,2024-07-11,2024-07-07,cumplida
2186,23.0,26,2024-08-03,2024-08-10,2024-08-03,cumplida
2187,23.0,26,2024-09-02,2024-09-09,2024-09-02,cumplida
2188,23.0,26,2024-10-02,2024-10-09,2024-10-24,vencida
2189,23.0,26,2024-11-01,2024-11-08,,vencida
2190,23.0,26,2024-12-01,2024-12-08,2024-12-04,cumplida
2191,23.0,26,2024-12-31,2025-01-07,2025-01-02,cumplida
2192,23.0,26,2025-01-30,2025-02-06,2025-01-30,cumplida
2193,23.0,26,2025-03-01,2025-03-08,,vencida
2194,23.0,26,2025-03-31,2025-04-07,2025-04-06,cumplida
2195,23.0,26,2025-04-30,2025-05-07,2025-05-04,cumplida
2196,23.0,26,2025-05-30,2025-06-06,2025-06-18,vencida
2197,23.0,26,2025-06-29,2025-07-06,2025-07-11,vencida
2198,23.0,26,2025-07-29,2025-08-05,2025-07-29,cumplida
2199,23.0,26,2025-08-28,2025-09-04,,vencida
2200,23.0,26,2025-09-27,2025-10-04,2025-09-29,cumplida
2201,23.0,26,2025-10-27,2025-11-03,,anulada
2202,23.0,26,2025-11-26,2025-12-03,,vencida
2203,23.0,26,2025-12-26,2026-01-02,,pendiente
2204,23.0,27,2024-01-05,2024-01-12,,vencida
2205,23.0,27,2024-02-04,2024-02-11,,vencida
2206,23.0,27,2024-03-05,2024-03-12,2024-03-07,cumplida
2207,23.0,27,2024-04-04,2024-04-11,2024-04-09,cumplida
2208,23.0,27,2024-05-04,2024-05-11,,vencida
2209,23.0,27,2024-06-03,2024-06-10,2024-06-03,cumplida
2210,23.0,27,2024-07-03,2024-07-10,2024-07-08,cumplida
2211,23.0,27,2024-08-02,2024-08-09,,vencida
2212,23.0,27,2024-09-01,2024-09-08,,anulada
2213,23.0,27,2024-10-01,2024-10-08,2024-10-07,cumplida
2214,23.0,27,2024-10-31,2024-11-07,2024-11-05,cumplida
2215,23.0,27,2024-11-30,2024-12-07,2024-12-06,cumplida
2216,23.0,27,2024-12-30,2025-01-06,2025-01-04,cumplida
2217,23.0,27,2025-01-29,2025-02-05,2025-02-23,vencida
2218,23.0,27,2025-02-28,2025-03-07,2025-03-01,cumplida
2219,23.0,27,2025-03-30,2025-04-06,2025-04-04,cumplida
2220,23.0,27,2025-04-29,2025-05-06,2025-04-30,cumplida
2221,23.0,27,2025-05-29,2025-06-05,2025-06-01,cumplida
2222,23.0,27,2025-06-28,2025-07-05,2025-06-30,cumplida
2223,23.0,27,2025-07-28,2025-08-04,2025-08-02,cumplida
2224,23.0,27,2025-08-27,2025-09-03,2025-09-06,vencida
2225,23.0,27,2025-09-26,2025-10-03,2025-09-26,cumplida
2226,23.0,27,2025-10-26,2025-11-02,2025-10-29,cumplida
2227,23.0,27,2025-11-25,2025-12-02,2025-11-29,cumplida
2228,23.0,27,2025-12-25,2026-01-01,2025-12-29,cumplida
2229,23.0,41,2024-01-19,2024-01-26,2024-01-20,cumplida
2230,23.0,41,2024-02-18,2024-02-25,,vencida
2231,23.0,41,2024-03-19,2024-03-26,2024-03-25,cumplida
2232,23.0,41,2024-04-18,2024-04-25,2024-04-28,vencida
2233,23.0,41,2024-05-18,2024-05-25,2024-05-20,cumplida
2234,23.0,41,2024-06-17,2024-06-24,,vencida
2235,23.0,41,2024-07-17,2024-07-24,2024-07-18,cumplida
2236,23.0,41,2024-08-16,2024-08-23,2024-08-20,cumplida
2237,23.0,41,2024-09-15,2024-09-22,2024-09-18,cumplida
2238,23.0,41,2024-10-15,2024-10-22,2024-10-20,cumplida
2239,23.0,41,2024-11-14,2024-11-21,2024-11-16,cumplida
2240,23.0,41,2024-12-14,2024-12-21,,vencida
2241,23.0,41,2025-01-13,2025-01-20,2025-01-13,cumplida
2242,23.0,41,2025-02-12,2025-02-19,2025-02-24,vencida
2243,23.0,41,2025-03-14,2025-03-21,2025-03-20,cumplida
2244,23.0,41,2025-04-13,2025-04-20,2025-04-18,cumplida
2245,23.0,41,2025-05-13,2025-05-20,2025-05-13,cumplida
2246,23.0,41,2025-06-12,2025-06-19,,vencida
2247,23.0,41,2025-07-12,2025-07-19,2025-07-16,cumplida
2248,23.0,41,2025-08-11,2025-08-18,2025-08-11,cumplida
2249,23.0,41,2025-09-10,2025-09-17,2025-09-15,cumplida
2250,23.0,41,2025-10-10,2025-10-17,2025-10-13,cumplida
2251,23.0,41,2025-11-09,2025-11-16,2025-11-11,cumplida
2252,23.0,41,2025-12-09,2025-12-16,2025-12-09,cumplida
2253,23.0,85,2024-01-02,2024-01-09,,vencida
2254,23.0,85,2024-02-01,2024-02-08,2024-02-02,cumplida
2255,23.0,85,2024-03-02,2024-03-09,2024-03-06,cumplida
2256,23.0,85,2024-04-01,2024-04-08,,vencida
2257,23.0,85,2024-05-01,2024-05-08,2024-05-09,vencida
2258,23.0,85,2024-05-31,2024-06-07,2024-06-04,cumplida
2259,23.0,85,2024-06-30,2024-07-07,,vencida
2260,23.0,85,2024-07-30,2024-08-06,2024-08-04,cumplida
2261,23.0,85,2024-08-29,2024-09-05,2024-09-03,cumplida
2262,23.0,85,2024-09-28,2024-10-05,2024-09-29,cumplida
2263,23.0,85,2024-10-28,2024-11-04,2024-10-30,cumplida
2264,23.0,85,2024-11-27,2024-12-04,2024-11-29,cumplida
2265,23.0,85,2024-12-27,2025-01-03,2024-12-30,cumplida
2266,23.0,85,2025-01-26,2025-02-02,2025-02-01,cumplida
2267,23.0,85,2025-02-25,2025-03-04,,vencida
2268,23.0,85,2025-03-27,2025-04-03,2025-04-02,cumplida
2269,23.0,85,2025-04-26,2025-05-03,2025-04-28,cumplida
2270,23.0,85,2025-05-26,2025-06-02,2025-06-05,vencida
2271,23.0,85,2025-06-25,2025-07-02,,vencida
2272,23.0,85,2025-07-25,2025-08-01,2025-07-26,cumplida
2273,23.0,85,2025-08-24,2025-08-31,2025-08-29,cumplida
2274,23.0,85,2025-09-23,2025-09-30,2025-09-24,cumplida
2275,23.0,85,2025-10-23,2025-10-30,2025-10-27,cumplida
2276,23.0,85,2025-11-22,2025-11-29,2025-11-25,cumplida
2277,23.0,85,2025-12-22,2025-12-29,2025-12-23,cumplida
2278,23.0,110,2024-01-10,2024-01-17,2024-01-12,cumplida
2279,23.0,110,2024-02-09,2024-02-16,2024-02-15,cumplida
2280,23.0,110,2024-03-10,2024-03-17,2024-03-14,cumplida
2281,23.0,110,2024-04-09,2024-04-16,2024-04-10,cumplida
2282,23.0,110,2024-05-09,2024-05-16,2024-06-01,vencida
2283,23.0,110,2024-06-08,2024-06-15,2024-06-23,vencida
2284,23.0,110,2024-07-08,2024-07-15,2024-07-14,cumplida
2285,23.0,110,2024-08-07,2024-08-14,2024-08-07,cumplida
2286,23.0,110,2024-09-06,2024-09-13,2024-09-10,cumplida
2287,23.0,110,2024-10-06,2024-10-13,2024-10-12,cumplida
2288,23.0,110,2024-11-05,2024-11-12,,vencida
2289,23.0,110,2024-12-05,2024-12-12,2024-12-10,cumplida
2290,23.0,110,2025-01-04,2025-01-11,2025-01-04,cumplida
2291,23.0,110,2025-02-03,2025-02-10,2025-02-03,cumplida
2292,23.0,110,2025-03-05,2025-03-12,,vencida
2293,23.0,110,2025-04-04,2025-04-11,2025-04-08,cumplida
2294,23.0,110,2025-05-04,2025-05-11,2025-05-09,cumplida
2295,23.0,110,2025-06-03,2025-06-10,2025-06-07,cumplida
2296,23.0,110,2025-07-03,2025-07-10,2025-07-04,cumplida
2297,23.0,110,2025-08-02,2025-08-09,2025-08-05,cumplida
2298,23.0,110,2025-09-01,2025-09-08,,vencida
2299,23.0,110,2025-10-01,2025-10-08,2025-10-05,cumplida
2300,23.0,110,2025-10-31,2025-11-07,2025-10-31,cumplida
2301,23.0,110,2025-11-30,2025-12-07,2025-12-05,cumplida
2302,23.0,110,2025-12-30,2026-01-06,2025-12-30,cumplida
2303,23.0,129,2024-01-05,2024-01-12,,anulada
2304,23.0,129,2024-02-04,2024-02-11,2024-02-07,cumplida
2305,23.0,129,2024-03-05,2024-03-12,2024-03-10,cumplida
2306,23.0,129,2024-04-04,2024-04-11,2024-04-10,cumplida
2307,23.0,129,2024-05-04,2024-05-11,2024-05-04,cumplida
2308,23.0,129,2024-06-03,2024-06-10,,vencida
2309,23.0,129,2024-07-03,2024-07-10,,vencida
2310,23.0,129,2024-08-02,2024-08-09,2024-08-04,cumplida
2311,23.0,129,2024-09-01,2024-09-08,,vencida
2312,23.0,129,2024-10-01,2024-10-08,2024-10-07,cumplida
2313,23.0,129,2024-10-31,2024-11-07,2024-11-02,cumplida
2314,23.0,129,2024-11-30,2024-12-07,,vencida
2315,23.0,129,2024-12-30,2025-01-06,2025-01-05,cumplida
2316,23.0,129,2025-01-29,2025-02-05,2025-01-29,cumplida
2317,23.0,129,2025-02-28,2025-03-07,2025-03-03,cumplida
2318,23.0,129,2025-03-30,2025-04-06,2025-03-31,cumplida
2319,23.0,129,2025-04-29,2025-05-06,2025-05-02,cumplida
2320,23.0,129,2025-05-29,2025-06-05,,vencida
2321,23.0,129,2025-06-28,2025-07-05,2025-07-18,vencida
2322,23.0,129,2025-07-28,2025-08-04,2025-07-30,cumplida
2323,23.0,129,2025-08-27,2025-09-03,2025-09-01,cumplida
2324,23.0,129,2025-09-26,2025-10-03,2025-10-02,cumplida
2325,23.0,129,2025-10-26,2025-11-02,,vencida
2326,23.0,129,2025-11-25,2025-12-02,,vencida
2327,23.0,129,2025-12-25,2026-01-01,2025-12-30,cumplida
2328,23.0,132,2024-01-01,2024-01-08,2024-01-05,cumplida
2329,23.0,132,2024-01-31,2024-02-07,,vencida
2330,23.0,132,2024-03-01,2024-03-08,2024-03-01,cumplida
2331,23.0,132,2024-03-31,2024-04-07,2024-04-01,cumplida
2332,23.0,132,2024-04-30,2024-05-07,2024-05-03,cumplida
2333,23.0,132,2024-05-30,2024-06-06,2024-06-09,vencida
2334,23.0,132,2024-06-29,2024-07-06,2024-07-02,cumplida
2335,23.0,132,2024-07-29,2024-08-05,2024-08-02,cumplida
2336,23.0,132,2024-08-28,2024-09-04,2024-09-03,cumplida
2337,23.0,132,2024-09-27,2024-10-04,2024-09-29,cumplida
2338,23.0,132,2024-10-27,2024-11-03,2024-10-30,cumplida
2339,23.0,132,2024-11-26,2024-12-03,2024-11-30,cumplida
2340,23.0,132,2024-12-26,2025-01-02,2024-12-30,cumplida
2341,23.0,132,2025-01-25,2025-02-01,,vencida
2342,23.0,132,2025-02-24,2025-03-03,2025-03-13,vencida
2343,23.0,132,2025-03-26,2025-04-02,2025-04-01,cumplida
2344,23.0,132,2025-04-25,2025-05-02,,vencida
2345,23.0,132,2025-05-25,2025-06-01,,vencida
2346,23.0,132,2025-06-24,2025-07-01,2025-06-25,cumplida
2347,23.0,132,2025-07-24,2025-07-31,2025-07-27,cumplida
2348,23.0,132,2025-08-23,2025-08-30,2025-08-26,cumplida
2349,23.0,132,2025-09-22,2025-09-29,2025-09-27,cumplida
2350,23.0,132,2025-10-22,2025-10-29,2025-10-23,cumplida
2351,23.0,132,2025-11-21,2025-11-28,2025-11-26,cumplida
2352,23.0,132,2025-12-21,2025-12-28,,pendiente
2353,23.0,133,2024-01-28,2024-02-04,2024-02-03,cumplida
2354,23.0,133,2024-02-27,2024-03-05,2024-02-28,cumplida
2355,23.0,133,2024-03-28,2024-04-04,2024-03-31,cumplida
2356,23.0,133,2024-04-27,2024-05-04,2024-05-03,cumplida
2357,23.0,133,2024-05-27,2024-06-03,2024-05-30,cumplida
2358,23.0,133,2024-06-26,2024-07-03,2024-06-30,cumplida
2359,23.0,133,2024-07-26,2024-08-02,2024-08-01,cumplida
2360,23.0,133,2024-08-25,2024-09-01,,vencida
2361,23.0,133,2024-09-24,2024-10-01,2024-10-06,vencida
2362,23.0,133,2024-10-24,2024-10-31,2024-10-29,cumplida
2363,23.0,133,2024-11-23,2024-11-30,2024-11-23,cumplida
2364,23.0,133,2024-12-23,2024-12-30,2024-12-24,cumplida
2365,23.0,133,2025-01-22,2025-01-29,2025-01-28,cumplida
2366,23.0,133,2025-02-21,2025-02-28,2025-02-27,cumplida
2367,23.0,133,2025-03-23,2025-03-30,2025-04-08,vencida
2368,23.0,133,2025-04-22,2025-04-29,2025-05-11,vencida
2369,23.0,133,2025-05-22,2025-05-29,2025-06-15,vencida
2370,23.0,133,2025-06-21,2025-06-28,2025-06-23,cumplida
2371,23.0,133,2025-07-21,2025-07-28,2025-07-25,cumplida
2372,23.0,133,2025-08-20,2025-08-27,2025-08-22,cumplida
2373,23.0,133,2025-09-19,2025-09-26,2025-09-25,cumplida
2374,23.0,133,2025-10-19,2025-10-26,2025-10-19,cumplida
2375,23.0,133,2025-11-18,2025-11-25,,vencida
2376,23.0,133,2025-12-18,2025-12-25,2025-12-24,cumplida
2377,23.0,135,2024-01-03,2024-01-10,2024-01-23,vencida
2378,23.0,135,2024-02-02,2024-02-09,2024-02-20,vencida
2379,23.0,135,2024-03-03,2024-03-10,,vencida
2380,23.0,135,2024-04-02,2024-04-09,2024-04-03,cumplida
2381,23.0,135,2024-05-02,2024-05-09,2024-05-08,cumplida
2382,23.0,135,2024-06-01,2024-06-08,2024-06-06,cumplida
2383,23.0,135,2024-07-01,2024-07-08,2024-07-12,vencida
2384,23.0,135,2024-07-31,2024-08-07,2024-08-02,cumplida
2385,23.0,135,2024-08-30,2024-09-06,2024-09-23,vencida
2386,23.0,135,2024-09-29,2024-10-06,2024-10-05,cumplida
2387,23.0,135,2024-10-29,2024-11-05,2024-10-31,cumplida
2388,23.0,135,2024-11-28,2024-12-05,2024-12-02,cumplida
2389,23.0,135,2024-12-28,2025-01-04,,vencida
2390,23.0,135,2025-01-27,2025-02-03,,vencida
2391,23.0,135,2025-02-26,2025-03-05,2025-03-02,cumplida
2392,23.0,135,2025-03-28,2025-04-04,2025-04-01,cumplida
2393,23.0,135,2025-04-27,2025-05-04,2025-05-10,vencida
2394,23.0,135,2025-05-27,2025-06-03,,vencida
2395,23.0,135,2025-06-26,2025-07-03,2025-07-10,vencida
2396,23.0,135,2025-07-26,2025-08-02,2025-08-01,cumplida
2397,23.0,135,2025-08-25,2025-09-01,2025-08-31,cumplida
2398,23.0,135,2025-09-24,2025-10-01,2025-10-16,vencida
2399,23.0,135,2025-10-24,2025-10-31,2025-10-29,cumplida
2400,23.0,135,2025-11-23,2025-11-30,2025-12-14,vencida
2401,23.0,135,2025-12-23,2025-12-30,,vencida
2402,23.0,145,2024-01-01,2024-01-08,2024-01-04,cumplida
2403,23.0,145,2024-01-31,2024-02-07,2024-02-02,cumplida
2404,23.0,145,2024-03-01,2024-03-08,2024-03-03,cumplida
2405,23.0,145,2024-03-31,2024-04-07,2024-04-05,cumplida
2406,23.0,145,2024-04-30,2024-05-07,2024-05-06,cumplida
2407,23.0,145,2024-05-30,2024-06-06,,vencida
2408,23.0,145,2024-06-29,2024-07-06,2024-07-05,cumplida
2409,23.0,145,2024-07-29,2024-08-05,2024-08-04,cumplida
2410,23.0,145,2024-08-28,2024-09-04,2024-08-28,cumplida
2411,23.0,145,2024-09-27,2024-10-04,2024-10-01,cumplida
2412,23.0,145,2024-10-27,2024-11-03,2024-10-28,cumplida
2413,23.0,145,2024-11-26,2024-12-03,2024-11-27,cumplida
2414,23.0,145,2024-12-26,2025-01-02,2024-12-28,cumplida
2415,23.0,145,2025-01-25,2025-02-01,2025-01-30,cumplida
2416,23.0,145,2025-02-24,2025-03-03,2025-02-25,cumplida
2417,23.0,145,2025-03-26,2025-04-02,2025-03-27,cumplida
2418,23.0,145,2025-04-25,2025-05-02,,anulada
2419,23.0,145,2025-05-25,2025-06-01,,vencida
2420,23.0,145,2025-06-24,2025-07-01,2025-07-10,vencida
2421,23.0,145,2025-07-24,2025-07-31,2025-07-26,cumplida
2422,23.0,145,2025-08-23,2025-08-30,2025-08-28,cumplida
2423,23.0,145,2025-09-22,2025-09-29,2025-09-24,cumplida
2424,23.0,145,2025-10-22,2025-10-29,2025-11-05,vencida
2425,23.0,145,2025-11-21,2025-11-28,2025-11-25,cumplida
2426,23.0,145,2025-12-21,2025-12-28,,vencida
2427,24.0,3,2024-05-05,2024-05-15,2024-05-08,cumplida
2428,24.0,3,2024-11-05,2024-11-15,2024-11-12,cumplida
2429,24.0,3,2025-05-05,2025-05-15,2025-05-06,cumplida
2430,24.0,3,2025-11-05,2025-11-15,2025-11-05,cumplida
2431,24.0,4,2024-05-05,2024-05-15,2024-05-05,cumplida
2432,24.0,4,2024-11-05,2024-11-15,2024-11-08,cumplida
2433,24.0,4,2025-05-05,2025-05-15,2025-05-28,vencida
2434,24.0,4,2025-11-05,2025-11-15,2025-11-11,cumplida
2435,24.0,6,2024-05-05,2024-05-15,2024-05-05,cumplida
2436,24.0,6,2024-11-05,2024-11-15,,vencida
2437,24.0,6,2025-05-05,2025-05-15,2025-05-09,cumplida
2438,24.0,6,2025-11-05,2025-11-15,2025-11-08,cumplida
2439,24.0,7,2024-05-05,2024-05-15,2024-05-05,cumplida
2440,24.0,7,2024-11-05,2024-11-15,2024-11-14,cumplida
2441,24.0,7,2025-05-05,2025-05-15,2025-05-14,cumplida
2442,24.0,7,2025-11-05,2025-11-15,2025-11-13,cumplida
2443,24.0,8,2024-05-05,2024-05-15,2024-05-07,cumplida
2444,24.0,8,2024-11-05,2024-11-15,2024-11-09,cumplida
2445,24.0,8,2025-05-05,2025-05-15,2025-05-14,cumplida
2446,24.0,8,2025-11-05,2025-11-15,2025-11-08,cumplida
2447,24.0,26,2024-05-05,2024-05-15,2024-05-09,cumplida
2448,24.0,26,2024-11-05,2024-11-15,2024-11-14,cumplida
2449,24.0,26,2025-05-05,2025-05-15,2025-05-11,cumplida
2450,24.0,26,2025-11-05,2025-11-15,,anulada
2451,24.0,27,2024-05-05,2024-05-15,,vencida
2452,24.0,27,2024-11-05,2024-11-15,2024-11-07,cumplida
2453,24.0,27,2025-05-05,2025-05-15,2025-05-12,cumplida
2454,24.0,27,2025-11-05,2025-11-15,,vencida
2455,24.0,41,2024-06-05,2024-06-15,2024-06-23,vencida
2456,24.0,41,2024-12-05,2024-12-15,2024-12-14,cumplida
2457,24.0,41,2025-06-05,2025-06-15,2025-06-10,cumplida
2458,24.0,41,2025-12-05,2025-12-15,,pendiente
2459,24.0,85,2024-05-05,2024-05-15,2024-05-06,cumplida
2460,24.0,85,2024-11-05,2024-11-15,2024-11-14,cumplida
2461,24.0,85,2025-05-05,2025-05-15,2025-05-06,cumplida
2462,24.0,85,2025-11-05,2025-11-15,,vencida
2463,24.0,110,2024-05-05,2024-05-15,2024-05-07,cumplida
2464,24.0,110,2024-11-05,2024-11-15,2024-11-14,cumplida
2465,24.0,110,2025-05-05,2025-05-15,2025-05-13,cumplida
2466,24.0,110,2025-11-05,2025-11-15,,vencida
2467,24.0,129,2024-06-05,2024-06-15,2024-06-06,cumplida
2468,24.0,129,2024-12-05,2024-12-15,2024-12-06,cumplida
2469,24.0,129,2025-06-05,2025-06-15,2025-06-05,cumplida
2470,24.0,129,2025-12-05,2025-12-15,2025-12-13,cumplida
2471,24.0,132,2024-06-05,2024-06-15,,vencida
2472,24.0,132,2024-12-05,2024-12-15,2024-12-10,cumplida
2473,24.0,132,2025-06-05,2025-06-15,2025-06-07,cumplida
2474,24.0,132,2025-12-05,2025-12-15,2025-12-09,cumplida
2475,24.0,133,2024-06-05,2024-06-15,2024-06-06,cumplida
2476,24.0,133,2024-12-05,2024-12-15,2024-12-22,vencida
2477,24.0,133,2025-06-05,2025-06-15,2025-06-13,cumplida
2478,24.0,133,2025-12-05,2025-12-15,,vencida
2479,24.0,135,2024-06-05,2024-06-15,,vencida
2480,24.0,135,2024-12-05,2024-12-15,,anulada
2481,24.0,135,2025-06-05,2025-06-15,2025-06-06,cumplida
2482,24.0,135,2025-12-05,2025-12-15,2025-12-13,cumplida
2483,24.0,145,2024-06-05,2024-06-15,2024-06-08,cumplida
2484,24.0,145,2024-12-05,2024-12-15,2024-12-31,vencida
2485,24.0,145,2025-06-05,2025-06-15,2025-06-14,cumplida
2486,24.0,145,2025-12-05,2025-12-15,2025-12-10,cumplida
2487,25.0,2,2024-01-28,2024-02-04,2024-02-03,cumplida
2488,25.0,2,2024-02-27,2024-03-05,2024-03-19,vencida
2489,25.0,2,2024-03-28,2024-04-04,2024-04-13,vencida
2490,25.0,2,2024-04-27,2024-05-04,2024-05-02,cumplida
2491,25.0,2,2024-05-27,2024-06-03,2024-05-27,cumplida
2492,25.0,2,2024-06-26,2024-07-03,2024-06-27,cumplida
2493,25.0,2,2024-07-26,2024-08-02,2024-08-19,vencida
2494,25.0,2,2024-08-25,2024-09-01,2024-08-26,cumplida
2495,25.0,2,2024-09-24,2024-10-01,2024-09-27,cumplida
2496,25.0,2,2024-10-24,2024-10-31,2024-10-24,cumplida
2497,25.0,2,2024-11-23,2024-11-30,2024-11-24,cumplida
2498,25.0,2,2024-12-23,2024-12-30,2024-12-27,cumplida
2499,25.0,2,2025-01-22,2025-01-29,2025-01-24,cumplida
2500,25.0,2,2025-02-21,2025-02-28,,vencida
2501,25.0,2,2025-03-23,2025-03-30,,vencida
2502,25.0,2,2025-04-22,2025-04-29,,vencida
2503,25.0,2,2025-05-22,2025-05-29,2025-06-17,vencida
2504,25.0,2,2025-06-21,2025-06-28,2025-06-27,cumplida
2505,25.0,2,2025-07-21,2025-07-28,2025-07-29,vencida
2506,25.0,2,2025-08-20,2025-08-27,2025-08-20,cumplida
2507,25.0,2,2025-09-19,2025-09-26,2025-09-24,cumplida
2508,25.0,2,2025-10-19,2025-10-26,2025-10-19,cumplida
2509,25.0,2,2025-11-18,2025-11-25,2025-11-24,cumplida
2510,25.0,2,2025-12-18,2025-12-25,,vencida
2511,25.0,5,2024-01-06,2024-01-13,,anulada
2512,25.0,5,2024-02-05,2024-02-12,2024-02-06,cumplida
2513,25.0,5,2024-03-06,2024-03-13,,vencida
2514,25.0,5,2024-04-05,2024-04-12,2024-04-06,cumplida
2515,25.0,5,2024-05-05,2024-05-12,2024-05-05,cumplida
2516,25.0,5,2024-06-04,2024-06-11,2024-06-06,cumplida
2517,25.0,5,2024-07-04,2024-07-11,2024-07-05,cumplida
2518,25.0,5,2024-08-03,2024-08-10,2024-08-06,cumplida
2519,25.0,5,2024-09-02,2024-09-09,,vencida
2520,25.0,5,2024-10-02,2024-10-09,2024-10-26,vencida
2521,25.0,5,2024-11-01,2024-11-08,,vencida
2522,25.0,5,2024-12-01,2024-12-08,,anulada
2523,25.0,5,2024-12-31,2025-01-07,2025-01-01,cumplida
2524,25.0,5,2025-01-30,2025-02-06,2025-01-31,cumplida
2525,25.0,5,2025-03-01,2025-03-08,2025-03-21,vencida
2526,25.0,5,2025-03-31,2025-04-07,2025-04-01,cumplida
2527,25.0,5,2025-04-30,2025-05-07,2025-05-02,cumplida
2528,25.0,5,2025-05-30,2025-06-06,2025-05-31,cumplida
2529,25.0,5,2025-06-29,2025-07-06,2025-07-10,vencida
2530,25.0,5,2025-07-29,2025-08-05,2025-08-01,cumplida
2531,25.0,5,2025-08-28,2025-09-04,2025-08-28,cumplida
2532,25.0,5,2025-09-27,2025-10-04,2025-09-30,cumplida
2533,25.0,5,2025-10-27,2025-11-03,,vencida
2534,25.0,5,2025-11-26,2025-12-03,2025-11-29,cumplida
2535,25.0,5,2025-12-26,2026-01-02,,pendiente
2536,25.0,25,2024-01-25,2024-02-01,2024-01-28,cumplida
2537,25.0,25,2024-02-24,2024-03-02,2024-03-01,cumplida
2538,25.0,25,2024-03-25,2024-04-01,2024-03-31,cumplida
2539,25.0,25,2024-04-24,2024-05-01,2024-04-28,cumplida
2540,25.0,25,2024-05-24,2024-05-31,2024-05-28,cumplida
2541,25.0,25,2024-06-23,2024-06-30,,vencida
2542,25.0,25,2024-07-23,2024-07-30,2024-07-26,cumplida
2543,25.0,25,2024-08-22,2024-08-29,,vencida
2544,25.0,25,2024-09-21,2024-09-28,2024-09-26,cumplida
2545,25.0,25,2024-10-21,2024-10-28,2024-10-23,cumplida
2546,25.0,25,2024-11-20,2024-11-27,2024-11-22,cumplida
2547,25.0,25,2024-12-20,2024-12-27,2024-12-23,cumplida
2548,25.0,25,2025-01-19,2025-01-26,,vencida
2549,25.0,25,2025-02-18,2025-02-25,2025-02-21,cumplida
2550,25.0,25,2025-03-20,2025-03-27,,vencida
2551,25.0,25,2025-04-19,2025-04-26,2025-04-25,cumplida
2552,25.0,25,2025-05-19,2025-05-26,2025-05-23,cumplida
2553,25.0,25,2025-06-18,2025-06-25,2025-06-21,cumplida
2554,25.0,25,2025-07-18,2025-07-25,2025-07-19,cumplida
2555,25.0,25,2025-08-17,2025-08-24,2025-08-19,cumplida
2556,25.0,25,2025-09-16,2025-09-23,2025-09-21,cumplida
2557,25.0,25,2025-10-16,2025-10-23,2025-10-16,cumplida
2558,25.0,25,2025-11-15,2025-11-22,2025-11-21,cumplida
2559,25.0,25,2025-12-15,2025-12-22,2025-12-19,cumplida
2560,25.0,39,2024-01-01,2024-01-08,,anulada
2561,25.0,39,2024-01-31,2024-02-07,2024-02-06,cumplida
2562,25.0,39,2024-03-01,2024-03-08,2024-03-25,vencida
2563,25.0,39,2024-03-31,2024-04-07,2024-04-10,vencida
2564,25.0,39,2024-04-30,2024-05-07,2024-05-03,cumplida
2565,25.0,39,2024-05-30,2024-06-06,2024-06-04,cumplida
2566,25.0,39,2024-06-29,2024-07-06,,vencida
2567,25.0,39,2024-07-29,2024-08-05,2024-07-31,cumplida
2568,25.0,39,2024-08-28,2024-09-04,2024-09-08,vencida
2569,25.0,39,2024-09-27,2024-10-04,,vencida
2570,25.0,39,2024-10-27,2024-11-03,2024-10-30,cumplida
2571,25.0,39,2024-11-26,2024-12-03,2024-12-01,cumplida
2572,25.0,39,2024-12-26,2025-01-02,2024-12-31,cumplida
2573,25.0,39,2025-01-25,2025-02-01,2025-01-31,cumplida
2574,25.0,39,2025-02-24,2025-03-03,2025-02-26,cumplida
2575,25.0,39,2025-03-26,2025-04-02,2025-03-26,cumplida
2576,25.0,39,2025-04-25,2025-05-02,,anulada
2577,25.0,39,2025-05-25,2025-06-01,2025-05-31,cumplida
2578,25.0,39,2025-06-24,2025-07-01,2025-06-28,cumplida
2579,25.0,39,2025-07-24,2025-07-31,2025-07-24,cumplida
2580,25.0,39,2025-08-23,2025-08-30,2025-09-06,vencida
2581,25.0,39,2025-09-22,2025-09-29,2025-10-06,vencida
2582,25.0,39,2025-10-22,2025-10-29,2025-10-22,cumplida
2583,25.0,39,2025-11-21,2025-11-28,2025-11-23,cumplida
2584,25.0,39,2025-12-21,2025-12-28,,vencida
2585,25.0,40,2024-01-05,2024-01-12,2024-01-06,cumplida
2586,25.0,40,2024-02-04,2024-02-11,2024-02-04,cumplida
2587,25.0,40,2024-03-05,2024-03-12,,vencida
2588,25.0,40,2024-04-04,2024-04-11,,vencida
2589,25.0,40,2024-05-04,2024-05-11,2024-05-09,cumplida
2590,25.0,40,2024-06-03,2024-06-10,2024-06-08,cumplida
2591,25.0,40,2024-07-03,2024-07-10,2024-07-07,cumplida
2592,25.0,40,2024-08-02,2024-08-09,,anulada
2593,25.0,40,2024-09-01,2024-09-08,2024-09-09,vencida
2594,25.0,40,2024-10-01,2024-10-08,2024-10-06,cumplida
2595,25.0,40,2024-10-31,2024-11-07,2024-11-17,vencida
2596,25.0,40,2024-11-30,2024-12-07,2024-12-05,cumplida
2597,25.0,40,2024-12-30,2025-01-06,2024-12-30,cumplida
2598,25.0,40,2025-01-29,2025-02-05,2025-02-02,cumplida
2599,25.0,40,2025-02-28,2025-03-07,2025-03-19,vencida
2600,25.0,40,2025-03-30,2025-04-06,,vencida
2601,25.0,40,2025-04-29,2025-05-06,2025-05-01,cumplida
2602,25.0,40,2025-05-29,2025-06-05,2025-06-04,cumplida
2603,25.0,40,2025-06-28,2025-07-05,2025-07-01,cumplida
2604,25.0,40,2025-07-28,2025-08-04,2025-08-13,vencida
2605,25.0,40,2025-08-27,2025-09-03,2025-09-01,cumplida
2606,25.0,40,2025-09-26,2025-10-03,2025-09-29,cumplida
2607,25.0,40,2025-10-26,2025-11-02,2025-11-19,vencida
2608,25.0,40,2025-11-25,2025-12-02,2025-12-15,vencida
2609,25.0,40,2025-12-25,2026-01-01,2025-12-31,cumplida
2610,25.0,42,2024-01-04,2024-01-11,2024-01-05,cumplida
2611,25.0,42,2024-02-03,2024-02-10,,vencida
2612,25.0,42,2024-03-04,2024-03-11,2024-03-10,cumplida
2613,25.0,42,2024-04-03,2024-04-10,2024-04-09,cumplida
2614,25.0,42,2024-05-03,2024-05-10,,vencida
2615,25.0,42,2024-06-02,2024-06-09,,vencida
2616,25.0,42,2024-07-02,2024-07-09,2024-07-02,cumplida
2617,25.0,42,2024-08-01,2024-08-08,2024-08-07,cumplida
2618,25.0,42,2024-08-31,2024-09-07,,vencida
2619,25.0,42,2024-09-30,2024-10-07,,vencida
2620,25.0,42,2024-10-30,2024-11-06,2024-11-05,cumplida
2621,25.0,42,2024-11-29,2024-12-06,,vencida
2622,25.0,42,2024-12-29,2025-01-05,2024-12-31,cumplida
2623,25.0,42,2025-01-28,2025-02-04,,vencida
2624,25.0,42,2025-02-27,2025-03-06,2025-03-03,cumplida
2625,25.0,42,2025-03-29,2025-04-05,2025-04-12,vencida
2626,25.0,42,2025-04-28,2025-05-05,2025-05-04,cumplida
2627,25.0,42,2025-05-28,2025-06-04,2025-06-02,cumplida
2628,25.0,42,2025-06-27,2025-07-04,2025-07-15,vencida
2629,25.0,42,2025-07-27,2025-08-03,2025-07-31,cumplida
2630,25.0,42,2025-08-26,2025-09-02,2025-08-30,cumplida
2631,25.0,42,2025-09-25,2025-10-02,2025-09-26,cumplida
2632,25.0,42,2025-10-25,2025-11-01,2025-10-25,cumplida
2633,25.0,42,2025-11-24,2025-12-01,,vencida
2634,25.0,42,2025-12-24,2025-12-31,,vencida
2635,25.0,79,2024-01-22,2024-01-29,,vencida
2636,25.0,79,2024-02-21,2024-02-28,,anulada
2637,25.0,79,2024-03-22,2024-03-29,2024-03-23,cumplida
2638,25.0,79,2024-04-21,2024-04-28,2024-04-22,cumplida
2639,25.0,79,2024-05-21,2024-05-28,2024-06-06,vencida
2640,25.0,79,2024-06-20,2024-06-27,2024-06-23,cumplida
2641,25.0,79,2024-07-20,2024-07-27,2024-07-23,cumplida
2642,25.0,79,2024-08-19,2024-08-26,2024-08-20,cumplida
2643,25.0,79,2024-09-18,2024-09-25,2024-09-20,cumplida
2644,25.0,79,2024-10-18,2024-10-25,2024-10-18,cumplida
2645,25.0,79,2024-11-17,2024-11-24,2024-11-23,cumplida
2646,25.0,79,2024-12-17,2024-12-24,2024-12-19,cumplida
2647,25.0,79,2025-01-16,2025-01-23,,vencida
2648,25.0,79,2025-02-15,2025-02-22,2025-02-19,cumplida
2649,25.0,79,2025-03-17,2025-03-24,2025-03-20,cumplida
2650,25.0,79,2025-04-16,2025-04-23,2025-04-22,cumplida
2651,25.0,79,2025-05-16,2025-05-23,2025-05-21,cumplida
2652,25.0,79,2025-06-15,2025-06-22,2025-06-16,cumplida
2653,25.0,79,2025-07-15,2025-07-22,2025-07-18,cumplida
2654,25.0,79,2025-08-14,2025-08-21,2025-08-30,vencida
2655,25.0,79,2025-09-13,2025-09-20,2025-09-17,cumplida
2656,25.0,79,2025-10-13,2025-10-20,2025-10-13,cumplida
2657,25.0,79,2025-11-12,2025-11-19,2025-11-14,cumplida
2658,25.0,79,2025-12-12,2025-12-19,,vencida
2659,25.0,80,2024-01-19,2024-01-26,2024-01-25,cumplida
2660,25.0,80,2024-02-18,2024-02-25,2024-02-22,cumplida
2661,25.0,80,2024-03-19,2024-03-26,2024-03-25,cumplida
2662,25.0,80,2024-04-18,2024-04-25,2024-04-20,cumplida
2663,25.0,80,2024-05-18,2024-05-25,2024-05-20,cumplida
2664,25.0,80,2024-06-17,2024-06-24,2024-06-19,cumplida
2665,25.0,80,2024-07-17,2024-07-24,2024-08-04,vencida
2666,25.0,80,2024-08-16,2024-08-23,2024-08-21,cumplida
2667,25.0,80,2024-09-15,2024-09-22,2024-09-16,cumplida
2668,25.0,80,2024-10-15,2024-10-22,2024-10-17,cumplida
2669,25.0,80,2024-11-14,2024-11-21,2024-11-17,cumplida
2670,25.0,80,2024-12-14,2024-12-21,2024-12-18,cumplida
2671,25.0,80,2025-01-13,2025-01-20,2025-01-17,cumplida
2672,25.0,80,2025-02-12,2025-02-19,,vencida
2673,25.0,80,2025-03-14,2025-03-21,2025-03-16,cumplida
2674,25.0,80,2025-04-13,2025-04-20,,vencida
2675,25.0,80,2025-05-13,2025-05-20,2025-05-19,cumplida
2676,25.0,80,2025-06-12,2025-06-19,,vencida
2677,25.0,80,2025-07-12,2025-07-19,,vencida
2678,25.0,80,2025-08-11,2025-08-18,2025-08-13,cumplida
2679,25.0,80,2025-09-10,2025-09-17,2025-09-24,vencida
2680,25.0,80,2025-10-10,2025-10-17,2025-10-15,cumplida
2681,25.0,80,2025-11-09,2025-11-16,2025-11-14,cumplida
2682,25.0,80,2025-12-09,2025-12-16,2025-12-18,vencida
2683,25.0,81,2024-01-15,2024-01-22,,vencida
2684,25.0,81,2024-02-14,2024-02-21,2024-02-15,cumplida
2685,25.0,81,2024-03-15,2024-03-22,2024-03-21,cumplida
2686,25.0,81,2024-04-14,2024-04-21,2024-04-17,cumplida
2687,25.0,81,2024-05-14,2024-05-21,2024-05-17,cumplida
2688,25.0,81,2024-06-13,2024-06-20,2024-06-16,cumplida
2689,25.0,81,2024-07-13,2024-07-20,,vencida
2690,25.0,81,2024-08-12,2024-08-19,2024-08-30,vencida
2691,25.0,81,2024-09-11,2024-09-18,2024-09-16,cumplida
2692,25.0,81,2024-10-11,2024-10-18,,vencida
2693,25.0,81,2024-11-10,2024-11-17,2024-11-10,cumplida
2694,25.0,81,2024-12-10,2024-12-17,,vencida
2695,25.0,81,2025-01-09,2025-01-16,2025-01-15,cumplida
2696,25.0,81,2025-02-08,2025-02-15,2025-02-22,vencida
2697,25.0,81,2025-03-10,2025-03-17,2025-03-14,cumplida
2698,25.0,81,2025-04-09,2025-04-16,,vencida
2699,25.0,81,2025-05-09,2025-05-16,,anulada
2700,25.0,81,2025-06-08,2025-06-15,2025-06-11,cumplida
2701,25.0,81,2025-07-08,2025-07-15,2025-07-14,cumplida
2702,25.0,81,2025-08-07,2025-08-14,,vencida
2703,25.0,81,2025-09-06,2025-09-13,2025-09-12,cumplida
2704,25.0,81,2025-10-06,2025-10-13,2025-10-08,cumplida
2705,25.0,81,2025-11-05,2025-11-12,2025-11-10,cumplida
2706,25.0,81,2025-12-05,2025-12-12,,vencida
2707,25.0,111,2024-01-08,2024-01-15,2024-01-09,cumplida
2708,25.0,111,2024-02-07,2024-02-14,2024-02-07,cumplida
2709,25.0,111,2024-03-08,2024-03-15,2024-03-17,vencida
2710,25.0,111,2024-04-07,2024-04-14,2024-04-10,cumplida
2711,25.0,111,2024-05-07,2024-05-14,,vencida
2712,25.0,111,2024-06-06,2024-06-13,2024-06-06,cumplida
2713,25.0,111,2024-07-06,2024-07-13,2024-07-11,cumplida
2714,25.0,111,2024-08-05,2024-08-12,,anulada
2715,25.0,111,2024-09-04,2024-09-11,,anulada
2716,25.0,111,2024-10-04,2024-10-11,2024-10-06,cumplida
2717,25.0,111,2024-11-03,2024-11-10,2024-11-05,cumplida
2718,25.0,111,2024-12-03,2024-12-10,2024-12-29,vencida
2719,25.0,111,2025-01-02,2025-01-09,2025-01-05,cumplida
2720,25.0,111,2025-02-01,2025-02-08,2025-02-07,cumplida
2721,25.0,111,2025-03-03,2025-03-10,2025-03-03,cumplida
2722,25.0,111,2025-04-02,2025-04-09,,vencida
2723,25.0,111,2025-05-02,2025-05-09,2025-05-05,cumplida
2724,25.0,111,2025-06-01,2025-06-08,2025-06-02,cumplida
2725,25.0,111,2025-07-01,2025-07-08,2025-07-27,vencida
2726,25.0,111,2025-07-31,2025-08-07,2025-08-21,vencida
2727,25.0,111,2025-08-30,2025-09-06,2025-09-01,cumplida
2728,25.0,111,2025-09-29,2025-10-06,2025-10-05,cumplida
2729,25.0,111,2025-10-29,2025-11-05,2025-10-29,cumplida
2730,25.0,111,2025-11-28,2025-12-05,2025-11-28,cumplida
2731,25.0,111,2025-12-28,2026-01-04,,pendiente
2732,25.0,130,2024-01-03,2024-01-10,2024-01-07,cumplida
2733,25.0,130,2024-02-02,2024-02-09,,vencida
2734,25.0,130,2024-03-03,2024-03-10,,vencida
2735,25.0,130,2024-04-02,2024-04-09,2024-04-04,cumplida
2736,25.0,130,2024-05-02,2024-05-09,2024-05-04,cumplida
2737,25.0,130,2024-06-01,2024-06-08,,vencida
2738,25.0,130,2024-07-01,2024-07-08,2024-07-06,cumplida
2739,25.0,130,2024-07-31,2024-08-07,2024-08-04,cumplida
2740,25.0,130,2024-08-30,2024-09-06,2024-08-30,cumplida
2741,25.0,130,2024-09-29,2024-10-06,2024-10-03,cumplida
2742,25.0,130,2024-10-29,2024-11-05,2024-11-06,vencida
2743,25.0,130,2024-11-28,2024-12-05,2024-12-04,cumplida
2744,25.0,130,2024-12-28,2025-01-04,2025-01-18,vencida
2745,25.0,130,2025-01-27,2025-02-03,2025-02-19,vencida
2746,25.0,130,2025-02-26,2025-03-05,2025-03-03,cumplida
2747,25.0,130,2025-03-28,2025-04-04,2025-04-16,vencida
2748,25.0,130,2025-04-27,2025-05-04,2025-05-02,cumplida
2749,25.0,130,2025-05-27,2025-06-03,2025-06-06,vencida
2750,25.0,130,2025-06-26,2025-07-03,2025-06-28,cumplida
2751,25.0,130,2025-07-26,2025-08-02,2025-08-19,vencida
2752,25.0,130,2025-08-25,2025-09-01,2025-08-26,cumplida
2753,25.0,130,2025-09-24,2025-10-01,2025-09-24,cumplida
2754,25.0,130,2025-10-24,2025-10-31,2025-10-29,cumplida
2755,25.0,130,2025-11-23,2025-11-30,2025-11-27,cumplida
2756,25.0,130,2025-12-23,2025-12-30,,pendiente
2757,25.0,136,2024-01-18,2024-01-25,2024-02-08,vencida
2758,25.0,136,2024-02-17,2024-02-24,2024-02-23,cumplida
2759,25.0,136,2024-03-18,2024-03-25,,vencida
2760,25.0,136,2024-04-17,2024-04-24,2024-04-19,cumplida
2761,25.0,136,2024-05-17,2024-05-24,2024-05-23,cumplida
2762,25.0,136,2024-06-16,2024-06-23,2024-06-17,cumplida
2763,25.0,136,2024-07-16,2024-07-23,2024-07-20,cumplida
2764,25.0,136,2024-08-15,2024-08-22,2024-09-08,vencida
2765,25.0,136,2024-09-14,2024-09-21,2024-09-16,cumplida
2766,25.0,136,2024-10-14,2024-10-21,2024-10-19,cumplida
2767,25.0,136,2024-11-13,2024-11-20,2024-11-23,vencida
2768,25.0,136,2024-12-13,2024-12-20,2024-12-16,cumplida
2769,25.0,136,2025-01-12,2025-01-19,2025-01-16,cumplida
2770,25.0,136,2025-02-11,2025-02-18,2025-02-11,cumplida
2771,25.0,136,2025-03-13,2025-03-20,,anulada
2772,25.0,136,2025-04-12,2025-04-19,,vencida
2773,25.0,136,2025-05-12,2025-05-19,2025-05-18,cumplida
2774,25.0,136,2025-06-11,2025-06-18,2025-06-17,cumplida
2775,25.0,136,2025-07-11,2025-07-18,,vencida
2776,25.0,136,2025-08-10,2025-08-17,2025-08-13,cumplida
2777,25.0,136,2025-09-09,2025-09-16,2025-09-12,cumplida
2778,25.0,136,2025-10-09,2025-10-16,2025-10-13,cumplida
2779,25.0,136,2025-11-08,2025-11-15,,vencida
2780,25.0,136,2025-12-08,2025-12-15,2025-12-11,cumplida
2781,25.0,144,2024-01-07,2024-01-14,2024-01-08,cumplida
2782,25.0,144,2024-02-06,2024-02-13,2024-02-09,cumplida
2783,25.0,144,2024-03-07,2024-03-14,,vencida
2784,25.0,144,2024-04-06,2024-04-13,2024-04-11,cumplida
2785,25.0,144,2024-05-06,2024-05-13,,anulada
2786,25.0,144,2024-06-05,2024-06-12,2024-06-17,vencida
2787,25.0,144,2024-07-05,2024-07-12,2024-07-11,cumplida
2788,25.0,144,2024-08-04,2024-08-11,2024-08-19,vencida
2789,25.0,144,2024-09-03,2024-09-10,2024-09-04,cumplida
2790,25.0,144,2024-10-03,2024-10-10,2024-10-08,cumplida
2791,25.0,144,2024-11-02,2024-11-09,2024-11-07,cumplida
2792,25.0,144,2024-12-02,2024-12-09,2024-12-02,cumplida
2793,25.0,144,2025-01-01,2025-01-08,2025-01-27,vencida
2794,25.0,144,2025-01-31,2025-02-07,,anulada
2795,25.0,144,2025-03-02,2025-03-09,2025-03-25,vencida
2796,25.0,144,2025-04-01,2025-04-08,2025-04-04,cumplida
2797,25.0,144,2025-05-01,2025-05-08,,vencida
2798,25.0,144,2025-05-31,2025-06-07,2025-06-02,cumplida
2799,25.0,144,2025-06-30,2025-07-07,2025-06-30,cumplida
2800,25.0,144,2025-07-30,2025-08-06,2025-08-04,cumplida
2801,25.0,144,2025-08-29,2025-09-05,2025-09-03,cumplida
2802,25.0,144,2025-09-28,2025-10-05,2025-09-28,cumplida
2803,25.0,144,2025-10-28,2025-11-04,2025-10-28,cumplida
2804,25.0,144,2025-11-27,2025-12-04,2025-11-28,cumplida
2805,25.0,144,2025-12-27,2026-01-03,,pendiente
2806,25.0,146,2024-01-18,2024-01-25,2024-02-05,vencida
2807,25.0,146,2024-02-17,2024-02-24,2024-03-13,vencida
2808,25.0,146,2024-03-18,2024-03-25,,vencida
2809,25.0,146,2024-04-17,2024-04-24,,vencida
2810,25.0,146,2024-05-17,2024-05-24,2024-05-17,cumplida
2811,25.0,146,2024-06-16,2024-06-23,2024-06-19,cumplida
2812,25.0,146,2024-07-16,2024-07-23,,vencida
2813,25.0,146,2024-08-15,2024-08-22,,vencida
2814,25.0,146,2024-09-14,2024-09-21,2024-09-14,cumplida
2815,25.0,146,2024-10-14,2024-10-21,2024-10-14,cumplida
2816,25.0,146,2024-11-13,2024-11-20,2024-11-18,cumplida
2817,25.0,146,2024-12-13,2024-12-20,,vencida
2818,25.0,146,2025-01-12,2025-01-19,2025-01-14,cumplida
2819,25.0,146,2025-02-11,2025-02-18,2025-02-13,cumplida
2820,25.0,146,2025-03-13,2025-03-20,2025-03-19,cumplida
2821,25.0,146,2025-04-12,2025-04-19,2025-04-30,vencida
2822,25.0,146,2025-05-12,2025-05-19,2025-05-17,cumplida
2823,25.0,146,2025-06-11,2025-06-18,2025-06-30,vencida
2824,25.0,146,2025-07-11,2025-07-18,2025-07-14,cumplida
2825,25.0,146,2025-08-10,2025-08-17,2025-08-13,cumplida
2826,25.0,146,2025-09-09,2025-09-16,,vencida
2827,25.0,146,2025-10-09,2025-10-16,2025-10-13,cumplida
2828,25.0,146,2025-11-08,2025-11-15,2025-11-14,cumplida
2829,25.0,146,2025-12-08,2025-12-15,2025-12-12,cumplida
2830,,102,2025-09-12,2025-09-27,,vencida
2831,,2,2024-07-23,2024-08-22,2024-08-16,cumplida
2832,,80,2025-03-27,2025-04-11,2025-04-10,cumplida
2833,,24,2025-10-16,2025-11-15,2025-11-05,cumplida
2834,,146,2025-09-16,2025-09-23,,vencida
2835,,39,2024-06-30,2024-07-30,2024-07-09,cumplida
2836,,83,2024-11-27,2024-12-27,,vencida
2837,,90,2025-10-25,2025-11-24,2025-10-28,cumplida
2838,,12,2024-09-20,2024-10-20,2024-11-07,vencida
2839,,121,2024-04-18,2024-04-25,2024-05-08,vencida
2840,,81,2025-08-06,2025-08-13,,vencida
2841,,90,2024-08-04,2024-08-11,2024-08-06,cumplida
2842,,76,2024-10-29,2024-11-13,2024-11-08,cumplida
2843,,47,2025-08-23,2025-08-30,2025-09-14,vencida
2844,,127,2024-01-22,2024-02-21,,vencida
2845,,52,2024-10-06,2024-10-13,2024-10-10,cumplida
2846,,104,2024-04-30,2024-05-15,2024-05-13,cumplida
2847,,108,2025-09-09,2025-10-09,,vencida
2848,,45,2025-06-23,2025-07-23,,vencida
2849,,47,2024-03-31,2024-04-30,2024-04-23,cumplida
2850,,22,2025-03-09,2025-03-16,,vencida
2851,,19,2025-07-20,2025-07-27,2025-07-23,cumplida
2852,,99,2025-05-20,2025-05-27,2025-05-24,cumplida
2853,,26,2025-08-02,2025-08-17,2025-08-11,cumplida
2854,,18,2025-12-24,2025-12-31,2025-12-26,cumplida
2855,,2,2025-11-05,2025-11-12,2025-11-13,vencida
2856,,83,2025-12-25,2026-01-09,,pendiente
2857,,88,2024-10-10,2024-10-17,,vencida
2858,,85,2025-10-17,2025-10-24,2025-10-23,cumplida
2859,,130,2024-10-29,2024-11-13,2024-11-12,cumplida
2860,,25,2025-03-29,2025-04-05,,vencida
2861,,41,2025-06-10,2025-06-17,2025-06-16,cumplida
2862,,66,2025-03-10,2025-03-17,2025-03-14,cumplida
2863,,44,2024-09-07,2024-09-22,2024-09-18,cumplida
2864,,144,2025-09-02,2025-09-09,,anulada
2865,,4,2024-02-07,2024-02-22,2024-02-14,cumplida
2866,,24,2024-06-17,2024-07-17,,vencida
2867,,129,2025-09-04,2025-09-11,2025-09-08,cumplida
2868,,92,2025-03-21,2025-03-28,2025-03-27,cumplida
2869,,83,2025-01-18,2025-02-02,2025-02-15,vencida
2870,,111,2025-05-09,2025-05-24,2025-05-22,cumplida
2871,,108,2025-07-11,2025-07-26,,anulada
2872,,40,2025-07-07,2025-08-06,2025-07-22,cumplida
2873,,144,2024-04-19,2024-05-04,2024-04-20,cumplida
2874,,135,2025-01-10,2025-02-09,2025-02-01,cumplida
2875,,3,2024-01-26,2024-02-25,2024-02-24,cumplida
2876,,53,2025-01-14,2025-01-29,2025-01-26,cumplida
2877,,60,2025-11-16,2025-11-23,2025-11-22,cumplida
2878,,115,2025-10-11,2025-10-26,2025-10-25,cumplida
2879,,59,2024-04-26,2024-05-26,2024-05-29,vencida
2880,,70,2024-04-19,2024-05-04,2024-05-14,vencida
2881,,141,2024-07-12,2024-07-19,2024-08-02,vencida
2882,,102,2024-05-25,2024-06-24,2024-06-14,cumplida
2883,,126,2025-12-18,2026-01-17,,pendiente
2884,,36,2024-06-03,2024-06-18,2024-06-12,cumplida
2885,,70,2025-10-04,2025-11-03,2025-10-09,cumplida
2886,,96,2025-10-03,2025-10-18,2025-10-10,cumplida
2887,,56,2024-10-28,2024-11-12,2024-11-01,cumplida
2888,,13,2025-06-25,2025-07-10,2025-06-30,cumplida
2889,,109,2025-01-24,2025-02-23,,vencida
